Income,Property,Amount,Budget,Category,Date,Monthly Overview,Type
เงินเดือน กันยายน,Yes,"THB 22,830.00","THB 22,830.00",Salary,"September 26, 2023",September 23 (https://app.notion.com/p/September-23-3ba5bba5d6404641a57d8636a0f504c0?pvs=21),🏧เงินเดือนจาก สสจ._SEP23 (https://app.notion.com/p/_SEP23-8d96b7ec6f3046168b04236dfc5ab571?pvs=21)
OPD นอก (8hr),Yes,"THB 2,000.00","THB 2,000.00",Top up,"September 30, 2023",September 23 (https://app.notion.com/p/September-23-3ba5bba5d6404641a57d8636a0f504c0?pvs=21),👍🏼เงิน top up_SEP23 (https://app.notion.com/p/top-up_SEP23-1469ad01d1ba4090b6750cf84534e5e9?pvs=21)
ปกส (8hr),Yes,"THB 2,000.00","THB 2,000.00",Top up,"September 30, 2023",September 23 (https://app.notion.com/p/September-23-3ba5bba5d6404641a57d8636a0f504c0?pvs=21),👍🏼เงิน top up_SEP23 (https://app.notion.com/p/top-up_SEP23-1469ad01d1ba4090b6750cf84534e5e9?pvs=21)
ปกส (4hr),Yes,"THB 1,000.00","THB 1,000.00",Top up,"September 30, 2023",September 23 (https://app.notion.com/p/September-23-3ba5bba5d6404641a57d8636a0f504c0?pvs=21),👍🏼เงิน top up_SEP23 (https://app.notion.com/p/top-up_SEP23-1469ad01d1ba4090b6750cf84534e5e9?pvs=21)
ซื้อ TTCM,Yes,THB 990.00,THB 990.00,On duty,"October 14, 2023",October 23 (https://app.notion.com/p/October-23-95c03717e18a4af88306a469f4545489?pvs=21),💉TTCM_OCT23 (https://app.notion.com/p/TTCM_OCT23-a131ff9122c04b188b1949b585ac2c60?pvs=21)
Hour cost ปกส.นอก 4hr,Yes,THB 400.00,THB 400.00,On duty,"October 10, 2023",October 23 (https://app.notion.com/p/October-23-95c03717e18a4af88306a469f4545489?pvs=21),⌚เงินรายชั่วโมง_OCT23 (https://app.notion.com/p/_OCT23-3627a2ed16ae485c8319061ff0de6bf1?pvs=21)
DF cost,Yes,THB 330.00,THB 330.00,On duty,"October 10, 2023",October 23 (https://app.notion.com/p/October-23-95c03717e18a4af88306a469f4545489?pvs=21),🤷‍♂️เงิน DF_OCT23 (https://app.notion.com/p/DF_OCT23-ce1595388c57490295fde4226623ce1b?pvs=21)
ซื้อ OPD นอกเวลา 8ชั่วโมง,Yes,"THB 2,000.00","THB 2,000.00",Top up,"November 3, 2023",November 23 (https://app.notion.com/p/November-23-c8396e4196554a6285d1dae048bfe66c?pvs=21),👍🏼เงิน top up_NOV23 (https://app.notion.com/p/top-up_NOV23-b9ded8b4fc4345438183cd62f8f517aa?pvs=21)
เงินเดือน,Yes,"THB 22,830.00","THB 22,830.00",Salary,"October 7, 2023",October 23 (https://app.notion.com/p/October-23-95c03717e18a4af88306a469f4545489?pvs=21),🏧เงินเดือนจาก สสจ._OCT23 (https://app.notion.com/p/_OCT23-ac108831792c41a5a64ae6dc5780c8df?pvs=21)
ซื้อ ปกส. นอกเวลา 4ชั่วโมง,Yes,"THB 1,000.00","THB 1,000.00",Top up,"November 22, 2023",November 23 (https://app.notion.com/p/November-23-c8396e4196554a6285d1dae048bfe66c?pvs=21),👍🏼เงิน top up_NOV23 (https://app.notion.com/p/top-up_NOV23-b9ded8b4fc4345438183cd62f8f517aa?pvs=21)
ซื้อ ปกส. นอกเวลา 4ชั่วโมง,Yes,"THB 1,000.00","THB 1,000.00",Top up,"October 30, 2023",October 23 (https://app.notion.com/p/October-23-95c03717e18a4af88306a469f4545489?pvs=21),👍🏼เงิน top up_OCT23 (https://app.notion.com/p/top-up_OCT23-bcce5b881942444692bef06ca373511a?pvs=21)
Hour cost,Yes,THB 400.00,THB 400.00,On duty,"October 30, 2023",October 23 (https://app.notion.com/p/October-23-95c03717e18a4af88306a469f4545489?pvs=21),⌚เงินรายชั่วโมง_OCT23 (https://app.notion.com/p/_OCT23-3627a2ed16ae485c8319061ff0de6bf1?pvs=21)
DF cost,Yes,THB 180.00,THB 180.00,On duty,"October 30, 2023",October 23 (https://app.notion.com/p/October-23-95c03717e18a4af88306a469f4545489?pvs=21),🤷‍♂️เงิน DF_OCT23 (https://app.notion.com/p/DF_OCT23-ce1595388c57490295fde4226623ce1b?pvs=21)
ค่าชั่วโมงและDF,Yes,"THB 3,440.00","THB 3,440.00",On duty,"September 30, 2023",September 23 (https://app.notion.com/p/September-23-3ba5bba5d6404641a57d8636a0f504c0?pvs=21),🤷‍♂️เงิน DF_SEP23 (https://app.notion.com/p/DF_SEP23-c4e3dc33943c48879c50f3991a158b2e?pvs=21)
เวรเหมา,Yes,"THB 10,000.00","THB 10,000.00",On duty,"September 30, 2023",September 23 (https://app.notion.com/p/September-23-3ba5bba5d6404641a57d8636a0f504c0?pvs=21),👝เงินเวรเหมา_SEP23 (https://app.notion.com/p/_SEP23-dbf039431b5d4235bbc8d79b96fe29b3?pvs=21)
TTCM,Yes,THB 990.00,THB 990.00,On duty,"September 23, 2023",September 23 (https://app.notion.com/p/September-23-3ba5bba5d6404641a57d8636a0f504c0?pvs=21),💉TTCM_SEP23 (https://app.notion.com/p/TTCM_SEP23-dec188eb87e24518b0c53c736848364b?pvs=21)
Hour cost,Yes,THB 800.00,THB 800.00,On duty,"November 3, 2023",November 23 (https://app.notion.com/p/November-23-c8396e4196554a6285d1dae048bfe66c?pvs=21),⌚เงินรายชั่วโมง_NOV23 (https://app.notion.com/p/_NOV23-f873b23e25d14669985452048f89178c?pvs=21)
DF cost,Yes,THB 660.00,THB 660.00,On duty,"November 3, 2023",November 23 (https://app.notion.com/p/November-23-c8396e4196554a6285d1dae048bfe66c?pvs=21),🤷‍♂️เงิน DF_NOV23 (https://app.notion.com/p/DF_NOV23-4916b9e960574de1af6be3f94ecb7d58?pvs=21)
เวรเหมา 1หมื่น,Yes,"THB 10,000.00","THB 10,000.00",On duty,"October 7, 2023",October 23 (https://app.notion.com/p/October-23-95c03717e18a4af88306a469f4545489?pvs=21),👝เงินเวรเหมา_OCT23 (https://app.notion.com/p/_OCT23-1ebdf3ec9e924b4fa50618f53ebaa7f2?pvs=21)
Hour cost,Yes,THB 400.00,THB 400.00,On duty,"November 22, 2023",November 23 (https://app.notion.com/p/November-23-c8396e4196554a6285d1dae048bfe66c?pvs=21),⌚เงินรายชั่วโมง_NOV23 (https://app.notion.com/p/_NOV23-f873b23e25d14669985452048f89178c?pvs=21)
DF cost,Yes,THB 430.00,THB 330.00,On duty,"November 22, 2023",November 23 (https://app.notion.com/p/November-23-c8396e4196554a6285d1dae048bfe66c?pvs=21),🤷‍♂️เงิน DF_NOV23 (https://app.notion.com/p/DF_NOV23-4916b9e960574de1af6be3f94ecb7d58?pvs=21)
เงินเดือน,Yes,"THB 22,830.00","THB 22,830.00",Salary,"November 27, 2023",November 23 (https://app.notion.com/p/November-23-c8396e4196554a6285d1dae048bfe66c?pvs=21),🏧เงินเดือนจาก สสจ._NOV23 (https://app.notion.com/p/_NOV23-3d70bfc400c8424a85532171a6617db3?pvs=21)
ซื้อ OPD นอกเวลา 8ชั่วโมง,Yes,"THB 2,500.00","THB 2,500.00",Top up,"December 2, 2023",December 23 (https://app.notion.com/p/December-23-1c2fab811b314bb19c10918d4586716a?pvs=21),👍🏼เงิน top up_DEC23 (https://app.notion.com/p/top-up_DEC23-f422af1fe09843b8b245c8f093731319?pvs=21)
ซื้อ ปกส. นอกเวลา 4ชั่วโมง,Yes,"THB 1,000.00","THB 1,000.00",Top up,"December 20, 2023",December 23 (https://app.notion.com/p/December-23-1c2fab811b314bb19c10918d4586716a?pvs=21),👍🏼เงิน top up_DEC23 (https://app.notion.com/p/top-up_DEC23-f422af1fe09843b8b245c8f093731319?pvs=21)
ซื้อ ปกส. นอกเวลา 8ชั่วโมง,Yes,"THB 2,000.00","THB 2,000.00",Top up,"December 16, 2023",December 23 (https://app.notion.com/p/December-23-1c2fab811b314bb19c10918d4586716a?pvs=21),👍🏼เงิน top up_DEC23 (https://app.notion.com/p/top-up_DEC23-f422af1fe09843b8b245c8f093731319?pvs=21)
Hour cost,Yes,THB 800.00,THB 800.00,On duty,"December 2, 2023",December 23 (https://app.notion.com/p/December-23-1c2fab811b314bb19c10918d4586716a?pvs=21),⌚เงินรายชั่วโมง_DEC23 (https://app.notion.com/p/_DEC23-d169ea2053744e36b02457c2cad496fe?pvs=21)
DF cost,Yes,THB 360.00,THB 360.00,On duty,"December 2, 2023",December 23 (https://app.notion.com/p/December-23-1c2fab811b314bb19c10918d4586716a?pvs=21),🤷‍♂️เงิน DF_DEC23 (https://app.notion.com/p/DF_DEC23-f0aa04eb3d4948fa9c1d9c6ab4e3dc5c?pvs=21)
Hour cost,Yes,THB 400.00,THB 400.00,On duty,"December 14, 2023",December 23 (https://app.notion.com/p/December-23-1c2fab811b314bb19c10918d4586716a?pvs=21),⌚เงินรายชั่วโมง_DEC23 (https://app.notion.com/p/_DEC23-d169ea2053744e36b02457c2cad496fe?pvs=21)
DF cost,Yes,THB 360.00,THB 360.00,On duty,"December 14, 2023",December 23 (https://app.notion.com/p/December-23-1c2fab811b314bb19c10918d4586716a?pvs=21),🤷‍♂️เงิน DF_DEC23 (https://app.notion.com/p/DF_DEC23-f0aa04eb3d4948fa9c1d9c6ab4e3dc5c?pvs=21)
Hour cost,Yes,THB 800.00,THB 800.00,On duty,"December 16, 2023",December 23 (https://app.notion.com/p/December-23-1c2fab811b314bb19c10918d4586716a?pvs=21),⌚เงินรายชั่วโมง_DEC23 (https://app.notion.com/p/_DEC23-d169ea2053744e36b02457c2cad496fe?pvs=21)
DF cost,Yes,THB 660.00,THB 660.00,On duty,"December 16, 2023",December 23 (https://app.notion.com/p/December-23-1c2fab811b314bb19c10918d4586716a?pvs=21),🤷‍♂️เงิน DF_DEC23 (https://app.notion.com/p/DF_DEC23-f0aa04eb3d4948fa9c1d9c6ab4e3dc5c?pvs=21)
เวรเหมา 1หมื่น,Yes,"THB 10,000.00","THB 10,000.00",On duty,"December 20, 2023",November 23 (https://app.notion.com/p/November-23-c8396e4196554a6285d1dae048bfe66c?pvs=21),👝เงินเวรเหมา_NOV23 (https://app.notion.com/p/_NOV23-14822635229a4661a5ddabec9c816f4d?pvs=21)
Hour cost,Yes,THB 400.00,THB 400.00,On duty,"December 20, 2023",December 23 (https://app.notion.com/p/December-23-1c2fab811b314bb19c10918d4586716a?pvs=21),⌚เงินรายชั่วโมง_DEC23 (https://app.notion.com/p/_DEC23-d169ea2053744e36b02457c2cad496fe?pvs=21)
DF cost,Yes,THB 330.00,THB 330.00,On duty,"December 20, 2023",December 23 (https://app.notion.com/p/December-23-1c2fab811b314bb19c10918d4586716a?pvs=21),🤷‍♂️เงิน DF_DEC23 (https://app.notion.com/p/DF_DEC23-f0aa04eb3d4948fa9c1d9c6ab4e3dc5c?pvs=21)
ซื้อ OPD นอกเวลา 4ชั่วโมง,Yes,"THB 1,300.00","THB 1,300.00",Top up,"December 27, 2023",December 23 (https://app.notion.com/p/December-23-1c2fab811b314bb19c10918d4586716a?pvs=21),👍🏼เงิน top up_DEC23 (https://app.notion.com/p/top-up_DEC23-f422af1fe09843b8b245c8f093731319?pvs=21)
เงินเดือน,Yes,"THB 22,830.00","THB 22,830.00",Salary,"December 26, 2023",December 23 (https://app.notion.com/p/December-23-1c2fab811b314bb19c10918d4586716a?pvs=21),🏧เงินเดือนจาก สสจ._DEC23 (https://app.notion.com/p/_DEC23-be15ea9ed82a49f8ade2cbd609f47ed1?pvs=21)
ซื้อ ปกส. นอกเวลา 4ชั่วโมง,Yes,"THB 1,000.00","THB 1,000.00",Top up,"January 22, 2024",January 24 (https://app.notion.com/p/January-24-56441661139340d5bd5b135efbc2b05b?pvs=21),👍🏼เงิน top up_JAN24 (https://app.notion.com/p/top-up_JAN24-946cb3c6224c471da8c29a087139358d?pvs=21)
ซื้อ ปกส. นอกเวลา 4ชั่วโมง,Yes,"THB 1,000.00","THB 1,000.00",Top up,"January 25, 2024",January 24 (https://app.notion.com/p/January-24-56441661139340d5bd5b135efbc2b05b?pvs=21),👍🏼เงิน top up_JAN24 (https://app.notion.com/p/top-up_JAN24-946cb3c6224c471da8c29a087139358d?pvs=21)
Hour cost,Yes,THB 400.00,THB 400.00,On duty,"December 27, 2023",December 23 (https://app.notion.com/p/December-23-1c2fab811b314bb19c10918d4586716a?pvs=21),⌚เงินรายชั่วโมง_DEC23 (https://app.notion.com/p/_DEC23-d169ea2053744e36b02457c2cad496fe?pvs=21)
DF cost,Yes,THB 270.00,THB 270.00,On duty,"December 27, 2023",December 23 (https://app.notion.com/p/December-23-1c2fab811b314bb19c10918d4586716a?pvs=21),🤷‍♂️เงิน DF_DEC23 (https://app.notion.com/p/DF_DEC23-f0aa04eb3d4948fa9c1d9c6ab4e3dc5c?pvs=21)
ซื้อ OPD นอกเวลา 8ชั่วโมง,Yes,"THB 2,300.00","THB 2,300.00",Top up,"January 4, 2024",January 24 (https://app.notion.com/p/January-24-56441661139340d5bd5b135efbc2b05b?pvs=21),👍🏼เงิน top up_JAN24 (https://app.notion.com/p/top-up_JAN24-946cb3c6224c471da8c29a087139358d?pvs=21)
Hour cost,Yes,THB 800.00,THB 800.00,On duty,"January 4, 2024",January 24 (https://app.notion.com/p/January-24-56441661139340d5bd5b135efbc2b05b?pvs=21),⌚เงินรายชั่วโมง_JAN24 (https://app.notion.com/p/_JAN24-0dac487101184ee3bfd4b2b0ae124f0d?pvs=21)
DF cost,Yes,THB 630.00,THB 630.00,On duty,"January 4, 2024",January 24 (https://app.notion.com/p/January-24-56441661139340d5bd5b135efbc2b05b?pvs=21),🤷‍♂️เงิน DF_JAN24 (https://app.notion.com/p/DF_JAN24-d6bf9c2a6cf74f34bc0ce33a9ee23f66?pvs=21)
Hour cost,Yes,THB 800.00,THB 800.00,On duty,"January 13, 2024",January 24 (https://app.notion.com/p/January-24-56441661139340d5bd5b135efbc2b05b?pvs=21),⌚เงินรายชั่วโมง_JAN24 (https://app.notion.com/p/_JAN24-0dac487101184ee3bfd4b2b0ae124f0d?pvs=21)
DF cost,Yes,THB 360.00,THB 360.00,On duty,"January 13, 2024",January 24 (https://app.notion.com/p/January-24-56441661139340d5bd5b135efbc2b05b?pvs=21),🤷‍♂️เงิน DF_JAN24 (https://app.notion.com/p/DF_JAN24-d6bf9c2a6cf74f34bc0ce33a9ee23f66?pvs=21)
เวรเหมา 1หมื่น,Yes,"THB 10,000.00","THB 10,000.00",On duty,"January 20, 2024",December 23 (https://app.notion.com/p/December-23-1c2fab811b314bb19c10918d4586716a?pvs=21),👝เงินเวรเหมา_DEC23 (https://app.notion.com/p/_DEC23-30a60d83ed4648e293c7fd8c005e56d0?pvs=21)
Palliative,Yes,"THB 3,000.00","THB 3,000.00",Top up,"February 24, 2024",February 24 (https://app.notion.com/p/February-24-3a420e7c86924500b97cd47003e31126?pvs=21),👍🏼เงิน top up_FEB24 (https://app.notion.com/p/top-up_FEB24-4f1090b2dce54c75b289f232e1cd2c89?pvs=21)
Hour cost,Yes,THB 600.00,THB 600.00,On duty,"January 22, 2024",January 24 (https://app.notion.com/p/January-24-56441661139340d5bd5b135efbc2b05b?pvs=21),⌚เงินรายชั่วโมง_JAN24 (https://app.notion.com/p/_JAN24-0dac487101184ee3bfd4b2b0ae124f0d?pvs=21)
DF cost,Yes,THB 360.00,THB 360.00,On duty,"January 22, 2024",January 24 (https://app.notion.com/p/January-24-56441661139340d5bd5b135efbc2b05b?pvs=21),🤷‍♂️เงิน DF_JAN24 (https://app.notion.com/p/DF_JAN24-d6bf9c2a6cf74f34bc0ce33a9ee23f66?pvs=21)
ซื้อ palliative,Yes,"THB 1,500.00","THB 1,500.00",Top up,"January 24, 2024",January 24 (https://app.notion.com/p/January-24-56441661139340d5bd5b135efbc2b05b?pvs=21),👍🏼เงิน top up_JAN24 (https://app.notion.com/p/top-up_JAN24-946cb3c6224c471da8c29a087139358d?pvs=21)
Hour cost,Yes,THB 600.00,THB 600.00,On duty,"January 25, 2024",January 24 (https://app.notion.com/p/January-24-56441661139340d5bd5b135efbc2b05b?pvs=21),⌚เงินรายชั่วโมง_JAN24 (https://app.notion.com/p/_JAN24-0dac487101184ee3bfd4b2b0ae124f0d?pvs=21)
DF cost,Yes,THB 240.00,THB 240.00,On duty,"January 25, 2024",January 24 (https://app.notion.com/p/January-24-56441661139340d5bd5b135efbc2b05b?pvs=21),🤷‍♂️เงิน DF_JAN24 (https://app.notion.com/p/DF_JAN24-d6bf9c2a6cf74f34bc0ce33a9ee23f66?pvs=21)
เงินเดือน,Yes,"THB 22,830.00","THB 22,830.00",Salary,"January 26, 2024",January 24 (https://app.notion.com/p/January-24-56441661139340d5bd5b135efbc2b05b?pvs=21),🏧เงินเดือนจาก สสจ._JAN24 (https://app.notion.com/p/_JAN24-54842237e54048479e33276cde2101f8?pvs=21)
Hour cost,Yes,THB 600.00,THB 600.00,On duty,"February 1, 2024",February 24 (https://app.notion.com/p/February-24-3a420e7c86924500b97cd47003e31126?pvs=21),⌚เงินรายชั่วโมง_FEB24 (https://app.notion.com/p/_FEB24-8392cde339f947a98cb4d74844dfc535?pvs=21)
DF cost,Yes,THB 330.00,THB 330.00,On duty,"February 1, 2024",February 24 (https://app.notion.com/p/February-24-3a420e7c86924500b97cd47003e31126?pvs=21),🤷‍♂️เงิน DF_FEB24 (https://app.notion.com/p/DF_FEB24-e0d0ef29d47744f885edabf3e5ad7938?pvs=21)
ซื้อ OPD นอกเวลา 8ชั่วโมง,Yes,"THB 2,500.00","THB 2,500.00",Top up,"February 25, 2024",February 24 (https://app.notion.com/p/February-24-3a420e7c86924500b97cd47003e31126?pvs=21),👍🏼เงิน top up_FEB24 (https://app.notion.com/p/top-up_FEB24-4f1090b2dce54c75b289f232e1cd2c89?pvs=21)
ซื้อ OPD นอกเวลา 8ชั่วโมง,Yes,"THB 2,400.00","THB 2,400.00",Top up,"February 12, 2024",February 24 (https://app.notion.com/p/February-24-3a420e7c86924500b97cd47003e31126?pvs=21),👍🏼เงิน top up_FEB24 (https://app.notion.com/p/top-up_FEB24-4f1090b2dce54c75b289f232e1cd2c89?pvs=21)
ซื้อ ปกส. นอกเวลา 4ชั่วโมง,Yes,"THB 1,500.00","THB 1,500.00",Top up,"February 15, 2024",February 24 (https://app.notion.com/p/February-24-3a420e7c86924500b97cd47003e31126?pvs=21),👍🏼เงิน top up_FEB24 (https://app.notion.com/p/top-up_FEB24-4f1090b2dce54c75b289f232e1cd2c89?pvs=21)
Hour cost,Yes,THB 600.00,THB 600.00,On duty,"February 15, 2024",February 24 (https://app.notion.com/p/February-24-3a420e7c86924500b97cd47003e31126?pvs=21),⌚เงินรายชั่วโมง_FEB24 (https://app.notion.com/p/_FEB24-8392cde339f947a98cb4d74844dfc535?pvs=21)
DF cost,Yes,THB 240.00,THB 240.00,On duty,"February 15, 2024",February 24 (https://app.notion.com/p/February-24-3a420e7c86924500b97cd47003e31126?pvs=21),🤷‍♂️เงิน DF_FEB24 (https://app.notion.com/p/DF_FEB24-e0d0ef29d47744f885edabf3e5ad7938?pvs=21)
ซื้อ OPD นอกเวลา 8ชั่วโมง,Yes,"THB 2,300.00","THB 2,300.00",Top up,"March 21, 2024",March 24 (https://app.notion.com/p/March-24-093317561eaa4e1ab301b34cea82ab0c?pvs=21),👍🏼เงิน top up_MAR24 (https://app.notion.com/p/top-up_MAR24-d519115a0f9841398bcc9d01c0f8f9d8?pvs=21)
DF cost,Yes,THB 630.00,THB 630.00,On duty,"February 18, 2024",February 24 (https://app.notion.com/p/February-24-3a420e7c86924500b97cd47003e31126?pvs=21),🤷‍♂️เงิน DF_FEB24 (https://app.notion.com/p/DF_FEB24-e0d0ef29d47744f885edabf3e5ad7938?pvs=21)
Hour cost,Yes,THB 800.00,THB 800.00,On duty,"February 18, 2024",February 24 (https://app.notion.com/p/February-24-3a420e7c86924500b97cd47003e31126?pvs=21),⌚เงินรายชั่วโมง_FEB24 (https://app.notion.com/p/_FEB24-8392cde339f947a98cb4d74844dfc535?pvs=21)
เวรเหมา 1หมื่น,Yes,"THB 10,000.00","THB 10,000.00",On duty,"February 20, 2024",January 24 (https://app.notion.com/p/January-24-56441661139340d5bd5b135efbc2b05b?pvs=21),👝เงินเวรเหมา_JAN24 (https://app.notion.com/p/_JAN24-a9e4857e151441739e19a75129ceb899?pvs=21)
DF cost,Yes,THB 420.00,THB 420.00,On duty,"February 25, 2024",February 24 (https://app.notion.com/p/February-24-3a420e7c86924500b97cd47003e31126?pvs=21),🤷‍♂️เงิน DF_FEB24 (https://app.notion.com/p/DF_FEB24-e0d0ef29d47744f885edabf3e5ad7938?pvs=21)
Hour cost,Yes,THB 800.00,THB 800.00,On duty,"February 25, 2024",February 24 (https://app.notion.com/p/February-24-3a420e7c86924500b97cd47003e31126?pvs=21),⌚เงินรายชั่วโมง_FEB24 (https://app.notion.com/p/_FEB24-8392cde339f947a98cb4d74844dfc535?pvs=21)
เงินเดือน,Yes,"THB 22,830.00","THB 22,830.00",Salary,"February 26, 2024",February 24 (https://app.notion.com/p/February-24-3a420e7c86924500b97cd47003e31126?pvs=21),🏧เงินเดือนจาก สสจ._FEB24 (https://app.notion.com/p/_FEB24-e2ef6e987fd14cb8ba29fa0a85fc5c27?pvs=21)
ซื้อ ปกส. นอกเวลา 4ชั่วโมง,Yes,"THB 1,000.00","THB 1,000.00",Top up,"March 14, 2024",March 24 (https://app.notion.com/p/March-24-093317561eaa4e1ab301b34cea82ab0c?pvs=21),👍🏼เงิน top up_MAR24 (https://app.notion.com/p/top-up_MAR24-d519115a0f9841398bcc9d01c0f8f9d8?pvs=21)
ซื้อ ปกส. นอกเวลา 4ชั่วโมง,Yes,"THB 1,000.00","THB 1,000.00",Top up,"March 9, 2024",March 24 (https://app.notion.com/p/March-24-093317561eaa4e1ab301b34cea82ab0c?pvs=21),👍🏼เงิน top up_MAR24 (https://app.notion.com/p/top-up_MAR24-d519115a0f9841398bcc9d01c0f8f9d8?pvs=21)
Hour cost,Yes,THB 600.00,THB 600.00,On duty,"March 9, 2024",March 24 (https://app.notion.com/p/March-24-093317561eaa4e1ab301b34cea82ab0c?pvs=21),⌚เงินรายชั่วโมง_MAR24 (https://app.notion.com/p/_MAR24-ccd8cfbc720b4c279c77171f06baae2f?pvs=21)
DF cost,Yes,THB 300.00,THB 300.00,On duty,"March 9, 2024",March 24 (https://app.notion.com/p/March-24-093317561eaa4e1ab301b34cea82ab0c?pvs=21),🤷‍♂️เงิน DF_MAR24 (https://app.notion.com/p/DF_MAR24-d04b98e96ba8427382199e4765f2a003?pvs=21)
Hour cost,Yes,THB 600.00,THB 600.00,On duty,"March 12, 2024",March 24 (https://app.notion.com/p/March-24-093317561eaa4e1ab301b34cea82ab0c?pvs=21),⌚เงินรายชั่วโมง_MAR24 (https://app.notion.com/p/_MAR24-ccd8cfbc720b4c279c77171f06baae2f?pvs=21)
DF cost,Yes,THB 270.00,THB 270.00,On duty,"March 12, 2024",March 24 (https://app.notion.com/p/March-24-093317561eaa4e1ab301b34cea82ab0c?pvs=21),🤷‍♂️เงิน DF_MAR24 (https://app.notion.com/p/DF_MAR24-d04b98e96ba8427382199e4765f2a003?pvs=21)
Hour cost,Yes,THB 600.00,THB 600.00,On duty,"March 14, 2024",March 24 (https://app.notion.com/p/March-24-093317561eaa4e1ab301b34cea82ab0c?pvs=21),⌚เงินรายชั่วโมง_MAR24 (https://app.notion.com/p/_MAR24-ccd8cfbc720b4c279c77171f06baae2f?pvs=21)
DF cost,Yes,THB 330.00,THB 330.00,On duty,"March 14, 2024",March 24 (https://app.notion.com/p/March-24-093317561eaa4e1ab301b34cea82ab0c?pvs=21),🤷‍♂️เงิน DF_MAR24 (https://app.notion.com/p/DF_MAR24-d04b98e96ba8427382199e4765f2a003?pvs=21)
เวรเหมา 1หมื่น,Yes,"THB 10,000.00","THB 10,000.00",On duty,"March 20, 2024",February 24 (https://app.notion.com/p/February-24-3a420e7c86924500b97cd47003e31126?pvs=21),👝เงินเวรเหมา_FEB24 (https://app.notion.com/p/_FEB24-19c33c779d8849f2914f5d54250d2faf?pvs=21)
Hour cost,Yes,"THB 1,200.00","THB 1,200.00",On duty,"March 21, 2024",March 24 (https://app.notion.com/p/March-24-093317561eaa4e1ab301b34cea82ab0c?pvs=21),⌚เงินรายชั่วโมง_MAR24 (https://app.notion.com/p/_MAR24-ccd8cfbc720b4c279c77171f06baae2f?pvs=21)
DF cost,Yes,THB 390.00,THB 450.00,On duty,"March 21, 2024",March 24 (https://app.notion.com/p/March-24-093317561eaa4e1ab301b34cea82ab0c?pvs=21),🤷‍♂️เงิน DF_MAR24 (https://app.notion.com/p/DF_MAR24-d04b98e96ba8427382199e4765f2a003?pvs=21)
ซื้อ ปกส. นอกเวลา 4ชั่วโมง,Yes,"THB 1,000.00","THB 1,000.00",Top up,"March 25, 2024",March 24 (https://app.notion.com/p/March-24-093317561eaa4e1ab301b34cea82ab0c?pvs=21),👍🏼เงิน top up_MAR24 (https://app.notion.com/p/top-up_MAR24-d519115a0f9841398bcc9d01c0f8f9d8?pvs=21)
DF cost,Yes,THB 420.00,THB 420.00,On duty,"March 25, 2024",March 24 (https://app.notion.com/p/March-24-093317561eaa4e1ab301b34cea82ab0c?pvs=21),🤷‍♂️เงิน DF_MAR24 (https://app.notion.com/p/DF_MAR24-d04b98e96ba8427382199e4765f2a003?pvs=21)
Hour cost,Yes,THB 600.00,THB 600.00,On duty,"March 25, 2024",March 24 (https://app.notion.com/p/March-24-093317561eaa4e1ab301b34cea82ab0c?pvs=21),⌚เงินรายชั่วโมง_MAR24 (https://app.notion.com/p/_MAR24-ccd8cfbc720b4c279c77171f06baae2f?pvs=21)
เงินเดือน,Yes,"THB 22,830.00","THB 22,830.00",Salary,"March 26, 2024",March 24 (https://app.notion.com/p/March-24-093317561eaa4e1ab301b34cea82ab0c?pvs=21),🏧เงินเดือนจาก สสจ._MAR24 (https://app.notion.com/p/_MAR24-800ef74724da41d7882f2cfcebdbaae9?pvs=21)
ซื้อ OPD นอกเวลา 8ชั่วโมง,Yes,"THB 2,500.00","THB 2,500.00",Top up,"May 7, 2024",May 24 (https://app.notion.com/p/May-24-f03b6239b22b4b36b8d524541799d9be?pvs=21),👍🏼เงิน top up_MAY24 (https://app.notion.com/p/top-up_MAY24-4a36a3b342724f16b663703aa2167101?pvs=21)
เวรเหมา 1หมื่น,Yes,"THB 10,000.00","THB 10,000.00",On duty,"April 20, 2024",March 24 (https://app.notion.com/p/March-24-093317561eaa4e1ab301b34cea82ab0c?pvs=21),👝เงินเวรเหมา_MAR24 (https://app.notion.com/p/_MAR24-8ae940199005441ca789f2b1ec18d4f1?pvs=21)
ซื้อ ปกส. นอกเวลา 4ชั่วโมง,Yes,"THB 1,000.00","THB 1,000.00",Top up,"May 8, 2024",May 24 (https://app.notion.com/p/May-24-f03b6239b22b4b36b8d524541799d9be?pvs=21),👍🏼เงิน top up_MAY24 (https://app.notion.com/p/top-up_MAY24-4a36a3b342724f16b663703aa2167101?pvs=21)
ซื้อ ปกส. นอกเวลา 4ชั่วโมง,Yes,"THB 1,000.00","THB 1,000.00",Top up,"May 13, 2024",May 24 (https://app.notion.com/p/May-24-f03b6239b22b4b36b8d524541799d9be?pvs=21),👍🏼เงิน top up_MAY24 (https://app.notion.com/p/top-up_MAY24-4a36a3b342724f16b663703aa2167101?pvs=21)
ซื้อ ปกส. นอกเวลา 4ชั่วโมง,Yes,"THB 1,000.00","THB 1,000.00",Top up,"May 16, 2024",May 24 (https://app.notion.com/p/May-24-f03b6239b22b4b36b8d524541799d9be?pvs=21),👍🏼เงิน top up_MAY24 (https://app.notion.com/p/top-up_MAY24-4a36a3b342724f16b663703aa2167101?pvs=21)
ซื้อ ปกส. นอกเวลา 8ชั่วโมง,Yes,"THB 2,000.00","THB 2,000.00",Top up,"May 18, 2024",May 24 (https://app.notion.com/p/May-24-f03b6239b22b4b36b8d524541799d9be?pvs=21),👍🏼เงิน top up_MAY24 (https://app.notion.com/p/top-up_MAY24-4a36a3b342724f16b663703aa2167101?pvs=21)
ซื้อ ปกส. นอกเวลา 4ชั่วโมง,Yes,"THB 1,000.00","THB 1,000.00",Top up,"May 20, 2024",May 24 (https://app.notion.com/p/May-24-f03b6239b22b4b36b8d524541799d9be?pvs=21),👍🏼เงิน top up_MAY24 (https://app.notion.com/p/top-up_MAY24-4a36a3b342724f16b663703aa2167101?pvs=21)
ซื้อ ปกส. นอกเวลา 4ชั่วโมง,Yes,"THB 1,000.00","THB 1,000.00",Top up,"May 30, 2024",May 24 (https://app.notion.com/p/May-24-f03b6239b22b4b36b8d524541799d9be?pvs=21),👍🏼เงิน top up_MAY24 (https://app.notion.com/p/top-up_MAY24-4a36a3b342724f16b663703aa2167101?pvs=21)
เงินเดือน,Yes,"THB 22,830.00","THB 22,830.00",Salary,"April 26, 2024",April 24 (https://app.notion.com/p/April-24-1b9372fac5624cfd8f3765f7d898d5c5?pvs=21),🏧เงินเดือนจาก สสจ._APR24 (https://app.notion.com/p/_APR24-0d745579572f47088707acd34f063587?pvs=21)
Hour cost,Yes,"THB 1,200.00","THB 1,200.00",On duty,"May 7, 2024",May 24 (https://app.notion.com/p/May-24-f03b6239b22b4b36b8d524541799d9be?pvs=21),⌚เงินรายชั่วโมง_MAY24 (https://app.notion.com/p/_MAY24-1f0e54caef4e4746bbe743e903d28130?pvs=21)
DF cost,Yes,THB 510.00,THB 510.00,On duty,"May 7, 2024",May 24 (https://app.notion.com/p/May-24-f03b6239b22b4b36b8d524541799d9be?pvs=21),🤷‍♂️เงิน DF_MAY24 (https://app.notion.com/p/DF_MAY24-96d39811860c418785cd16ddbbb46c94?pvs=21)
Hour cost,Yes,THB 600.00,THB 600.00,On duty,"May 8, 2024",May 24 (https://app.notion.com/p/May-24-f03b6239b22b4b36b8d524541799d9be?pvs=21),⌚เงินรายชั่วโมง_MAY24 (https://app.notion.com/p/_MAY24-1f0e54caef4e4746bbe743e903d28130?pvs=21)
DF cost,Yes,THB 630.00,THB 630.00,On duty,"May 8, 2024",May 24 (https://app.notion.com/p/May-24-f03b6239b22b4b36b8d524541799d9be?pvs=21),🤷‍♂️เงิน DF_MAY24 (https://app.notion.com/p/DF_MAY24-96d39811860c418785cd16ddbbb46c94?pvs=21)
DF cost,Yes,"THB 1,050.00","THB 1,050.00",On duty,"May 11, 2024",May 24 (https://app.notion.com/p/May-24-f03b6239b22b4b36b8d524541799d9be?pvs=21),🤷‍♂️เงิน DF_MAY24 (https://app.notion.com/p/DF_MAY24-96d39811860c418785cd16ddbbb46c94?pvs=21)
Hour cost,Yes,"THB 1,200.00","THB 1,200.00",On duty,"May 11, 2024",May 24 (https://app.notion.com/p/May-24-f03b6239b22b4b36b8d524541799d9be?pvs=21),⌚เงินรายชั่วโมง_MAY24 (https://app.notion.com/p/_MAY24-1f0e54caef4e4746bbe743e903d28130?pvs=21)
Hour cost,Yes,THB 600.00,THB 600.00,On duty,"May 13, 2024",May 24 (https://app.notion.com/p/May-24-f03b6239b22b4b36b8d524541799d9be?pvs=21),⌚เงินรายชั่วโมง_MAY24 (https://app.notion.com/p/_MAY24-1f0e54caef4e4746bbe743e903d28130?pvs=21)
DF cost,Yes,THB 540.00,THB 540.00,On duty,"May 13, 2024",May 24 (https://app.notion.com/p/May-24-f03b6239b22b4b36b8d524541799d9be?pvs=21),🤷‍♂️เงิน DF_MAY24 (https://app.notion.com/p/DF_MAY24-96d39811860c418785cd16ddbbb46c94?pvs=21)
Hour cost,Yes,THB 600.00,THB 600.00,On duty,"May 16, 2024",May 24 (https://app.notion.com/p/May-24-f03b6239b22b4b36b8d524541799d9be?pvs=21),⌚เงินรายชั่วโมง_MAY24 (https://app.notion.com/p/_MAY24-1f0e54caef4e4746bbe743e903d28130?pvs=21)
DF cost,Yes,THB 300.00,THB 300.00,On duty,"May 16, 2024",May 24 (https://app.notion.com/p/May-24-f03b6239b22b4b36b8d524541799d9be?pvs=21),🤷‍♂️เงิน DF_MAY24 (https://app.notion.com/p/DF_MAY24-96d39811860c418785cd16ddbbb46c94?pvs=21)
Hour cost,Yes,"THB 1,200.00","THB 1,200.00",On duty,"May 18, 2024",May 24 (https://app.notion.com/p/May-24-f03b6239b22b4b36b8d524541799d9be?pvs=21),⌚เงินรายชั่วโมง_MAY24 (https://app.notion.com/p/_MAY24-1f0e54caef4e4746bbe743e903d28130?pvs=21)
DF cost,Yes,THB 690.00,THB 690.00,On duty,"May 18, 2024",May 24 (https://app.notion.com/p/May-24-f03b6239b22b4b36b8d524541799d9be?pvs=21),🤷‍♂️เงิน DF_MAY24 (https://app.notion.com/p/DF_MAY24-96d39811860c418785cd16ddbbb46c94?pvs=21)
Hour cost,Yes,THB 600.00,THB 600.00,On duty,"May 20, 2024",May 24 (https://app.notion.com/p/May-24-f03b6239b22b4b36b8d524541799d9be?pvs=21),⌚เงินรายชั่วโมง_MAY24 (https://app.notion.com/p/_MAY24-1f0e54caef4e4746bbe743e903d28130?pvs=21)
DF cost,Yes,THB 300.00,THB 300.00,On duty,"May 20, 2024",May 24 (https://app.notion.com/p/May-24-f03b6239b22b4b36b8d524541799d9be?pvs=21),🤷‍♂️เงิน DF_MAY24 (https://app.notion.com/p/DF_MAY24-96d39811860c418785cd16ddbbb46c94?pvs=21)
เงินเดือน,Yes,"THB 22,830.00","THB 22,830.00",Salary,"May 26, 2024",May 24 (https://app.notion.com/p/May-24-f03b6239b22b4b36b8d524541799d9be?pvs=21),🏧เงินเดือนจาก สสจ._MAY24 (https://app.notion.com/p/_MAY24-96a7763bc3aa4a7a987d2af88b5672fc?pvs=21)
Hour cost,Yes,THB 600.00,THB 600.00,On duty,"May 30, 2024",May 24 (https://app.notion.com/p/May-24-f03b6239b22b4b36b8d524541799d9be?pvs=21),⌚เงินรายชั่วโมง_MAY24 (https://app.notion.com/p/_MAY24-1f0e54caef4e4746bbe743e903d28130?pvs=21)
DF cost,Yes,THB 540.00,THB 540.00,On duty,"May 30, 2024",May 24 (https://app.notion.com/p/May-24-f03b6239b22b4b36b8d524541799d9be?pvs=21),🤷‍♂️เงิน DF_MAY24 (https://app.notion.com/p/DF_MAY24-96d39811860c418785cd16ddbbb46c94?pvs=21)
ซื้อ ปกส. นอกเวลา 4ชั่วโมง,Yes,"THB 1,000.00","THB 1,000.00",Top up,"June 4, 2024",June 24 (https://app.notion.com/p/June-24-f0a893fb46524332a4cc44e0f7215b9f?pvs=21),👍🏼เงิน top up_JUN24 (https://app.notion.com/p/top-up_JUN24-7abfb29929b3494883ad14cf4d115b9f?pvs=21)
Hour cost,Yes,THB 600.00,THB 600.00,On duty,"June 4, 2024",June 24 (https://app.notion.com/p/June-24-f0a893fb46524332a4cc44e0f7215b9f?pvs=21),⌚เงินรายชั่วโมง_JUN24 (https://app.notion.com/p/_JUN24-40e5cdaf054b43b68377460e6acd2a63?pvs=21)
DF cost,Yes,THB 240.00,THB 240.00,On duty,"June 4, 2024",June 24 (https://app.notion.com/p/June-24-f0a893fb46524332a4cc44e0f7215b9f?pvs=21),🤷‍♂️เงิน DF_JUN24 (https://app.notion.com/p/DF_JUN24-7dd77c76e45e47e6b127bcc92e5cf4e8?pvs=21)
ซื้อ ปกส. นอกเวลา 4ชั่วโมง,Yes,"THB 1,200.00","THB 1,200.00",Top up,"June 7, 2024",June 24 (https://app.notion.com/p/June-24-f0a893fb46524332a4cc44e0f7215b9f?pvs=21),👍🏼เงิน top up_JUN24 (https://app.notion.com/p/top-up_JUN24-7abfb29929b3494883ad14cf4d115b9f?pvs=21)
Hour cost,Yes,THB 600.00,THB 600.00,On duty,"June 7, 2024",June 24 (https://app.notion.com/p/June-24-f0a893fb46524332a4cc44e0f7215b9f?pvs=21),⌚เงินรายชั่วโมง_JUN24 (https://app.notion.com/p/_JUN24-40e5cdaf054b43b68377460e6acd2a63?pvs=21)
DF cost,Yes,THB 300.00,THB 300.00,On duty,"June 7, 2024",June 24 (https://app.notion.com/p/June-24-f0a893fb46524332a4cc44e0f7215b9f?pvs=21),🤷‍♂️เงิน DF_JUN24 (https://app.notion.com/p/DF_JUN24-7dd77c76e45e47e6b127bcc92e5cf4e8?pvs=21)
ซื้อ TTCM,Yes,THB 990.00,"THB 1,000.00",On duty,"June 15, 2024",June 24 (https://app.notion.com/p/June-24-f0a893fb46524332a4cc44e0f7215b9f?pvs=21),💉TTCM_JUN24 (https://app.notion.com/p/TTCM_JUN24-59b1ad4882f0453ea789fc3dc6cbed22?pvs=21)
Palli,Yes,"THB 1,500.00","THB 1,500.00",Top up,"June 5, 2024",June 24 (https://app.notion.com/p/June-24-f0a893fb46524332a4cc44e0f7215b9f?pvs=21),👍🏼เงิน top up_JUN24 (https://app.notion.com/p/top-up_JUN24-7abfb29929b3494883ad14cf4d115b9f?pvs=21)
ซื้อ ปกส. นอกเวลา 4ชั่วโมง,Yes,"THB 1,000.00","THB 1,000.00",Top up,"June 10, 2024",June 24 (https://app.notion.com/p/June-24-f0a893fb46524332a4cc44e0f7215b9f?pvs=21),👍🏼เงิน top up_JUN24 (https://app.notion.com/p/top-up_JUN24-7abfb29929b3494883ad14cf4d115b9f?pvs=21)
Hour cost,Yes,THB 600.00,THB 600.00,On duty,"June 10, 2024",June 24 (https://app.notion.com/p/June-24-f0a893fb46524332a4cc44e0f7215b9f?pvs=21),⌚เงินรายชั่วโมง_JUN24 (https://app.notion.com/p/_JUN24-40e5cdaf054b43b68377460e6acd2a63?pvs=21)
DF cost,Yes,THB 360.00,THB 360.00,On duty,"June 10, 2024",June 24 (https://app.notion.com/p/June-24-f0a893fb46524332a4cc44e0f7215b9f?pvs=21),🤷‍♂️เงิน DF_JUN24 (https://app.notion.com/p/DF_JUN24-7dd77c76e45e47e6b127bcc92e5cf4e8?pvs=21)
Hour cost,Yes,THB 600.00,THB 600.00,On duty,"June 18, 2024",June 24 (https://app.notion.com/p/June-24-f0a893fb46524332a4cc44e0f7215b9f?pvs=21),⌚เงินรายชั่วโมง_JUN24 (https://app.notion.com/p/_JUN24-40e5cdaf054b43b68377460e6acd2a63?pvs=21)
DF cost,Yes,THB 270.00,THB 270.00,On duty,"June 18, 2024",June 24 (https://app.notion.com/p/June-24-f0a893fb46524332a4cc44e0f7215b9f?pvs=21),🤷‍♂️เงิน DF_JUN24 (https://app.notion.com/p/DF_JUN24-7dd77c76e45e47e6b127bcc92e5cf4e8?pvs=21)
เวรเหมา 1หมื่น,Yes,"THB 10,000.00","THB 10,000.00",On duty,"June 20, 2024",May 24 (https://app.notion.com/p/May-24-f03b6239b22b4b36b8d524541799d9be?pvs=21),👝เงินเวรเหมา_MAY24 (https://app.notion.com/p/_MAY24-98644cfcd10c4d89913eeb33a12c561b?pvs=21)
ซื้อ ปกส. นอกเวลา 4ชั่วโมง,Yes,"THB 1,000.00","THB 1,000.00",Top up,"June 26, 2024",June 24 (https://app.notion.com/p/June-24-f0a893fb46524332a4cc44e0f7215b9f?pvs=21),👍🏼เงิน top up_JUN24 (https://app.notion.com/p/top-up_JUN24-7abfb29929b3494883ad14cf4d115b9f?pvs=21)
ซื้อ ปกส. นอกเวลา 4ชั่วโมง,Yes,"THB 1,000.00","THB 1,000.00",Top up,"June 21, 2024",June 24 (https://app.notion.com/p/June-24-f0a893fb46524332a4cc44e0f7215b9f?pvs=21),👍🏼เงิน top up_JUN24 (https://app.notion.com/p/top-up_JUN24-7abfb29929b3494883ad14cf4d115b9f?pvs=21)
Hour cost,Yes,THB 600.00,THB 600.00,On duty,"June 22, 2024",June 24 (https://app.notion.com/p/June-24-f0a893fb46524332a4cc44e0f7215b9f?pvs=21),⌚เงินรายชั่วโมง_JUN24 (https://app.notion.com/p/_JUN24-40e5cdaf054b43b68377460e6acd2a63?pvs=21)
DF cost,Yes,THB 270.00,THB 270.00,On duty,"June 22, 2024",June 24 (https://app.notion.com/p/June-24-f0a893fb46524332a4cc44e0f7215b9f?pvs=21),🤷‍♂️เงิน DF_JUN24 (https://app.notion.com/p/DF_JUN24-7dd77c76e45e47e6b127bcc92e5cf4e8?pvs=21)
ซื้อ ปกส. นอกเวลา 4ชั่วโมง,Yes,"THB 1,000.00","THB 1,000.00",Top up,"June 24, 2024",June 24 (https://app.notion.com/p/June-24-f0a893fb46524332a4cc44e0f7215b9f?pvs=21),👍🏼เงิน top up_JUN24 (https://app.notion.com/p/top-up_JUN24-7abfb29929b3494883ad14cf4d115b9f?pvs=21)
Hour cost,Yes,THB 600.00,THB 600.00,On duty,"June 24, 2024",June 24 (https://app.notion.com/p/June-24-f0a893fb46524332a4cc44e0f7215b9f?pvs=21),⌚เงินรายชั่วโมง_JUN24 (https://app.notion.com/p/_JUN24-40e5cdaf054b43b68377460e6acd2a63?pvs=21)
DF cost,Yes,THB 330.00,THB 330.00,On duty,"June 24, 2024",June 24 (https://app.notion.com/p/June-24-f0a893fb46524332a4cc44e0f7215b9f?pvs=21),🤷‍♂️เงิน DF_JUN24 (https://app.notion.com/p/DF_JUN24-7dd77c76e45e47e6b127bcc92e5cf4e8?pvs=21)
เงินเดือน,Yes,"THB 22,830.00","THB 22,830.00",Salary,"June 26, 2024",June 24 (https://app.notion.com/p/June-24-f0a893fb46524332a4cc44e0f7215b9f?pvs=21),🏧เงินเดือนจาก สสจ._JUN24 (https://app.notion.com/p/_JUN24-1ee96c0c7d2745819b18fd921cec4143?pvs=21)
Hour cost,Yes,THB 600.00,THB 600.00,On duty,"June 26, 2024",June 24 (https://app.notion.com/p/June-24-f0a893fb46524332a4cc44e0f7215b9f?pvs=21),⌚เงินรายชั่วโมง_JUN24 (https://app.notion.com/p/_JUN24-40e5cdaf054b43b68377460e6acd2a63?pvs=21)
DF cost,Yes,THB 480.00,THB 480.00,On duty,"June 26, 2024",June 24 (https://app.notion.com/p/June-24-f0a893fb46524332a4cc44e0f7215b9f?pvs=21),🤷‍♂️เงิน DF_JUN24 (https://app.notion.com/p/DF_JUN24-7dd77c76e45e47e6b127bcc92e5cf4e8?pvs=21)
ซื้อ TTCM,Yes,THB 990.00,"THB 1,000.00",On duty,"July 27, 2024",July 24 (https://app.notion.com/p/July-24-f8bc5305397e49e194ac2b0f1fc1ddd9?pvs=21),💉TTCM_JUL24 (https://app.notion.com/p/TTCM_JUL24-a99737ba994e4fcc80ee24c1d1147d7f?pvs=21)
ค่าชดเชยปกส.,Yes,THB 100.00,THB 100.00,Top up,"July 12, 2024",July 24 (https://app.notion.com/p/July-24-f8bc5305397e49e194ac2b0f1fc1ddd9?pvs=21),👍🏼เงิน top up_JUL24 (https://app.notion.com/p/top-up_JUL24-9d4326b4c7a94c008a4776f6f4f19d35?pvs=21)
ซื้อ TTCM,Yes,THB 990.00,"THB 1,000.00",On duty,"July 28, 2024",July 24 (https://app.notion.com/p/July-24-f8bc5305397e49e194ac2b0f1fc1ddd9?pvs=21),💉TTCM_JUL24 (https://app.notion.com/p/TTCM_JUL24-a99737ba994e4fcc80ee24c1d1147d7f?pvs=21)
เวรเหมา 1หมื่น,Yes,"THB 10,000.00","THB 10,000.00",On duty,"July 20, 2024",June 24 (https://app.notion.com/p/June-24-f0a893fb46524332a4cc44e0f7215b9f?pvs=21),👝เงินเวรเหมา_JUN24 (https://app.notion.com/p/_JUN24-ee234aea0fb04fb18d11c9cc7b052979?pvs=21)
เงินเดือน,Yes,"THB 22,830.00","THB 22,830.00",Salary,"July 25, 2024",July 24 (https://app.notion.com/p/July-24-f8bc5305397e49e194ac2b0f1fc1ddd9?pvs=21),🏧เงินเดือนจาก สสจ._JUL24 (https://app.notion.com/p/_JUL24-4fceacf527f74972b753c61183cb3f5e?pvs=21)
ซื้อ ปกส. นอกเวลา 4ชั่วโมง,Yes,"THB 1,000.00","THB 1,000.00",Top up,"July 26, 2024",July 24 (https://app.notion.com/p/July-24-f8bc5305397e49e194ac2b0f1fc1ddd9?pvs=21),👍🏼เงิน top up_JUL24 (https://app.notion.com/p/top-up_JUL24-9d4326b4c7a94c008a4776f6f4f19d35?pvs=21)
DF cost,Yes,THB 300.00,THB 300.00,On duty,"July 26, 2024",July 24 (https://app.notion.com/p/July-24-f8bc5305397e49e194ac2b0f1fc1ddd9?pvs=21),🤷‍♂️เงิน DF_JUL24 (https://app.notion.com/p/DF_JUL24-24647d76bd85408eb568719585af46af?pvs=21)
Hour cost,Yes,THB 600.00,THB 600.00,On duty,"July 26, 2024",July 24 (https://app.notion.com/p/July-24-f8bc5305397e49e194ac2b0f1fc1ddd9?pvs=21),⌚เงินรายชั่วโมง_JUL24 (https://app.notion.com/p/_JUL24-b83834b3483f4e9c9ef91dc78d9a4e87?pvs=21)
ซื้อ ปกส. นอกเวลา 4ชั่วโมง,Yes,"THB 1,000.00","THB 1,000.00",Top up,"August 13, 2024",August 24 (https://app.notion.com/p/August-24-e7a234e3dd654ea6abe42c7c1413082e?pvs=21),👍🏼เงิน top up_AUG24 (https://app.notion.com/p/top-up_AUG24-783c183882564011aa69d11cbc1172d1?pvs=21)
ซื้อ ไผ่ล้อมนอกเวลา 4ชั่วโมง,Yes,THB 200.00,THB 200.00,Top up,"July 30, 2024",July 24 (https://app.notion.com/p/July-24-f8bc5305397e49e194ac2b0f1fc1ddd9?pvs=21),👍🏼เงิน top up_JUL24 (https://app.notion.com/p/top-up_JUL24-9d4326b4c7a94c008a4776f6f4f19d35?pvs=21)
Hour cost,Yes,THB 800.00,THB 800.00,On duty,"July 30, 2024",July 24 (https://app.notion.com/p/July-24-f8bc5305397e49e194ac2b0f1fc1ddd9?pvs=21),⌚เงินรายชั่วโมง_JUL24 (https://app.notion.com/p/_JUL24-b83834b3483f4e9c9ef91dc78d9a4e87?pvs=21)
DF cost,Yes,THB 600.00,THB 600.00,On duty,"July 30, 2024",July 24 (https://app.notion.com/p/July-24-f8bc5305397e49e194ac2b0f1fc1ddd9?pvs=21),🤷‍♂️เงิน DF_JUL24 (https://app.notion.com/p/DF_JUL24-24647d76bd85408eb568719585af46af?pvs=21)
ซื้อ ปกส. นอกเวลา 4ชั่วโมง,Yes,"THB 1,000.00","THB 1,000.00",Top up,"August 9, 2024",August 24 (https://app.notion.com/p/August-24-e7a234e3dd654ea6abe42c7c1413082e?pvs=21),👍🏼เงิน top up_AUG24 (https://app.notion.com/p/top-up_AUG24-783c183882564011aa69d11cbc1172d1?pvs=21)
Hour cost,Yes,THB 800.00,THB 800.00,On duty,"August 1, 2024",August 24 (https://app.notion.com/p/August-24-e7a234e3dd654ea6abe42c7c1413082e?pvs=21),⌚เงินรายชั่วโมง_AUG24 (https://app.notion.com/p/_AUG24-9d906679b5554473987687c747070f51?pvs=21)
DF cost,Yes,THB 420.00,THB 420.00,On duty,"August 1, 2024",August 24 (https://app.notion.com/p/August-24-e7a234e3dd654ea6abe42c7c1413082e?pvs=21),🤷‍♂️เงิน DF_AUG24 (https://app.notion.com/p/DF_AUG24-ed383e2091174c9393da9a3b46a139cb?pvs=21)
ซื้อ ปกส. นอกเวลา 8ชั่วโมง,Yes,"THB 2,000.00","THB 2,000.00",Top up,"August 4, 2024",August 24 (https://app.notion.com/p/August-24-e7a234e3dd654ea6abe42c7c1413082e?pvs=21),👍🏼เงิน top up_AUG24 (https://app.notion.com/p/top-up_AUG24-783c183882564011aa69d11cbc1172d1?pvs=21)
ซื้อ TTCM,Yes,THB 990.00,"THB 1,000.00",On duty,"August 4, 2024",August 24 (https://app.notion.com/p/August-24-e7a234e3dd654ea6abe42c7c1413082e?pvs=21),💉TTCM_AUG24 (https://app.notion.com/p/TTCM_AUG24-1df7d6e3240740048968a04594e424e1?pvs=21)
Hour cost,Yes,"THB 1,200.00","THB 1,200.00",On duty,"August 4, 2024",August 24 (https://app.notion.com/p/August-24-e7a234e3dd654ea6abe42c7c1413082e?pvs=21),⌚เงินรายชั่วโมง_AUG24 (https://app.notion.com/p/_AUG24-9d906679b5554473987687c747070f51?pvs=21)
DF cost,Yes,THB 660.00,THB 660.00,On duty,"August 4, 2024",August 24 (https://app.notion.com/p/August-24-e7a234e3dd654ea6abe42c7c1413082e?pvs=21),🤷‍♂️เงิน DF_AUG24 (https://app.notion.com/p/DF_AUG24-ed383e2091174c9393da9a3b46a139cb?pvs=21)
Hour cost,Yes,THB 800.00,THB 800.00,On duty,"August 5, 2024",August 24 (https://app.notion.com/p/August-24-e7a234e3dd654ea6abe42c7c1413082e?pvs=21),⌚เงินรายชั่วโมง_AUG24 (https://app.notion.com/p/_AUG24-9d906679b5554473987687c747070f51?pvs=21)
DF cost,Yes,THB 390.00,THB 390.00,On duty,"August 5, 2024",August 24 (https://app.notion.com/p/August-24-e7a234e3dd654ea6abe42c7c1413082e?pvs=21),🤷‍♂️เงิน DF_AUG24 (https://app.notion.com/p/DF_AUG24-ed383e2091174c9393da9a3b46a139cb?pvs=21)
Hour cost,Yes,THB 600.00,THB 600.00,On duty,"August 9, 2024",August 24 (https://app.notion.com/p/August-24-e7a234e3dd654ea6abe42c7c1413082e?pvs=21),⌚เงินรายชั่วโมง_AUG24 (https://app.notion.com/p/_AUG24-9d906679b5554473987687c747070f51?pvs=21)
DF cost,Yes,THB 390.00,THB 360.00,On duty,"August 9, 2024",August 24 (https://app.notion.com/p/August-24-e7a234e3dd654ea6abe42c7c1413082e?pvs=21),🤷‍♂️เงิน DF_AUG24 (https://app.notion.com/p/DF_AUG24-ed383e2091174c9393da9a3b46a139cb?pvs=21)
Hour cost,Yes,THB 600.00,THB 600.00,On duty,"August 13, 2024",August 24 (https://app.notion.com/p/August-24-e7a234e3dd654ea6abe42c7c1413082e?pvs=21),⌚เงินรายชั่วโมง_AUG24 (https://app.notion.com/p/_AUG24-9d906679b5554473987687c747070f51?pvs=21)
DF cost,Yes,THB 420.00,THB 420.00,On duty,"August 13, 2024",August 24 (https://app.notion.com/p/August-24-e7a234e3dd654ea6abe42c7c1413082e?pvs=21),🤷‍♂️เงิน DF_AUG24 (https://app.notion.com/p/DF_AUG24-ed383e2091174c9393da9a3b46a139cb?pvs=21)
Hour cost,Yes,THB 800.00,THB 800.00,On duty,"August 15, 2024",August 24 (https://app.notion.com/p/August-24-e7a234e3dd654ea6abe42c7c1413082e?pvs=21),⌚เงินรายชั่วโมง_AUG24 (https://app.notion.com/p/_AUG24-9d906679b5554473987687c747070f51?pvs=21)
DF cost,Yes,THB 360.00,THB 360.00,On duty,"August 15, 2024",August 24 (https://app.notion.com/p/August-24-e7a234e3dd654ea6abe42c7c1413082e?pvs=21),🤷‍♂️เงิน DF_AUG24 (https://app.notion.com/p/DF_AUG24-ed383e2091174c9393da9a3b46a139cb?pvs=21)
Hour cost,Yes,THB 800.00,THB 800.00,On duty,"August 19, 2024",August 24 (https://app.notion.com/p/August-24-e7a234e3dd654ea6abe42c7c1413082e?pvs=21),⌚เงินรายชั่วโมง_AUG24 (https://app.notion.com/p/_AUG24-9d906679b5554473987687c747070f51?pvs=21)
DF cost,Yes,THB 210.00,THB 210.00,On duty,"August 19, 2024",August 24 (https://app.notion.com/p/August-24-e7a234e3dd654ea6abe42c7c1413082e?pvs=21),🤷‍♂️เงิน DF_AUG24 (https://app.notion.com/p/DF_AUG24-ed383e2091174c9393da9a3b46a139cb?pvs=21)
ซื้อ ปกส. นอกเวลา 4ชั่วโมง,Yes,"THB 1,000.00","THB 1,000.00",Top up,"August 20, 2024",August 24 (https://app.notion.com/p/August-24-e7a234e3dd654ea6abe42c7c1413082e?pvs=21),👍🏼เงิน top up_AUG24 (https://app.notion.com/p/top-up_AUG24-783c183882564011aa69d11cbc1172d1?pvs=21)
Hour cost,Yes,THB 600.00,THB 600.00,On duty,"August 20, 2024",August 24 (https://app.notion.com/p/August-24-e7a234e3dd654ea6abe42c7c1413082e?pvs=21),⌚เงินรายชั่วโมง_AUG24 (https://app.notion.com/p/_AUG24-9d906679b5554473987687c747070f51?pvs=21)
DF cost,Yes,THB 510.00,THB 510.00,On duty,"August 20, 2024",August 24 (https://app.notion.com/p/August-24-e7a234e3dd654ea6abe42c7c1413082e?pvs=21),🤷‍♂️เงิน DF_AUG24 (https://app.notion.com/p/DF_AUG24-ed383e2091174c9393da9a3b46a139cb?pvs=21)
เงินเดือน,Yes,"THB 22,830.00","THB 22,830.00",Salary,"August 26, 2024",August 24 (https://app.notion.com/p/August-24-e7a234e3dd654ea6abe42c7c1413082e?pvs=21),🏧เงินเดือนจาก สสจ._AUG24 (https://app.notion.com/p/_AUG24-d7f1f1f262614f3b9a61f244cd4d74c4?pvs=21)
ซื้อ TTCM,Yes,THB 990.00,"THB 1,000.00",On duty,"September 28, 2024",September 24 (https://app.notion.com/p/September-24-2acf86f7c3554a70b26f5e740fab86b1?pvs=21),💉TTCM_SEP24 (https://app.notion.com/p/TTCM_SEP24-01ab80431df14af7be1217c364e444ac?pvs=21)
Hour cost,Yes,THB 800.00,THB 800.00,On duty,"August 27, 2024",August 24 (https://app.notion.com/p/August-24-e7a234e3dd654ea6abe42c7c1413082e?pvs=21),⌚เงินรายชั่วโมง_AUG24 (https://app.notion.com/p/_AUG24-9d906679b5554473987687c747070f51?pvs=21)
DF cost,Yes,THB 420.00,THB 420.00,On duty,"August 27, 2024",August 24 (https://app.notion.com/p/August-24-e7a234e3dd654ea6abe42c7c1413082e?pvs=21),🤷‍♂️เงิน DF_AUG24 (https://app.notion.com/p/DF_AUG24-ed383e2091174c9393da9a3b46a139cb?pvs=21)
Hour cost,Yes,THB 800.00,THB 800.00,On duty,"August 29, 2024",August 24 (https://app.notion.com/p/August-24-e7a234e3dd654ea6abe42c7c1413082e?pvs=21),⌚เงินรายชั่วโมง_AUG24 (https://app.notion.com/p/_AUG24-9d906679b5554473987687c747070f51?pvs=21)
DF cost,Yes,THB 510.00,THB 480.00,On duty,"August 29, 2024",August 24 (https://app.notion.com/p/August-24-e7a234e3dd654ea6abe42c7c1413082e?pvs=21),🤷‍♂️เงิน DF_AUG24 (https://app.notion.com/p/DF_AUG24-ed383e2091174c9393da9a3b46a139cb?pvs=21)
Hour cost,Yes,THB 800.00,THB 800.00,On duty,"September 2, 2024",September 24 (https://app.notion.com/p/September-24-2acf86f7c3554a70b26f5e740fab86b1?pvs=21),⌚เงินรายชั่วโมง_SEP24 (https://app.notion.com/p/_SEP24-8003104410384f0c95fc1f45073d812a?pvs=21)
DF cost,Yes,THB 600.00,THB 600.00,On duty,"September 2, 2024",September 24 (https://app.notion.com/p/September-24-2acf86f7c3554a70b26f5e740fab86b1?pvs=21),🤷‍♂️เงิน DF_SEP23 (https://app.notion.com/p/DF_SEP23-c4e3dc33943c48879c50f3991a158b2e?pvs=21)
ซื้อ OPD นอกเวลา 8ชั่วโมง,Yes,"THB 2,500.00","THB 2,500.00",Top up,"September 4, 2024",September 24 (https://app.notion.com/p/September-24-2acf86f7c3554a70b26f5e740fab86b1?pvs=21),👍🏼เงิน top up_SEP24 (https://app.notion.com/p/top-up_SEP24-decb0f1384fa4244a68cc16c756b84db?pvs=21)
Hour cost,Yes,"THB 1,200.00","THB 1,200.00",On duty,"September 4, 2024",September 24 (https://app.notion.com/p/September-24-2acf86f7c3554a70b26f5e740fab86b1?pvs=21),⌚เงินรายชั่วโมง_SEP24 (https://app.notion.com/p/_SEP24-8003104410384f0c95fc1f45073d812a?pvs=21)
DF cost,Yes,THB 600.00,THB 660.00,On duty,"September 4, 2024",September 24 (https://app.notion.com/p/September-24-2acf86f7c3554a70b26f5e740fab86b1?pvs=21),🤷‍♂️เงิน DF_SEP23 (https://app.notion.com/p/DF_SEP23-c4e3dc33943c48879c50f3991a158b2e?pvs=21)
Hour cost,Yes,"THB 1,200.00","THB 1,200.00",On duty,"September 7, 2024",September 24 (https://app.notion.com/p/September-24-2acf86f7c3554a70b26f5e740fab86b1?pvs=21),⌚เงินรายชั่วโมง_SEP24 (https://app.notion.com/p/_SEP24-8003104410384f0c95fc1f45073d812a?pvs=21)
DF cost,Yes,THB 840.00,THB 840.00,On duty,"September 7, 2024",September 24 (https://app.notion.com/p/September-24-2acf86f7c3554a70b26f5e740fab86b1?pvs=21),🤷‍♂️เงิน DF_SEP23 (https://app.notion.com/p/DF_SEP23-c4e3dc33943c48879c50f3991a158b2e?pvs=21)
Hour cost,Yes,THB 800.00,THB 800.00,On duty,"September 9, 2024",September 24 (https://app.notion.com/p/September-24-2acf86f7c3554a70b26f5e740fab86b1?pvs=21),⌚เงินรายชั่วโมง_SEP24 (https://app.notion.com/p/_SEP24-8003104410384f0c95fc1f45073d812a?pvs=21)
DF cost,Yes,THB 630.00,THB 630.00,On duty,"September 9, 2024",September 24 (https://app.notion.com/p/September-24-2acf86f7c3554a70b26f5e740fab86b1?pvs=21),🤷‍♂️เงิน DF_SEP23 (https://app.notion.com/p/DF_SEP23-c4e3dc33943c48879c50f3991a158b2e?pvs=21)
Hour cost,Yes,THB 800.00,THB 800.00,On duty,"September 16, 2024",September 24 (https://app.notion.com/p/September-24-2acf86f7c3554a70b26f5e740fab86b1?pvs=21),⌚เงินรายชั่วโมง_SEP24 (https://app.notion.com/p/_SEP24-8003104410384f0c95fc1f45073d812a?pvs=21)
DF cost,Yes,THB 540.00,THB 540.00,On duty,"September 16, 2024",September 24 (https://app.notion.com/p/September-24-2acf86f7c3554a70b26f5e740fab86b1?pvs=21),🤷‍♂️เงิน DF_SEP23 (https://app.notion.com/p/DF_SEP23-c4e3dc33943c48879c50f3991a158b2e?pvs=21)
เวรเหมา 1หมื่น,Yes,"THB 10,000.00","THB 10,000.00",On duty,"September 20, 2024",September 24 (https://app.notion.com/p/September-24-2acf86f7c3554a70b26f5e740fab86b1?pvs=21),👝เงินเวรเหมา_SEP24 (https://app.notion.com/p/_SEP24-a173f6abdd2d4a53ada4c60b6ee453f8?pvs=21)
Hour cost,Yes,THB 800.00,THB 800.00,On duty,"September 23, 2024",September 24 (https://app.notion.com/p/September-24-2acf86f7c3554a70b26f5e740fab86b1?pvs=21),⌚เงินรายชั่วโมง_SEP24 (https://app.notion.com/p/_SEP24-8003104410384f0c95fc1f45073d812a?pvs=21)
DF cost,Yes,THB 800.00,THB 800.00,On duty,"September 23, 2024",September 24 (https://app.notion.com/p/September-24-2acf86f7c3554a70b26f5e740fab86b1?pvs=21),🤷‍♂️เงิน DF_SEP23 (https://app.notion.com/p/DF_SEP23-c4e3dc33943c48879c50f3991a158b2e?pvs=21)
เงินเดือน,Yes,"THB 22,830.00","THB 22,830.00",Salary,"September 26, 2024",September 24 (https://app.notion.com/p/September-24-2acf86f7c3554a70b26f5e740fab86b1?pvs=21),🏧เงินเดือนจาก สสจ._SEP24 (https://app.notion.com/p/_SEP24-fd0729ba495d46798fbdd5b562ea65d7?pvs=21)
ซื้อไผ่ล้อม,Yes,THB 300.00,THB 300.00,Top up,"September 27, 2024",September 24 (https://app.notion.com/p/September-24-2acf86f7c3554a70b26f5e740fab86b1?pvs=21),👍🏼เงิน top up_SEP24 (https://app.notion.com/p/top-up_SEP24-decb0f1384fa4244a68cc16c756b84db?pvs=21)
Hour cost,Yes,THB 800.00,THB 800.00,On duty,"September 27, 2024",September 24 (https://app.notion.com/p/September-24-2acf86f7c3554a70b26f5e740fab86b1?pvs=21),⌚เงินรายชั่วโมง_SEP24 (https://app.notion.com/p/_SEP24-8003104410384f0c95fc1f45073d812a?pvs=21)
DF cost,Yes,THB 360.00,THB 360.00,On duty,"September 27, 2024",September 24 (https://app.notion.com/p/September-24-2acf86f7c3554a70b26f5e740fab86b1?pvs=21),🤷‍♂️เงิน DF_SEP23 (https://app.notion.com/p/DF_SEP23-c4e3dc33943c48879c50f3991a158b2e?pvs=21)
ซื้อ TTCM,Yes,THB 990.00,"THB 1,000.00",On duty,"October 13, 2024",October 24 (https://app.notion.com/p/October-24-7b27bbe68af04055a4f2277bec8a90be?pvs=21),💉TTCM_OCT24 (https://app.notion.com/p/TTCM_OCT24-7dbebd718313417595318ebb69aaf404?pvs=21)
Hour cost,Yes,THB 800.00,THB 800.00,On duty,"September 30, 2024",September 24 (https://app.notion.com/p/September-24-2acf86f7c3554a70b26f5e740fab86b1?pvs=21),⌚เงินรายชั่วโมง_SEP24 (https://app.notion.com/p/_SEP24-8003104410384f0c95fc1f45073d812a?pvs=21)
DF cost,Yes,THB 890.00,THB 890.00,On duty,"September 30, 2024",September 24 (https://app.notion.com/p/September-24-2acf86f7c3554a70b26f5e740fab86b1?pvs=21),🤷‍♂️เงิน DF_SEP23 (https://app.notion.com/p/DF_SEP23-c4e3dc33943c48879c50f3991a158b2e?pvs=21)
ซื้อ TTCM,Yes,THB 990.00,"THB 1,000.00",On duty,"October 5, 2024",October 24 (https://app.notion.com/p/October-24-7b27bbe68af04055a4f2277bec8a90be?pvs=21),💉TTCM_OCT24 (https://app.notion.com/p/TTCM_OCT24-7dbebd718313417595318ebb69aaf404?pvs=21)
DF cost,Yes,THB 450.00,THB 450.00,On duty,"October 8, 2024",October 24 (https://app.notion.com/p/October-24-7b27bbe68af04055a4f2277bec8a90be?pvs=21),🤷‍♂️เงิน DF_OCT24 (https://app.notion.com/p/DF_OCT24-0a1dbadbf76b4ee3acbc456625f8bfb5?pvs=21)
Hour cost,Yes,THB 800.00,THB 800.00,On duty,"October 8, 2024",October 24 (https://app.notion.com/p/October-24-7b27bbe68af04055a4f2277bec8a90be?pvs=21),⌚เงินรายชั่วโมง_OCT24 (https://app.notion.com/p/_OCT24-008c97001b564cf3aef8a82eca248c6c?pvs=21)
Hour cost,Yes,THB 800.00,THB 800.00,On duty,"October 17, 2024",October 24 (https://app.notion.com/p/October-24-7b27bbe68af04055a4f2277bec8a90be?pvs=21),⌚เงินรายชั่วโมง_OCT24 (https://app.notion.com/p/_OCT24-008c97001b564cf3aef8a82eca248c6c?pvs=21)
DF cost,Yes,THB 300.00,THB 300.00,On duty,"October 17, 2024",October 24 (https://app.notion.com/p/October-24-7b27bbe68af04055a4f2277bec8a90be?pvs=21),🤷‍♂️เงิน DF_OCT24 (https://app.notion.com/p/DF_OCT24-0a1dbadbf76b4ee3acbc456625f8bfb5?pvs=21)
เวรเหมา 1หมื่น,Yes,"THB 10,000.00","THB 10,000.00",On duty,"October 20, 2024",October 24 (https://app.notion.com/p/October-24-7b27bbe68af04055a4f2277bec8a90be?pvs=21),👝เงินเวรเหมา_OCT24 (https://app.notion.com/p/_OCT24-fd130f06477a4519ab4ee3d597b18941?pvs=21)
Hour cost,Yes,THB 800.00,THB 800.00,On duty,"October 21, 2024",October 24 (https://app.notion.com/p/October-24-7b27bbe68af04055a4f2277bec8a90be?pvs=21),⌚เงินรายชั่วโมง_OCT24 (https://app.notion.com/p/_OCT24-008c97001b564cf3aef8a82eca248c6c?pvs=21)
DF cost,Yes,THB 390.00,THB 430.00,On duty,"October 21, 2024",October 24 (https://app.notion.com/p/October-24-7b27bbe68af04055a4f2277bec8a90be?pvs=21),🤷‍♂️เงิน DF_OCT24 (https://app.notion.com/p/DF_OCT24-0a1dbadbf76b4ee3acbc456625f8bfb5?pvs=21)
เงินเดือน,Yes,"THB 22,830.00","THB 22,830.00",Salary,"October 26, 2024",October 24 (https://app.notion.com/p/October-24-7b27bbe68af04055a4f2277bec8a90be?pvs=21),🏧เงินเดือนจาก สสจ._OCT24 (https://app.notion.com/p/_OCT24-5779c006a3e445b4a50ce16a50ae68da?pvs=21)
ค่าเสี่ยงภัย,Yes,"THB 69,562.50","THB 69,562.50",Extra,"October 24, 2024",October 24 (https://app.notion.com/p/October-24-7b27bbe68af04055a4f2277bec8a90be?pvs=21),👍🏼เงิน top up_OCT24 (https://app.notion.com/p/top-up_OCT24-44448ecbb8b641e5ac191beaa445d17d?pvs=21)
ซื้อ TTCM,Yes,THB 990.00,"THB 1,000.00",On duty,"November 2, 2024",November 24 (https://app.notion.com/p/November-24-7790540498364ce4ac20fa0ec6bea9f7?pvs=21),💉TTCM_NOV24 (https://app.notion.com/p/TTCM_NOV24-8ec91adaf7b64bf3839b56909dac27ce?pvs=21)
ซื้อ ปกส. นอกเวลา 4ชั่วโมง,Yes,"THB 1,000.00","THB 1,000.00",Top up,"November 21, 2024",November 24 (https://app.notion.com/p/November-24-7790540498364ce4ac20fa0ec6bea9f7?pvs=21),👍🏼เงิน top up_NOV24 (https://app.notion.com/p/top-up_NOV24-938fcc99a8cc4707905e752d0262b0fa?pvs=21)
ซื้อ ปกส. นอกเวลา 8ชั่วโมง,Yes,"THB 2,000.00","THB 2,000.00",Top up,"November 24, 2024",November 24 (https://app.notion.com/p/November-24-7790540498364ce4ac20fa0ec6bea9f7?pvs=21),👍🏼เงิน top up_NOV24 (https://app.notion.com/p/top-up_NOV24-938fcc99a8cc4707905e752d0262b0fa?pvs=21)
Hour cost,Yes,THB 800.00,THB 800.00,On duty,"November 4, 2024",November 24 (https://app.notion.com/p/November-24-7790540498364ce4ac20fa0ec6bea9f7?pvs=21),⌚เงินรายชั่วโมง_NOV24 (https://app.notion.com/p/_NOV24-6288ff78519c48a8b5be8bc8600766e8?pvs=21)
DF cost,Yes,THB 300.00,THB 270.00,On duty,"November 4, 2024",November 24 (https://app.notion.com/p/November-24-7790540498364ce4ac20fa0ec6bea9f7?pvs=21),🤷‍♂️เงิน DF_NOV24 (https://app.notion.com/p/DF_NOV24-5356aae424f94a4da9bda1429df1330c?pvs=21)
Hour cost,Yes,THB 800.00,THB 800.00,On duty,"November 11, 2024",November 24 (https://app.notion.com/p/November-24-7790540498364ce4ac20fa0ec6bea9f7?pvs=21),⌚เงินรายชั่วโมง_NOV24 (https://app.notion.com/p/_NOV24-6288ff78519c48a8b5be8bc8600766e8?pvs=21)
DF cost,Yes,THB 360.00,THB 360.00,On duty,"November 11, 2024",November 24 (https://app.notion.com/p/November-24-7790540498364ce4ac20fa0ec6bea9f7?pvs=21),🤷‍♂️เงิน DF_NOV24 (https://app.notion.com/p/DF_NOV24-5356aae424f94a4da9bda1429df1330c?pvs=21)
Hour cost,Yes,THB 800.00,THB 800.00,On duty,"November 14, 2024",November 24 (https://app.notion.com/p/November-24-7790540498364ce4ac20fa0ec6bea9f7?pvs=21),⌚เงินรายชั่วโมง_NOV24 (https://app.notion.com/p/_NOV24-6288ff78519c48a8b5be8bc8600766e8?pvs=21)
DF cost,Yes,THB 420.00,THB 420.00,On duty,"November 14, 2024",November 24 (https://app.notion.com/p/November-24-7790540498364ce4ac20fa0ec6bea9f7?pvs=21),🤷‍♂️เงิน DF_NOV24 (https://app.notion.com/p/DF_NOV24-5356aae424f94a4da9bda1429df1330c?pvs=21)
เวรเหมา 1หมื่น,Yes,"THB 10,000.00","THB 10,000.00",On duty,"November 20, 2024",November 24 (https://app.notion.com/p/November-24-7790540498364ce4ac20fa0ec6bea9f7?pvs=21),👝เงินเวรเหมา_NOV24 (https://app.notion.com/p/_NOV24-b7c9810926b64caeb41390f5e9f5e94b?pvs=21)
Hour cost,Yes,THB 600.00,THB 600.00,On duty,"November 21, 2024",November 24 (https://app.notion.com/p/November-24-7790540498364ce4ac20fa0ec6bea9f7?pvs=21),⌚เงินรายชั่วโมง_NOV24 (https://app.notion.com/p/_NOV24-6288ff78519c48a8b5be8bc8600766e8?pvs=21)
DF cost,Yes,THB 520.00,THB 420.00,On duty,"November 21, 2024",November 24 (https://app.notion.com/p/November-24-7790540498364ce4ac20fa0ec6bea9f7?pvs=21),🤷‍♂️เงิน DF_NOV24 (https://app.notion.com/p/DF_NOV24-5356aae424f94a4da9bda1429df1330c?pvs=21)
Hour cost,Yes,"THB 1,200.00","THB 1,200.00",On duty,"November 24, 2024",November 24 (https://app.notion.com/p/November-24-7790540498364ce4ac20fa0ec6bea9f7?pvs=21),⌚เงินรายชั่วโมง_NOV24 (https://app.notion.com/p/_NOV24-6288ff78519c48a8b5be8bc8600766e8?pvs=21)
DF cost,Yes,THB 600.00,THB 600.00,On duty,"November 24, 2024",November 24 (https://app.notion.com/p/November-24-7790540498364ce4ac20fa0ec6bea9f7?pvs=21),🤷‍♂️เงิน DF_NOV24 (https://app.notion.com/p/DF_NOV24-5356aae424f94a4da9bda1429df1330c?pvs=21)
เงินเดือน,Yes,"THB 22,830.00","THB 22,830.00",Salary,"November 26, 2024",November 24 (https://app.notion.com/p/November-24-7790540498364ce4ac20fa0ec6bea9f7?pvs=21),🏧เงินเดือนจาก สสจ._NOV24 (https://app.notion.com/p/_NOV24-c631c2fd07bd45229cff319e68755aa1?pvs=21)
Hour cost,Yes,THB 800.00,THB 800.00,On duty,"December 3, 2024",December 24 (https://app.notion.com/p/December-24-465535b269844a8a855716fee9f5d2b3?pvs=21),⌚เงินรายชั่วโมง_DEC24 (https://app.notion.com/p/_DEC24-866f27f6546e4c4789e280953e5df251?pvs=21)
DF cost,Yes,THB 420.00,THB 450.00,On duty,"December 3, 2024",December 24 (https://app.notion.com/p/December-24-465535b269844a8a855716fee9f5d2b3?pvs=21),🤷‍♂️เงิน DF_DEC24 (https://app.notion.com/p/DF_DEC24-9bdfd5db09cf4efc836571d216612e95?pvs=21)
Hour cost,Yes,THB 800.00,THB 800.00,On duty,"December 9, 2024",December 24 (https://app.notion.com/p/December-24-465535b269844a8a855716fee9f5d2b3?pvs=21),⌚เงินรายชั่วโมง_DEC24 (https://app.notion.com/p/_DEC24-866f27f6546e4c4789e280953e5df251?pvs=21)
DF cost,Yes,THB 450.00,THB 450.00,On duty,"December 9, 2024",December 24 (https://app.notion.com/p/December-24-465535b269844a8a855716fee9f5d2b3?pvs=21),🤷‍♂️เงิน DF_DEC24 (https://app.notion.com/p/DF_DEC24-9bdfd5db09cf4efc836571d216612e95?pvs=21)
DF cost,Yes,THB 480.00,THB 480.00,On duty,"December 11, 2024",December 24 (https://app.notion.com/p/December-24-465535b269844a8a855716fee9f5d2b3?pvs=21),🤷‍♂️เงิน DF_DEC24 (https://app.notion.com/p/DF_DEC24-9bdfd5db09cf4efc836571d216612e95?pvs=21)
Hour cost,Yes,THB 800.00,THB 800.00,On duty,"December 11, 2024",December 24 (https://app.notion.com/p/December-24-465535b269844a8a855716fee9f5d2b3?pvs=21),⌚เงินรายชั่วโมง_DEC24 (https://app.notion.com/p/_DEC24-866f27f6546e4c4789e280953e5df251?pvs=21)
เวรเหมา 1หมื่น,Yes,"THB 10,000.00","THB 10,000.00",On duty,"December 20, 2024",December 24 (https://app.notion.com/p/December-24-465535b269844a8a855716fee9f5d2b3?pvs=21),👝เงินเวรเหมา_DEC24 (https://app.notion.com/p/_DEC24-e1c2e2aefc8b403c90107d43829190e5?pvs=21)
เงินเดือน,Yes,"THB 33,950.00","THB 33,950.00",Salary,"December 26, 2024",December 24 (https://app.notion.com/p/December-24-465535b269844a8a855716fee9f5d2b3?pvs=21),🏧เงินเดือนจาก สสจ._DEC24 (https://app.notion.com/p/_DEC24-22041d8589f64201b931d29d9f0a97be?pvs=21)
ซื้อ OPD นอกเวลา 4ชั่วโมง,Yes,"THB 1,800.00","THB 1,800.00",Top up,"December 31, 2024",December 24 (https://app.notion.com/p/December-24-465535b269844a8a855716fee9f5d2b3?pvs=21),👍🏼เงิน top up_DEC24 (https://app.notion.com/p/top-up_DEC24-d9e76e5b9f4c40f6a6a2b87cae48446c?pvs=21)
Hour cost,Yes,THB 600.00,THB 600.00,On duty,"December 31, 2024",December 24 (https://app.notion.com/p/December-24-465535b269844a8a855716fee9f5d2b3?pvs=21),⌚เงินรายชั่วโมง_DEC24 (https://app.notion.com/p/_DEC24-866f27f6546e4c4789e280953e5df251?pvs=21)
DF cost,Yes,THB 420.00,THB 360.00,On duty,"December 31, 2024",December 24 (https://app.notion.com/p/December-24-465535b269844a8a855716fee9f5d2b3?pvs=21),🤷‍♂️เงิน DF_DEC24 (https://app.notion.com/p/DF_DEC24-9bdfd5db09cf4efc836571d216612e95?pvs=21)
ซื้อ TTCM,Yes,THB 990.00,"THB 1,000.00",On duty,"January 25, 2025",January 25 (https://app.notion.com/p/January-25-1680423c14268084a95dcad7ce162788?pvs=21),💉TTCM_JAN25 (https://app.notion.com/p/TTCM_JAN25-1680423c1426805a8a4aef59ea756866?pvs=21)
ซื้อ ปกส. นอกเวลา 4ชั่วโมง,Yes,"THB 1,000.00","THB 1,000.00",Top up,"January 2, 2025",January 25 (https://app.notion.com/p/January-25-1680423c14268084a95dcad7ce162788?pvs=21),👍🏼เงิน top up_JAN25 (https://app.notion.com/p/top-up_JAN25-1680423c142680f9b0f7dba21f1585ef?pvs=21)
ซื้อ ปกส. นอกเวลา 4ชั่วโมง,Yes,"THB 1,000.00","THB 1,000.00",Top up,"January 8, 2025",January 25 (https://app.notion.com/p/January-25-1680423c14268084a95dcad7ce162788?pvs=21),👍🏼เงิน top up_JAN25 (https://app.notion.com/p/top-up_JAN25-1680423c142680f9b0f7dba21f1585ef?pvs=21)
Hour cost,Yes,THB 600.00,THB 600.00,On duty,"January 2, 2025",January 25 (https://app.notion.com/p/January-25-1680423c14268084a95dcad7ce162788?pvs=21),⌚เงินรายชั่วโมง_JAN25 (https://app.notion.com/p/_JAN25-1680423c142680189065f9a8b08abb4f?pvs=21)
DF cost,Yes,THB 330.00,THB 330.00,On duty,"January 2, 2025",January 25 (https://app.notion.com/p/January-25-1680423c14268084a95dcad7ce162788?pvs=21),🤷‍♂️เงิน DF_JAN25 (https://app.notion.com/p/DF_JAN25-1680423c14268074a6b9c3af2aed19aa?pvs=21)
Hour cost,Yes,THB 800.00,THB 800.00,On duty,"January 6, 2025",January 25 (https://app.notion.com/p/January-25-1680423c14268084a95dcad7ce162788?pvs=21),⌚เงินรายชั่วโมง_JAN25 (https://app.notion.com/p/_JAN25-1680423c142680189065f9a8b08abb4f?pvs=21)
DF cost,Yes,THB 690.00,THB 690.00,On duty,"January 6, 2025",January 25 (https://app.notion.com/p/January-25-1680423c14268084a95dcad7ce162788?pvs=21),🤷‍♂️เงิน DF_JAN25 (https://app.notion.com/p/DF_JAN25-1680423c14268074a6b9c3af2aed19aa?pvs=21)
Hour cost,Yes,THB 600.00,THB 600.00,On duty,"January 8, 2025",January 25 (https://app.notion.com/p/January-25-1680423c14268084a95dcad7ce162788?pvs=21),⌚เงินรายชั่วโมง_JAN25 (https://app.notion.com/p/_JAN25-1680423c142680189065f9a8b08abb4f?pvs=21)
DF cost,Yes,THB 390.00,THB 390.00,On duty,"January 8, 2025",January 25 (https://app.notion.com/p/January-25-1680423c14268084a95dcad7ce162788?pvs=21),🤷‍♂️เงิน DF_JAN25 (https://app.notion.com/p/DF_JAN25-1680423c14268074a6b9c3af2aed19aa?pvs=21)
Hour cost,Yes,THB 800.00,THB 800.00,On duty,"January 9, 2025",January 25 (https://app.notion.com/p/January-25-1680423c14268084a95dcad7ce162788?pvs=21),⌚เงินรายชั่วโมง_JAN25 (https://app.notion.com/p/_JAN25-1680423c142680189065f9a8b08abb4f?pvs=21)
DF cost,Yes,THB 300.00,THB 300.00,On duty,"January 9, 2025",January 25 (https://app.notion.com/p/January-25-1680423c14268084a95dcad7ce162788?pvs=21),🤷‍♂️เงิน DF_JAN25 (https://app.notion.com/p/DF_JAN25-1680423c14268074a6b9c3af2aed19aa?pvs=21)
Hour cost,Yes,THB 800.00,THB 800.00,On duty,"January 13, 2025",January 25 (https://app.notion.com/p/January-25-1680423c14268084a95dcad7ce162788?pvs=21),⌚เงินรายชั่วโมง_JAN25 (https://app.notion.com/p/_JAN25-1680423c142680189065f9a8b08abb4f?pvs=21)
DF cost,Yes,THB 780.00,THB 780.00,On duty,"January 13, 2025",January 25 (https://app.notion.com/p/January-25-1680423c14268084a95dcad7ce162788?pvs=21),🤷‍♂️เงิน DF_JAN25 (https://app.notion.com/p/DF_JAN25-1680423c14268074a6b9c3af2aed19aa?pvs=21)
เวรเหมา 1หมื่น,Yes,"THB 10,000.00","THB 10,000.00",On duty,"January 20, 2025",January 25 (https://app.notion.com/p/January-25-1680423c14268084a95dcad7ce162788?pvs=21),👝เงินเวรเหมา_JAN25 (https://app.notion.com/p/_JAN25-1680423c14268018941cdbfdbee75b7f?pvs=21)
Hour cost,Yes,THB 800.00,THB 800.00,On duty,"January 20, 2025",January 25 (https://app.notion.com/p/January-25-1680423c14268084a95dcad7ce162788?pvs=21),⌚เงินรายชั่วโมง_JAN25 (https://app.notion.com/p/_JAN25-1680423c142680189065f9a8b08abb4f?pvs=21)
DF cost,Yes,THB 600.00,THB 600.00,On duty,"January 20, 2025",January 25 (https://app.notion.com/p/January-25-1680423c14268084a95dcad7ce162788?pvs=21),🤷‍♂️เงิน DF_JAN25 (https://app.notion.com/p/DF_JAN25-1680423c14268074a6b9c3af2aed19aa?pvs=21)
เงินเดือน,Yes,"THB 24,220.00","THB 24,220.00",Salary,"January 26, 2025",January 25 (https://app.notion.com/p/January-25-1680423c14268084a95dcad7ce162788?pvs=21),🏧เงินเดือนจาก สสจ._JAN25 (https://app.notion.com/p/_JAN25-1680423c14268056be81ce203f7512b3?pvs=21)
ซื้อ ปกส. นอกเวลา 4ชั่วโมง,Yes,"THB 1,000.00","THB 1,000.00",Top up,"February 10, 2025",February 25 (https://app.notion.com/p/February-25-1680423c142680019b92eca39bed27e3?pvs=21),👍🏼เงิน top up_FEB25 (https://app.notion.com/p/top-up_FEB25-1680423c142680f49684cfe8b84d0c8f?pvs=21)
ซื้อ ปกส. นอกเวลา 4ชั่วโมง,Yes,"THB 1,000.00","THB 1,000.00",Top up,"February 20, 2025",February 25 (https://app.notion.com/p/February-25-1680423c142680019b92eca39bed27e3?pvs=21),👍🏼เงิน top up_FEB25 (https://app.notion.com/p/top-up_FEB25-1680423c142680f49684cfe8b84d0c8f?pvs=21)
ซื้อ ปกส. นอกเวลา 8ชั่วโมง,Yes,"THB 2,000.00","THB 2,000.00",Top up,"February 15, 2025",February 25 (https://app.notion.com/p/February-25-1680423c142680019b92eca39bed27e3?pvs=21),👍🏼เงิน top up_FEB25 (https://app.notion.com/p/top-up_FEB25-1680423c142680f49684cfe8b84d0c8f?pvs=21)
Hour cost,Yes,THB 800.00,THB 800.00,On duty,"January 27, 2025",January 25 (https://app.notion.com/p/January-25-1680423c14268084a95dcad7ce162788?pvs=21),⌚เงินรายชั่วโมง_JAN25 (https://app.notion.com/p/_JAN25-1680423c142680189065f9a8b08abb4f?pvs=21)
DF cost,Yes,THB 660.00,THB 760.00,On duty,"January 27, 2025",January 25 (https://app.notion.com/p/January-25-1680423c14268084a95dcad7ce162788?pvs=21),🤷‍♂️เงิน DF_JAN25 (https://app.notion.com/p/DF_JAN25-1680423c14268074a6b9c3af2aed19aa?pvs=21)
Hour cost,Yes,THB 800.00,THB 800.00,On duty,"February 3, 2025",February 25 (https://app.notion.com/p/February-25-1680423c142680019b92eca39bed27e3?pvs=21),⌚เงินรายชั่วโมง_FEB25 (https://app.notion.com/p/_FEB25-1680423c142680deaaf7c37f83150445?pvs=21)
DF cost,Yes,THB 720.00,THB 750.00,On duty,"February 3, 2025",February 25 (https://app.notion.com/p/February-25-1680423c142680019b92eca39bed27e3?pvs=21),🤷‍♂️เงิน DF_FEB25 (https://app.notion.com/p/DF_FEB25-1680423c142680b49f30e32646409228?pvs=21)
Hour cost,Yes,THB 800.00,THB 800.00,On duty,"February 6, 2025",February 25 (https://app.notion.com/p/February-25-1680423c142680019b92eca39bed27e3?pvs=21),⌚เงินรายชั่วโมง_FEB25 (https://app.notion.com/p/_FEB25-1680423c142680deaaf7c37f83150445?pvs=21)
DF cost,Yes,THB 420.00,THB 420.00,On duty,"February 6, 2025",February 25 (https://app.notion.com/p/February-25-1680423c142680019b92eca39bed27e3?pvs=21),🤷‍♂️เงิน DF_FEB25 (https://app.notion.com/p/DF_FEB25-1680423c142680b49f30e32646409228?pvs=21)
Hour cost,Yes,THB 600.00,THB 600.00,On duty,"February 10, 2025",February 25 (https://app.notion.com/p/February-25-1680423c142680019b92eca39bed27e3?pvs=21),⌚เงินรายชั่วโมง_FEB25 (https://app.notion.com/p/_FEB25-1680423c142680deaaf7c37f83150445?pvs=21)
DF cost,Yes,THB 570.00,THB 570.00,On duty,"February 10, 2025",February 25 (https://app.notion.com/p/February-25-1680423c142680019b92eca39bed27e3?pvs=21),🤷‍♂️เงิน DF_FEB25 (https://app.notion.com/p/DF_FEB25-1680423c142680b49f30e32646409228?pvs=21)
Hour cost,Yes,THB 800.00,THB 800.00,On duty,"February 11, 2025",February 25 (https://app.notion.com/p/February-25-1680423c142680019b92eca39bed27e3?pvs=21),⌚เงินรายชั่วโมง_FEB25 (https://app.notion.com/p/_FEB25-1680423c142680deaaf7c37f83150445?pvs=21)
DF cost,Yes,THB 510.00,THB 510.00,On duty,"February 11, 2025",February 25 (https://app.notion.com/p/February-25-1680423c142680019b92eca39bed27e3?pvs=21),🤷‍♂️เงิน DF_FEB25 (https://app.notion.com/p/DF_FEB25-1680423c142680b49f30e32646409228?pvs=21)
Hour cost,Yes,"THB 1,200.00","THB 1,200.00",On duty,"February 15, 2025",February 25 (https://app.notion.com/p/February-25-1680423c142680019b92eca39bed27e3?pvs=21),⌚เงินรายชั่วโมง_FEB25 (https://app.notion.com/p/_FEB25-1680423c142680deaaf7c37f83150445?pvs=21)
DF cost,Yes,THB 990.00,THB 990.00,On duty,"February 15, 2025",February 25 (https://app.notion.com/p/February-25-1680423c142680019b92eca39bed27e3?pvs=21),🤷‍♂️เงิน DF_FEB25 (https://app.notion.com/p/DF_FEB25-1680423c142680b49f30e32646409228?pvs=21)
เวรเหมา 1หมื่น,Yes,"THB 10,000.00","THB 10,000.00",On duty,"February 20, 2025",February 25 (https://app.notion.com/p/February-25-1680423c142680019b92eca39bed27e3?pvs=21),👝เงินเวรเหมา_FEB25 (https://app.notion.com/p/_FEB25-1680423c142680018279c05bc619a0f0?pvs=21)
Hour cost,Yes,THB 600.00,THB 600.00,On duty,"February 20, 2025",February 25 (https://app.notion.com/p/February-25-1680423c142680019b92eca39bed27e3?pvs=21),⌚เงินรายชั่วโมง_FEB25 (https://app.notion.com/p/_FEB25-1680423c142680deaaf7c37f83150445?pvs=21)
DF cost,Yes,THB 450.00,THB 450.00,On duty,"February 20, 2025",February 25 (https://app.notion.com/p/February-25-1680423c142680019b92eca39bed27e3?pvs=21),🤷‍♂️เงิน DF_FEB25 (https://app.notion.com/p/DF_FEB25-1680423c142680b49f30e32646409228?pvs=21)
เงินเดือน,Yes,"THB 24,220.00","THB 24,220.00",Salary,"February 26, 2025",February 25 (https://app.notion.com/p/February-25-1680423c142680019b92eca39bed27e3?pvs=21),🏧เงินเดือนจาก สสจ._FEB25 (https://app.notion.com/p/_FEB25-1680423c142680fd9bc0e559e412acf6?pvs=21)
ซื้อ ปกส. นอกเวลา 4ชั่วโมง,Yes,"THB 1,000.00","THB 1,000.00",Top up,"March 10, 2025",March 25 (https://app.notion.com/p/March-25-1680423c142680a78829f3b78eb4898d?pvs=21),👍🏼เงิน top up_MAR25 (https://app.notion.com/p/top-up_MAR25-1680423c142680acb353d8bd71848a5f?pvs=21)
ซื้อ ปกส. นอกเวลา 4ชั่วโมง,Yes,"THB 1,000.00","THB 1,000.00",Top up,"March 26, 2025",March 25 (https://app.notion.com/p/March-25-1680423c142680a78829f3b78eb4898d?pvs=21),👍🏼เงิน top up_MAR25 (https://app.notion.com/p/top-up_MAR25-1680423c142680acb353d8bd71848a5f?pvs=21)
Credit เงินคืน Uniqlo,Yes,"THB 1,050.00","THB 1,050.00",Extra,"March 1, 2025",February 25 (https://app.notion.com/p/February-25-1680423c142680019b92eca39bed27e3?pvs=21),👍🏼เงิน top up_FEB25 (https://app.notion.com/p/top-up_FEB25-1680423c142680f49684cfe8b84d0c8f?pvs=21)
Hour cost,Yes,THB 600.00,THB 600.00,On duty,"March 10, 2025",March 25 (https://app.notion.com/p/March-25-1680423c142680a78829f3b78eb4898d?pvs=21),⌚เงินรายชั่วโมง_MAR25 (https://app.notion.com/p/_MAR25-1680423c142680f2a134fd7692cf5d30?pvs=21)
DF cost,Yes,THB 450.00,THB 450.00,On duty,"March 10, 2025",March 25 (https://app.notion.com/p/March-25-1680423c142680a78829f3b78eb4898d?pvs=21),🤷‍♂️เงิน DF_MAR25 (https://app.notion.com/p/DF_MAR25-1680423c14268034b036f3c047bf9c86?pvs=21)
ซื้อ ปกส. นอกเวลา 4ชั่วโมง,Yes,"THB 1,200.00","THB 1,200.00",Top up,"March 16, 2025",March 25 (https://app.notion.com/p/March-25-1680423c142680a78829f3b78eb4898d?pvs=21),👍🏼เงิน top up_MAR25 (https://app.notion.com/p/top-up_MAR25-1680423c142680acb353d8bd71848a5f?pvs=21)
Hour cost,Yes,THB 600.00,THB 600.00,On duty,"March 16, 2025",March 25 (https://app.notion.com/p/March-25-1680423c142680a78829f3b78eb4898d?pvs=21),⌚เงินรายชั่วโมง_MAR25 (https://app.notion.com/p/_MAR25-1680423c142680f2a134fd7692cf5d30?pvs=21)
DF cost,Yes,THB 210.00,THB 210.00,On duty,"March 16, 2025",March 25 (https://app.notion.com/p/March-25-1680423c142680a78829f3b78eb4898d?pvs=21),🤷‍♂️เงิน DF_MAR25 (https://app.notion.com/p/DF_MAR25-1680423c14268034b036f3c047bf9c86?pvs=21)
ซื้อ ปกส. นอกเวลา 8ชั่วโมง,Yes,"THB 2,000.00","THB 2,000.00",Top up,"March 23, 2025",March 25 (https://app.notion.com/p/March-25-1680423c142680a78829f3b78eb4898d?pvs=21),👍🏼เงิน top up_MAR25 (https://app.notion.com/p/top-up_MAR25-1680423c142680acb353d8bd71848a5f?pvs=21)
ซื้อ TTCM,Yes,THB 990.00,"THB 1,000.00",On duty,"April 5, 2025",April 25 (https://app.notion.com/p/April-25-1680423c14268091aa72fc1dd291be31?pvs=21),💉TTCM_APR25 (https://app.notion.com/p/TTCM_APR25-1680423c142680bc9752d0c445ae8651?pvs=21)
Hour cost,Yes,"THB 1,200.00","THB 1,200.00",On duty,"March 23, 2025",March 25 (https://app.notion.com/p/March-25-1680423c142680a78829f3b78eb4898d?pvs=21),⌚เงินรายชั่วโมง_MAR25 (https://app.notion.com/p/_MAR25-1680423c142680f2a134fd7692cf5d30?pvs=21)
DF cost,Yes,THB 690.00,THB 690.00,On duty,"March 23, 2025",March 25 (https://app.notion.com/p/March-25-1680423c142680a78829f3b78eb4898d?pvs=21),🤷‍♂️เงิน DF_MAR25 (https://app.notion.com/p/DF_MAR25-1680423c14268034b036f3c047bf9c86?pvs=21)
เงินเดือน,Yes,"THB 24,220.00","THB 24,220.00",Salary,"March 26, 2025",March 25 (https://app.notion.com/p/March-25-1680423c142680a78829f3b78eb4898d?pvs=21),🏧เงินเดือนจาก สสจ._MAR25 (https://app.notion.com/p/_MAR25-1680423c142680fd95e6e6bb343c12e8?pvs=21)
Hour cost,Yes,THB 600.00,THB 600.00,On duty,"March 26, 2025",March 25 (https://app.notion.com/p/March-25-1680423c142680a78829f3b78eb4898d?pvs=21),⌚เงินรายชั่วโมง_MAR25 (https://app.notion.com/p/_MAR25-1680423c142680f2a134fd7692cf5d30?pvs=21)
DF cost,Yes,THB 450.00,THB 450.00,On duty,"March 26, 2025",March 25 (https://app.notion.com/p/March-25-1680423c142680a78829f3b78eb4898d?pvs=21),🤷‍♂️เงิน DF_MAR25 (https://app.notion.com/p/DF_MAR25-1680423c14268034b036f3c047bf9c86?pvs=21)
ซื้อ ปกส. นอกเวลา 4ชั่วโมง,Yes,"THB 1,100.00","THB 1,100.00",Top up,"April 1, 2025",April 25 (https://app.notion.com/p/April-25-1680423c14268091aa72fc1dd291be31?pvs=21),👍🏼เงิน top up_APR25 (https://app.notion.com/p/top-up_APR25-1680423c142680c38576c9455e7c8d2c?pvs=21)
เงินประจำตำแหน่ง + ตกเบิก,Yes,"THB 36,580.65","THB 36,580.65",Salary,"April 1, 2025",March 25 (https://app.notion.com/p/March-25-1680423c142680a78829f3b78eb4898d?pvs=21),🏧เงินเดือนจาก สสจ._MAR25 (https://app.notion.com/p/_MAR25-1680423c142680fd95e6e6bb343c12e8?pvs=21)
Hour cost,Yes,THB 600.00,THB 600.00,On duty,"April 1, 2025",April 25 (https://app.notion.com/p/April-25-1680423c14268091aa72fc1dd291be31?pvs=21),⌚เงินรายชั่วโมง_APR25 (https://app.notion.com/p/_APR25-1680423c14268034ab97f053063fad29?pvs=21)
DF cost,Yes,THB 210.00,THB 210.00,On duty,"April 1, 2025",April 25 (https://app.notion.com/p/April-25-1680423c14268091aa72fc1dd291be31?pvs=21),🤷‍♂️เงิน DF_APR25 (https://app.notion.com/p/DF_APR25-1680423c142680a3b2e3c4fbec6c5801?pvs=21)
ซื้อ ปกส. นอกเวลา 4ชั่วโมง,Yes,"THB 1,000.00","THB 1,000.00",Top up,"April 24, 2025",April 25 (https://app.notion.com/p/April-25-1680423c14268091aa72fc1dd291be31?pvs=21),👍🏼เงิน top up_APR25 (https://app.notion.com/p/top-up_APR25-1680423c142680c38576c9455e7c8d2c?pvs=21)
Hour cost,Yes,THB 600.00,THB 600.00,On duty,"April 2, 2025",April 25 (https://app.notion.com/p/April-25-1680423c14268091aa72fc1dd291be31?pvs=21),⌚เงินรายชั่วโมง_APR25 (https://app.notion.com/p/_APR25-1680423c14268034ab97f053063fad29?pvs=21)
DF cost,Yes,THB 450.00,THB 450.00,On duty,"April 2, 2025",April 25 (https://app.notion.com/p/April-25-1680423c14268091aa72fc1dd291be31?pvs=21),🤷‍♂️เงิน DF_APR25 (https://app.notion.com/p/DF_APR25-1680423c142680a3b2e3c4fbec6c5801?pvs=21)
ซื้อ ปกส. นอกเวลา 4ชั่วโมง,Yes,"THB 1,000.00","THB 1,000.00",Top up,"April 22, 2025",April 25 (https://app.notion.com/p/April-25-1680423c14268091aa72fc1dd291be31?pvs=21),👍🏼เงิน top up_APR25 (https://app.notion.com/p/top-up_APR25-1680423c142680c38576c9455e7c8d2c?pvs=21)
DF cost,Yes,THB 330.00,THB 330.00,On duty,"April 9, 2025",April 25 (https://app.notion.com/p/April-25-1680423c14268091aa72fc1dd291be31?pvs=21),🤷‍♂️เงิน DF_APR25 (https://app.notion.com/p/DF_APR25-1680423c142680a3b2e3c4fbec6c5801?pvs=21)
Hour cost,Yes,THB 600.00,THB 600.00,On duty,"April 9, 2025",April 25 (https://app.notion.com/p/April-25-1680423c14268091aa72fc1dd291be31?pvs=21),⌚เงินรายชั่วโมง_APR25 (https://app.notion.com/p/_APR25-1680423c14268034ab97f053063fad29?pvs=21)
ซื้อ ปกส. นอกเวลา 4ชั่วโมง,Yes,"THB 1,200.00","THB 1,200.00",Top up,"April 20, 2025",April 25 (https://app.notion.com/p/April-25-1680423c14268091aa72fc1dd291be31?pvs=21),👍🏼เงิน top up_APR25 (https://app.notion.com/p/top-up_APR25-1680423c142680c38576c9455e7c8d2c?pvs=21)
ซื้อ ปกส. นอกเวลา 4ชั่วโมง,Yes,"THB 1,100.00","THB 1,100.00",Top up,"April 2, 2025",April 25 (https://app.notion.com/p/April-25-1680423c14268091aa72fc1dd291be31?pvs=21),👍🏼เงิน top up_APR25 (https://app.notion.com/p/top-up_APR25-1680423c142680c38576c9455e7c8d2c?pvs=21)
ซื้อ ปกส. นอกเวลา 4ชั่วโมง,Yes,"THB 1,100.00","THB 1,100.00",Top up,"April 9, 2025",April 25 (https://app.notion.com/p/April-25-1680423c14268091aa72fc1dd291be31?pvs=21),👍🏼เงิน top up_APR25 (https://app.notion.com/p/top-up_APR25-1680423c142680c38576c9455e7c8d2c?pvs=21)
ซื้อ ปกส. นอกเวลา 8ชั่วโมง,Yes,"THB 2,200.00","THB 2,200.00",Top up,"April 27, 2025",April 25 (https://app.notion.com/p/April-25-1680423c14268091aa72fc1dd291be31?pvs=21),👍🏼เงิน top up_APR25 (https://app.notion.com/p/top-up_APR25-1680423c142680c38576c9455e7c8d2c?pvs=21)
เวรเหมา 1หมื่น,Yes,"THB 10,000.00","THB 10,000.00",On duty,"April 20, 2025",March 25 (https://app.notion.com/p/March-25-1680423c142680a78829f3b78eb4898d?pvs=21),👝เงินเวรเหมา_MAR25 (https://app.notion.com/p/_MAR25-1680423c142680adaa6bd1c3c3e6c287?pvs=21)
DF,Yes,THB 510.00,THB 510.00,On duty,"April 20, 2025",April 25 (https://app.notion.com/p/April-25-1680423c14268091aa72fc1dd291be31?pvs=21),🤷‍♂️เงิน DF_APR25 (https://app.notion.com/p/DF_APR25-1680423c142680a3b2e3c4fbec6c5801?pvs=21)
Hour cost,Yes,THB 600.00,THB 600.00,On duty,"April 20, 2025",April 25 (https://app.notion.com/p/April-25-1680423c14268091aa72fc1dd291be31?pvs=21),⌚เงินรายชั่วโมง_APR25 (https://app.notion.com/p/_APR25-1680423c14268034ab97f053063fad29?pvs=21)
ซื้อ TTCM,Yes,THB 990.00,"THB 1,000.00",On duty,"May 25, 2025",May 25 (https://app.notion.com/p/May-25-1680423c1426802f9076cb993db7d3f9?pvs=21),💉TTCM_MAY25 (https://app.notion.com/p/TTCM_MAY25-1680423c1426802783eadb712790147f?pvs=21)
DF cost,Yes,THB 480.00,THB 480.00,On duty,"April 22, 2025",April 25 (https://app.notion.com/p/April-25-1680423c14268091aa72fc1dd291be31?pvs=21),🤷‍♂️เงิน DF_APR25 (https://app.notion.com/p/DF_APR25-1680423c142680a3b2e3c4fbec6c5801?pvs=21)
Hour cost,Yes,THB 600.00,THB 600.00,On duty,"April 22, 2025",April 25 (https://app.notion.com/p/April-25-1680423c14268091aa72fc1dd291be31?pvs=21),⌚เงินรายชั่วโมง_APR25 (https://app.notion.com/p/_APR25-1680423c14268034ab97f053063fad29?pvs=21)
Hour cost,Yes,THB 600.00,THB 600.00,On duty,"April 24, 2025",April 25 (https://app.notion.com/p/April-25-1680423c14268091aa72fc1dd291be31?pvs=21),⌚เงินรายชั่วโมง_APR25 (https://app.notion.com/p/_APR25-1680423c14268034ab97f053063fad29?pvs=21)
DF cost,Yes,THB 480.00,THB 480.00,On duty,"April 24, 2025",April 25 (https://app.notion.com/p/April-25-1680423c14268091aa72fc1dd291be31?pvs=21),🤷‍♂️เงิน DF_APR25 (https://app.notion.com/p/DF_APR25-1680423c142680a3b2e3c4fbec6c5801?pvs=21)
เงินเดือน+ประจำตำแหน่ง,Yes,"THB 27,720.00","THB 27,720.00",Salary,"April 26, 2025",April 25 (https://app.notion.com/p/April-25-1680423c14268091aa72fc1dd291be31?pvs=21),🏧เงินเดือนจาก สสจ._APR25 (https://app.notion.com/p/_APR25-1680423c142680cab601f96e81f12986?pvs=21)
Hour cost,Yes,"THB 1,200.00","THB 1,200.00",On duty,"April 27, 2025",April 25 (https://app.notion.com/p/April-25-1680423c14268091aa72fc1dd291be31?pvs=21),⌚เงินรายชั่วโมง_APR25 (https://app.notion.com/p/_APR25-1680423c14268034ab97f053063fad29?pvs=21)
DF cost,Yes,THB 540.00,THB 540.00,On duty,"April 27, 2025",April 25 (https://app.notion.com/p/April-25-1680423c14268091aa72fc1dd291be31?pvs=21),🤷‍♂️เงิน DF_APR25 (https://app.notion.com/p/DF_APR25-1680423c142680a3b2e3c4fbec6c5801?pvs=21)
เวรเหมา 1หมื่น,Yes,"THB 10,000.00","THB 10,000.00",On duty,"April 20, 2025",April 25 (https://app.notion.com/p/April-25-1680423c14268091aa72fc1dd291be31?pvs=21),👝เงินเวรเหมา_APR25 (https://app.notion.com/p/_APR25-1680423c142680628f1ed4e4ec7e881a?pvs=21)
ซื้อ ปกส. นอกเวลา 4ชั่วโมง,Yes,"THB 1,600.00","THB 1,600.00",Top up,"May 3, 2025",May 25 (https://app.notion.com/p/May-25-1680423c1426802f9076cb993db7d3f9?pvs=21),👍🏼เงิน top up_MAY25 (https://app.notion.com/p/top-up_MAY25-1680423c14268087b3a5eeb823aa093c?pvs=21)
Hour cost,Yes,THB 600.00,THB 600.00,On duty,"May 3, 2025",May 25 (https://app.notion.com/p/May-25-1680423c1426802f9076cb993db7d3f9?pvs=21),⌚เงินรายชั่วโมง_MAY25 (https://app.notion.com/p/_MAY25-1680423c142680f19f81dfd09e8f89cd?pvs=21)
DF cost,Yes,THB 420.00,THB 420.00,On duty,"May 3, 2025",May 25 (https://app.notion.com/p/May-25-1680423c1426802f9076cb993db7d3f9?pvs=21),🤷‍♂️เงิน DF_MAY25 (https://app.notion.com/p/DF_MAY25-1680423c14268056b2b6c4036779aa07?pvs=21)
ซื้อ ปกส. นอกเวลา 4ชั่วโมง,Yes,"THB 1,000.00","THB 1,000.00",Top up,"May 8, 2025",May 25 (https://app.notion.com/p/May-25-1680423c1426802f9076cb993db7d3f9?pvs=21),👍🏼เงิน top up_MAY25 (https://app.notion.com/p/top-up_MAY25-1680423c14268087b3a5eeb823aa093c?pvs=21)
Hour cost,Yes,THB 600.00,THB 600.00,On duty,"May 8, 2025",May 25 (https://app.notion.com/p/May-25-1680423c1426802f9076cb993db7d3f9?pvs=21),⌚เงินรายชั่วโมง_MAY25 (https://app.notion.com/p/_MAY25-1680423c142680f19f81dfd09e8f89cd?pvs=21)
DF cost,Yes,THB 390.00,THB 330.00,On duty,"May 8, 2025",May 25 (https://app.notion.com/p/May-25-1680423c1426802f9076cb993db7d3f9?pvs=21),🤷‍♂️เงิน DF_MAY25 (https://app.notion.com/p/DF_MAY25-1680423c14268056b2b6c4036779aa07?pvs=21)
ซื้อ ปกส. นอกเวลา 4ชั่วโมง,Yes,"THB 1,000.00","THB 1,000.00",Top up,"May 13, 2025",May 25 (https://app.notion.com/p/May-25-1680423c1426802f9076cb993db7d3f9?pvs=21),👍🏼เงิน top up_MAY25 (https://app.notion.com/p/top-up_MAY25-1680423c14268087b3a5eeb823aa093c?pvs=21)
Hour cost,Yes,THB 600.00,THB 600.00,On duty,"May 13, 2025",May 25 (https://app.notion.com/p/May-25-1680423c1426802f9076cb993db7d3f9?pvs=21),⌚เงินรายชั่วโมง_MAY25 (https://app.notion.com/p/_MAY25-1680423c142680f19f81dfd09e8f89cd?pvs=21)
DF cost,Yes,THB 390.00,THB 390.00,On duty,"May 13, 2025",May 25 (https://app.notion.com/p/May-25-1680423c1426802f9076cb993db7d3f9?pvs=21),🤷‍♂️เงิน DF_MAY25 (https://app.notion.com/p/DF_MAY25-1680423c14268056b2b6c4036779aa07?pvs=21)
เงินเดือน + เงินประจำตำแหน่ง,Yes,"THB 27,720.00","THB 27,720.00",Salary,"May 26, 2025",May 25 (https://app.notion.com/p/May-25-1680423c1426802f9076cb993db7d3f9?pvs=21),🏧เงินเดือนจาก สสจ._MAY25 (https://app.notion.com/p/_MAY25-1680423c142680628952eb81375540ec?pvs=21)
Hour cost,Yes,"THB 1,200.00","THB 1,200.00",On duty,"May 31, 2025",May 25 (https://app.notion.com/p/May-25-1680423c1426802f9076cb993db7d3f9?pvs=21),⌚เงินรายชั่วโมง_MAY25 (https://app.notion.com/p/_MAY25-1680423c142680f19f81dfd09e8f89cd?pvs=21)
DF cost,Yes,THB 750.00,THB 750.00,On duty,"May 31, 2025",May 25 (https://app.notion.com/p/May-25-1680423c1426802f9076cb993db7d3f9?pvs=21),🤷‍♂️เงิน DF_MAY25 (https://app.notion.com/p/DF_MAY25-1680423c14268056b2b6c4036779aa07?pvs=21)
ซื้อ TTCM,Yes,THB 990.00,"THB 1,000.00",On duty,"June 21, 2025",June 25 (https://app.notion.com/p/June-25-1680423c142680e9a46cf1c140fcae4a?pvs=21),💉TTCM_JUN25 (https://app.notion.com/p/TTCM_JUN25-1680423c142680e990dcc129b8a9970d?pvs=21)
ซื้อ TTCM,Yes,THB 990.00,"THB 1,000.00",On duty,"July 6, 2025",July 25 (https://app.notion.com/p/July-25-1680423c142680bf957adb6994892d03?pvs=21),💉TTCM_JUL25 (https://app.notion.com/p/TTCM_JUL25-1680423c14268002bfd9fe29d76acd42?pvs=21)
เงินเดือน + เงินประจำตำแหน่ง,Yes,"THB 27,720.00","THB 27,720.00",Salary,"June 26, 2025",June 25 (https://app.notion.com/p/June-25-1680423c142680e9a46cf1c140fcae4a?pvs=21),🏧เงินเดือนจาก สสจ._JUN25 (https://app.notion.com/p/_JUN25-1680423c1426804fa419c595b705df9f?pvs=21)
ซื้อ ปกส. นอกเวลา 4ชั่วโมง,Yes,"THB 1,000.00","THB 1,000.00",Top up,"July 9, 2025",July 25 (https://app.notion.com/p/July-25-1680423c142680bf957adb6994892d03?pvs=21),👍🏼เงิน top up_JUL25 (https://app.notion.com/p/top-up_JUL25-1680423c142680bf9e67e2e238f5bb48?pvs=21)
ซื้อ ปกส. นอกเวลา 8ชั่วโมง,Yes,"THB 2,000.00","THB 2,000.00",Top up,"July 19, 2025",July 25 (https://app.notion.com/p/July-25-1680423c142680bf957adb6994892d03?pvs=21),👍🏼เงิน top up_JUL25 (https://app.notion.com/p/top-up_JUL25-1680423c142680bf9e67e2e238f5bb48?pvs=21)
DF cost,Yes,THB 510.00,THB 510.00,On duty,"July 9, 2025",July 25 (https://app.notion.com/p/July-25-1680423c142680bf957adb6994892d03?pvs=21),🤷‍♂️เงิน DF_JUL25 (https://app.notion.com/p/DF_JUL25-1680423c142680e4bf65ed57d5ce16e6?pvs=21)
Hour cost,Yes,THB 600.00,THB 600.00,On duty,"July 9, 2025",July 25 (https://app.notion.com/p/July-25-1680423c142680bf957adb6994892d03?pvs=21),⌚เงินรายชั่วโมง_JUL25 (https://app.notion.com/p/_JUL25-1680423c1426805c8e8ceba452a9f1ef?pvs=21)
Hour cost,Yes,"THB 1,200.00","THB 1,200.00",On duty,"July 19, 2025",July 25 (https://app.notion.com/p/July-25-1680423c142680bf957adb6994892d03?pvs=21),⌚เงินรายชั่วโมง_JUL25 (https://app.notion.com/p/_JUL25-1680423c1426805c8e8ceba452a9f1ef?pvs=21)
DF cost,Yes,THB 780.00,THB 780.00,On duty,"July 19, 2025",July 25 (https://app.notion.com/p/July-25-1680423c142680bf957adb6994892d03?pvs=21),🤷‍♂️เงิน DF_JUL25 (https://app.notion.com/p/DF_JUL25-1680423c142680e4bf65ed57d5ce16e6?pvs=21)
เงินเดือน + เงินประจำตำแหน่ง,Yes,"THB 27,720.00","THB 27,720.00",Salary,"July 26, 2025",July 25 (https://app.notion.com/p/July-25-1680423c142680bf957adb6994892d03?pvs=21),🏧เงินเดือนจาก สสจ._JUL25 (https://app.notion.com/p/_JUL25-1680423c14268099bfaccc169037e396?pvs=21)
ซื้อ TTCM,Yes,THB 990.00,"THB 1,000.00",On duty,"August 3, 2025",August 25 (https://app.notion.com/p/August-25-1680423c1426809bae24d3e1dd24ed82?pvs=21),💉TTCM_AUG25 (https://app.notion.com/p/TTCM_AUG25-1680423c142680408ba5eb3146202dc3?pvs=21)
ซื้อ ปกส. นอกเวลา 4ชั่วโมง,Yes,"THB 1,000.00","THB 1,000.00",Top up,"August 14, 2025",August 25 (https://app.notion.com/p/August-25-1680423c1426809bae24d3e1dd24ed82?pvs=21),👍🏼เงิน top up_AUG25 (https://app.notion.com/p/top-up_AUG25-1680423c14268091b11fcb1ec5e8f31b?pvs=21)
ซื้อ ปกส. นอกเวลา 4ชั่วโมง,Yes,"THB 1,000.00","THB 1,000.00",Top up,"August 18, 2025",August 25 (https://app.notion.com/p/August-25-1680423c1426809bae24d3e1dd24ed82?pvs=21),👍🏼เงิน top up_AUG25 (https://app.notion.com/p/top-up_AUG25-1680423c14268091b11fcb1ec5e8f31b?pvs=21)
ค่าชดเชยอุบัติเหตุ,Yes,"THB 13,000.00","THB 13,000.00",Extra,"August 11, 2025",August 25 (https://app.notion.com/p/August-25-1680423c1426809bae24d3e1dd24ed82?pvs=21),👍🏼เงิน top up_AUG25 (https://app.notion.com/p/top-up_AUG25-1680423c14268091b11fcb1ec5e8f31b?pvs=21)
Hour cost,Yes,THB 600.00,THB 600.00,On duty,"August 14, 2025",August 25 (https://app.notion.com/p/August-25-1680423c1426809bae24d3e1dd24ed82?pvs=21),⌚เงินรายชั่วโมง_AUG25 (https://app.notion.com/p/_AUG25-1680423c142680df99b0fbb57df7bc39?pvs=21)
DF cost,Yes,THB 330.00,THB 330.00,On duty,"August 14, 2025",August 25 (https://app.notion.com/p/August-25-1680423c1426809bae24d3e1dd24ed82?pvs=21),🤷‍♂️เงิน DF_AUG25 (https://app.notion.com/p/DF_AUG25-1680423c142680b4a14afd791384c282?pvs=21)
DF cost,Yes,THB 810.00,THB 540.00,On duty,"August 18, 2025",August 25 (https://app.notion.com/p/August-25-1680423c1426809bae24d3e1dd24ed82?pvs=21),🤷‍♂️เงิน DF_AUG25 (https://app.notion.com/p/DF_AUG25-1680423c142680b4a14afd791384c282?pvs=21)
Hour cost,Yes,THB 600.00,THB 600.00,On duty,"August 18, 2025",August 25 (https://app.notion.com/p/August-25-1680423c1426809bae24d3e1dd24ed82?pvs=21),⌚เงินรายชั่วโมง_AUG25 (https://app.notion.com/p/_AUG25-1680423c142680df99b0fbb57df7bc39?pvs=21)
เวรเหมา 1หมื่น,Yes,"THB 10,000.00","THB 10,000.00",On duty,"August 20, 2025",July 25 (https://app.notion.com/p/July-25-1680423c142680bf957adb6994892d03?pvs=21),👝เงินเวรเหมา_JUL25 (https://app.notion.com/p/_JUL25-1680423c142680838f8bc92559715b37?pvs=21)
เงินเดือน + เงินประจำตำแหน่ง,Yes,"THB 27,720.00","THB 27,720.00",Salary,"August 26, 2025",August 25 (https://app.notion.com/p/August-25-1680423c1426809bae24d3e1dd24ed82?pvs=21),🏧เงินเดือนจาก สสจ._AUG25 (https://app.notion.com/p/_AUG25-1680423c142680de87c4e2969dea614a?pvs=21)
เวรเหมา 1หมื่น,Yes,"THB 10,000.00","THB 10,000.00",On duty,"September 20, 2025",August 25 (https://app.notion.com/p/August-25-1680423c1426809bae24d3e1dd24ed82?pvs=21),👝เงินเวรเหมา_AUG25 (https://app.notion.com/p/_AUG25-1680423c1426800da82ef96d8cbc7bbd?pvs=21)
ซื้อ TTCM,Yes,THB 990.00,"THB 1,000.00",On duty,"October 25, 2025",October 25 (https://app.notion.com/p/October-25-1680423c1426801db108da5af9c1f261?pvs=21),💉TTCM_OCT25 (https://app.notion.com/p/TTCM_OCT25-1680423c142680298e80c6468e654e40?pvs=21)
ซื้อ TTCM,Yes,THB 990.00,"THB 1,000.00",On duty,"October 5, 2025",October 25 (https://app.notion.com/p/October-25-1680423c1426801db108da5af9c1f261?pvs=21),💉TTCM_OCT25 (https://app.notion.com/p/TTCM_OCT25-1680423c142680298e80c6468e654e40?pvs=21)
เงินเดือน + เงินประจำตำแหน่ง,Yes,"THB 27,720.00","THB 27,720.00",Salary,"September 26, 2025",September 25 (https://app.notion.com/p/September-25-1680423c142680febd5ad64882b3e363?pvs=21),🏧เงินเดือนจาก สสจ._SEP25 (https://app.notion.com/p/_SEP25-1680423c142680cdafbfff9d67eb7ca9?pvs=21)
ซื้อ ปกส. นอกเวลา 4ชั่วโมง,Yes,"THB 1,000.00","THB 1,000.00",Top up,"October 1, 2025",October 25 (https://app.notion.com/p/October-25-1680423c1426801db108da5af9c1f261?pvs=21),👍🏼เงิน top up_OCT25 (https://app.notion.com/p/top-up_OCT25-1680423c1426807caa59e99ddae169b9?pvs=21)
ซื้อ ปกส. นอกเวลา 4ชั่วโมง,Yes,"THB 1,000.00","THB 1,000.00",Top up,"October 9, 2025",October 25 (https://app.notion.com/p/October-25-1680423c1426801db108da5af9c1f261?pvs=21),👍🏼เงิน top up_OCT25 (https://app.notion.com/p/top-up_OCT25-1680423c1426807caa59e99ddae169b9?pvs=21)
ซื้อ ปกส. นอกเวลา 4ชั่วโมง,Yes,"THB 1,000.00","THB 1,000.00",Top up,"October 15, 2025",October 25 (https://app.notion.com/p/October-25-1680423c1426801db108da5af9c1f261?pvs=21),👍🏼เงิน top up_OCT25 (https://app.notion.com/p/top-up_OCT25-1680423c1426807caa59e99ddae169b9?pvs=21)
ซื้อ OPD นอกเวลา 8ชั่วโมง,Yes,"THB 2,400.00","THB 2,400.00",Top up,"October 22, 2025",October 25 (https://app.notion.com/p/October-25-1680423c1426801db108da5af9c1f261?pvs=21),👍🏼เงิน top up_OCT25 (https://app.notion.com/p/top-up_OCT25-1680423c1426807caa59e99ddae169b9?pvs=21)
Hour cost,Yes,THB 600.00,THB 600.00,On duty,"October 1, 2025",October 25 (https://app.notion.com/p/October-25-1680423c1426801db108da5af9c1f261?pvs=21),⌚เงินรายชั่วโมง_OCT25 (https://app.notion.com/p/_OCT25-1680423c14268086a095fe2dffc40408?pvs=21)
DF cost,Yes,THB 330.00,THB 330.00,On duty,"October 1, 2025",October 25 (https://app.notion.com/p/October-25-1680423c1426801db108da5af9c1f261?pvs=21),🤷‍♂️เงิน DF_OCT25 (https://app.notion.com/p/DF_OCT25-1680423c14268092894af5430c32fd00?pvs=21)
ซื้อ ปกส. นอกเวลา 4ชั่วโมง,Yes,"THB 1,000.00","THB 1,000.00",Top up,"October 4, 2025",October 25 (https://app.notion.com/p/October-25-1680423c1426801db108da5af9c1f261?pvs=21),👍🏼เงิน top up_OCT25 (https://app.notion.com/p/top-up_OCT25-1680423c1426807caa59e99ddae169b9?pvs=21)
ซื้อ ปกส. นอกเวลา 4ชั่วโมง,Yes,"THB 1,000.00","THB 1,000.00",Top up,"October 14, 2025",October 25 (https://app.notion.com/p/October-25-1680423c1426801db108da5af9c1f261?pvs=21),👍🏼เงิน top up_OCT25 (https://app.notion.com/p/top-up_OCT25-1680423c1426807caa59e99ddae169b9?pvs=21)
Hour cost,Yes,THB 600.00,THB 600.00,On duty,"October 4, 2025",October 25 (https://app.notion.com/p/October-25-1680423c1426801db108da5af9c1f261?pvs=21),⌚เงินรายชั่วโมง_OCT25 (https://app.notion.com/p/_OCT25-1680423c14268086a095fe2dffc40408?pvs=21)
DF cost,Yes,THB 480.00,THB 480.00,On duty,"October 4, 2025",October 25 (https://app.notion.com/p/October-25-1680423c1426801db108da5af9c1f261?pvs=21),🤷‍♂️เงิน DF_OCT25 (https://app.notion.com/p/DF_OCT25-1680423c14268092894af5430c32fd00?pvs=21)
ซื้อ ปกส. นอกเวลา 4ชั่วโมง,Yes,"THB 1,000.00","THB 1,000.00",Top up,"October 7, 2025",October 25 (https://app.notion.com/p/October-25-1680423c1426801db108da5af9c1f261?pvs=21),👍🏼เงิน top up_OCT25 (https://app.notion.com/p/top-up_OCT25-1680423c1426807caa59e99ddae169b9?pvs=21)
Hour cost,Yes,THB 600.00,THB 600.00,On duty,"October 7, 2025",October 25 (https://app.notion.com/p/October-25-1680423c1426801db108da5af9c1f261?pvs=21),⌚เงินรายชั่วโมง_OCT25 (https://app.notion.com/p/_OCT25-1680423c14268086a095fe2dffc40408?pvs=21)
DF cost,Yes,THB 330.00,THB 330.00,On duty,"October 7, 2025",October 25 (https://app.notion.com/p/October-25-1680423c1426801db108da5af9c1f261?pvs=21),🤷‍♂️เงิน DF_OCT25 (https://app.notion.com/p/DF_OCT25-1680423c14268092894af5430c32fd00?pvs=21)
Hour cost,Yes,THB 600.00,THB 600.00,On duty,"October 9, 2025",October 25 (https://app.notion.com/p/October-25-1680423c1426801db108da5af9c1f261?pvs=21),⌚เงินรายชั่วโมง_OCT25 (https://app.notion.com/p/_OCT25-1680423c14268086a095fe2dffc40408?pvs=21)
DF cost,Yes,THB 420.00,THB 420.00,On duty,"October 9, 2025",October 25 (https://app.notion.com/p/October-25-1680423c1426801db108da5af9c1f261?pvs=21),🤷‍♂️เงิน DF_OCT25 (https://app.notion.com/p/DF_OCT25-1680423c14268092894af5430c32fd00?pvs=21)
DF cost,Yes,THB 480.00,THB 480.00,On duty,"October 14, 2025",October 25 (https://app.notion.com/p/October-25-1680423c1426801db108da5af9c1f261?pvs=21),🤷‍♂️เงิน DF_OCT25 (https://app.notion.com/p/DF_OCT25-1680423c14268092894af5430c32fd00?pvs=21)
Hour cost,Yes,THB 600.00,THB 600.00,On duty,"October 14, 2025",October 25 (https://app.notion.com/p/October-25-1680423c1426801db108da5af9c1f261?pvs=21),⌚เงินรายชั่วโมง_OCT25 (https://app.notion.com/p/_OCT25-1680423c14268086a095fe2dffc40408?pvs=21)
Hour cost,Yes,THB 600.00,THB 600.00,On duty,"October 15, 2025",October 25 (https://app.notion.com/p/October-25-1680423c1426801db108da5af9c1f261?pvs=21),⌚เงินรายชั่วโมง_OCT25 (https://app.notion.com/p/_OCT25-1680423c14268086a095fe2dffc40408?pvs=21)
DF cost,Yes,THB 330.00,THB 330.00,On duty,"October 15, 2025",October 25 (https://app.notion.com/p/October-25-1680423c1426801db108da5af9c1f261?pvs=21),🤷‍♂️เงิน DF_OCT25 (https://app.notion.com/p/DF_OCT25-1680423c14268092894af5430c32fd00?pvs=21)
Hour cost,Yes,"THB 1,200.00","THB 1,200.00",On duty,"October 22, 2025",October 25 (https://app.notion.com/p/October-25-1680423c1426801db108da5af9c1f261?pvs=21),⌚เงินรายชั่วโมง_OCT25 (https://app.notion.com/p/_OCT25-1680423c14268086a095fe2dffc40408?pvs=21)
DF cost,Yes,THB 660.00,THB 750.00,On duty,"October 22, 2025",October 25 (https://app.notion.com/p/October-25-1680423c1426801db108da5af9c1f261?pvs=21),🤷‍♂️เงิน DF_OCT25 (https://app.notion.com/p/DF_OCT25-1680423c14268092894af5430c32fd00?pvs=21)
เงินเดือน + เงินประจำตำแหน่ง,Yes,"THB 27,720.00","THB 27,720.00",Salary,"October 26, 2025",October 25 (https://app.notion.com/p/October-25-1680423c1426801db108da5af9c1f261?pvs=21),🏧เงินเดือนจาก สสจ._OCT25 (https://app.notion.com/p/_OCT25-1680423c142680878672e9a492099e08?pvs=21)
ซื้อ ปกส. นอกเวลา 4ชั่วโมง,Yes,"THB 1,000.00","THB 1,000.00",Top up,"November 5, 2025",November 25 (https://app.notion.com/p/November-25-1680423c1426807fb656e64f5f6ca534?pvs=21),👍🏼เงิน top up_NOV25 (https://app.notion.com/p/top-up_NOV25-1680423c14268067a742c488e68a09d1?pvs=21)
ซื้อ ปกส. นอกเวลา 4ชั่วโมง,Yes,"THB 1,000.00","THB 1,000.00",Top up,"October 28, 2025",October 25 (https://app.notion.com/p/October-25-1680423c1426801db108da5af9c1f261?pvs=21),👍🏼เงิน top up_OCT25 (https://app.notion.com/p/top-up_OCT25-1680423c1426807caa59e99ddae169b9?pvs=21)
Hour cost,Yes,THB 600.00,THB 600.00,On duty,"October 28, 2025",October 25 (https://app.notion.com/p/October-25-1680423c1426801db108da5af9c1f261?pvs=21),⌚เงินรายชั่วโมง_OCT25 (https://app.notion.com/p/_OCT25-1680423c14268086a095fe2dffc40408?pvs=21)
DF cost,Yes,THB 480.00,THB 510.00,On duty,"October 28, 2025",October 25 (https://app.notion.com/p/October-25-1680423c1426801db108da5af9c1f261?pvs=21),🤷‍♂️เงิน DF_OCT25 (https://app.notion.com/p/DF_OCT25-1680423c14268092894af5430c32fd00?pvs=21)
Hour cost,Yes,THB 600.00,THB 600.00,On duty,"November 5, 2025",November 25 (https://app.notion.com/p/November-25-1680423c1426807fb656e64f5f6ca534?pvs=21),⌚เงินรายชั่วโมง_NOV25 (https://app.notion.com/p/_NOV25-1680423c1426804e952bd7898e27a2c3?pvs=21)
DF cost,Yes,THB 180.00,THB 180.00,On duty,"November 5, 2025",November 25 (https://app.notion.com/p/November-25-1680423c1426807fb656e64f5f6ca534?pvs=21),🤷‍♂️เงิน DF_NOV25 (https://app.notion.com/p/DF_NOV25-1680423c142680f9a357e0a865498171?pvs=21)
ซื้อ TTCM,Yes,THB 990.00,"THB 1,000.00",On duty,"November 15, 2025",November 25 (https://app.notion.com/p/November-25-1680423c1426807fb656e64f5f6ca534?pvs=21),💉TTCM_NOV25 (https://app.notion.com/p/TTCM_NOV25-1680423c142680ba9512e43286e9bab6?pvs=21)
ซื้อ TTCM,Yes,THB 990.00,"THB 1,000.00",On duty,"December 13, 2025",December 25 (https://app.notion.com/p/December-25-1680423c1426803f85ceedf0b2210a9c?pvs=21),💉TTCM_DEC25 (https://app.notion.com/p/TTCM_DEC25-1680423c142680debc69dac8375a3687?pvs=21)
เงินเดือน + เงินประจำตำแหน่ง,Yes,"THB 27,720.00","THB 27,720.00",Salary,"November 26, 2025",November 25 (https://app.notion.com/p/November-25-1680423c1426807fb656e64f5f6ca534?pvs=21),🏧เงินเดือนจาก สสจ._NOV25 (https://app.notion.com/p/_NOV25-1680423c1426807b856ef3355d6d6433?pvs=21)
Research seminar,Yes,"THB 1,000.00","THB 1,000.00",Extra,"December 12, 2025",December 25 (https://app.notion.com/p/December-25-1680423c1426803f85ceedf0b2210a9c?pvs=21),👍🏼เงิน top up_DEC25 (https://app.notion.com/p/top-up_DEC25-1680423c142680c5abe1ee19380deb23?pvs=21)
เวรเหมา 1หมื่น,Yes,"THB 10,000.00","THB 10,000.00",On duty,"December 20, 2025",November 25 (https://app.notion.com/p/November-25-1680423c1426807fb656e64f5f6ca534?pvs=21),👝เงินเวรเหมา_NOV25 (https://app.notion.com/p/_NOV25-1680423c1426801da0efe788576d7259?pvs=21)
ซื้อ TTCM,Yes,THB 990.00,"THB 1,000.00",On duty,"November 2, 2025",November 25 (https://app.notion.com/p/November-25-1680423c1426807fb656e64f5f6ca534?pvs=21),💉TTCM_NOV25 (https://app.notion.com/p/TTCM_NOV25-1680423c142680ba9512e43286e9bab6?pvs=21)
ซื้อ ปกส. นอกเวลา 4ชั่วโมง,Yes,"THB 1,000.00","THB 1,000.00",Top up,"December 25, 2025",December 25 (https://app.notion.com/p/December-25-1680423c1426803f85ceedf0b2210a9c?pvs=21),👍🏼เงิน top up_DEC25 (https://app.notion.com/p/top-up_DEC25-1680423c142680c5abe1ee19380deb23?pvs=21)
Hour cost,Yes,THB 600.00,THB 600.00,On duty,"December 25, 2025",December 25 (https://app.notion.com/p/December-25-1680423c1426803f85ceedf0b2210a9c?pvs=21),⌚เงินรายชั่วโมง_DEC25 (https://app.notion.com/p/_DEC25-1680423c142680cf8209dcfb905fc587?pvs=21)
DF cost,Yes,THB 300.00,THB 300.00,On duty,"December 25, 2025",December 25 (https://app.notion.com/p/December-25-1680423c1426803f85ceedf0b2210a9c?pvs=21),🤷‍♂️เงิน DF_DEC25 (https://app.notion.com/p/DF_DEC25-1680423c142680f5b4a4f4309f7b88f6?pvs=21)
เงินเดือน + เงินประจำตำแหน่ง,Yes,"THB 27,720.00","THB 27,720.00",Salary,"December 26, 2025",December 25 (https://app.notion.com/p/December-25-1680423c1426803f85ceedf0b2210a9c?pvs=21),🏧เงินเดือนจาก สสจ._DEC25 (https://app.notion.com/p/_DEC25-1680423c142680b295c6f9dc98e88cdb?pvs=21)
ซื้อ TTCM,Yes,THB 990.00,"THB 1,000.00",On duty,"December 26, 2025",January 26 (https://app.notion.com/p/January-26-2c90423c142680648023f35f261f33f3?pvs=21),💉TTCM_JAN26 (https://app.notion.com/p/TTCM_JAN26-2c90423c1426809a9a27db8e181bd041?pvs=21)
ซื้อ ปกส. นอกเวลา 4ชั่วโมง,Yes,"THB 1,000.00","THB 1,000.00",Top up,"January 14, 2026",January 26 (https://app.notion.com/p/January-26-2c90423c142680648023f35f261f33f3?pvs=21),👍🏼เงิน top up_JAN26 (https://app.notion.com/p/top-up_JAN26-2c90423c142680c9afa5eb28e34ed64b?pvs=21)
ซื้อ ปกส. นอกเวลา 4ชั่วโมง,Yes,"THB 1,000.00","THB 1,000.00",Top up,"January 6, 2026",January 26 (https://app.notion.com/p/January-26-2c90423c142680648023f35f261f33f3?pvs=21),👍🏼เงิน top up_JAN26 (https://app.notion.com/p/top-up_JAN26-2c90423c142680c9afa5eb28e34ed64b?pvs=21)
Hour cost,Yes,THB 600.00,THB 600.00,On duty,"January 6, 2026",January 26 (https://app.notion.com/p/January-26-2c90423c142680648023f35f261f33f3?pvs=21),⌚เงินรายชั่วโมง_JAN26 (https://app.notion.com/p/_JAN26-2c90423c142680cd9593f9222b4fbfac?pvs=21)
DF cost,Yes,THB 420.00,THB 420.00,On duty,"January 6, 2026",January 26 (https://app.notion.com/p/January-26-2c90423c142680648023f35f261f33f3?pvs=21),🤷‍♂️เงิน DF_JAN26 (https://app.notion.com/p/DF_JAN26-2c90423c142680a18a26c4bafad3b04e?pvs=21)
Hour cost,Yes,THB 600.00,THB 600.00,On duty,"January 14, 2026",January 26 (https://app.notion.com/p/January-26-2c90423c142680648023f35f261f33f3?pvs=21),⌚เงินรายชั่วโมง_JAN26 (https://app.notion.com/p/_JAN26-2c90423c142680cd9593f9222b4fbfac?pvs=21)
DF cost,Yes,THB 270.00,THB 270.00,On duty,"January 14, 2026",January 26 (https://app.notion.com/p/January-26-2c90423c142680648023f35f261f33f3?pvs=21),🤷‍♂️เงิน DF_JAN26 (https://app.notion.com/p/DF_JAN26-2c90423c142680a18a26c4bafad3b04e?pvs=21)
เวรเหมา 1หมื่น,Yes,"THB 10,000.00","THB 10,000.00",On duty,"January 20, 2026",December 25 (https://app.notion.com/p/December-25-1680423c1426803f85ceedf0b2210a9c?pvs=21),👝เงินเวรเหมา_DEC25 (https://app.notion.com/p/_DEC25-1680423c142680a494f3f4df438c5ebf?pvs=21)
เงินเดือน + เงินประจำตำแหน่ง,Yes,"THB 27,720.00","THB 27,720.00",Salary,"January 26, 2026",January 26 (https://app.notion.com/p/January-26-2c90423c142680648023f35f261f33f3?pvs=21),🏧เงินเดือนจาก สสจ._JAN26 (https://app.notion.com/p/_JAN26-2c90423c1426802893aec969d4ab67c6?pvs=21)
ซื้อ ปกส. นอกเวลา 4ชั่วโมง,Yes,"THB 1,000.00","THB 1,000.00",Top up,"February 5, 2026",February 26 (https://app.notion.com/p/February-26-2c90423c142680cbb553dba809feb098?pvs=21),👍🏼เงิน top up_FEB26 (https://app.notion.com/p/top-up_FEB26-2c90423c142680b3b652e955ac17d77b?pvs=21)
ซื้อ ปกส. นอกเวลา 4ชั่วโมง,Yes,"THB 1,000.00","THB 1,000.00",Top up,"February 23, 2026",February 26 (https://app.notion.com/p/February-26-2c90423c142680cbb553dba809feb098?pvs=21),👍🏼เงิน top up_FEB26 (https://app.notion.com/p/top-up_FEB26-2c90423c142680b3b652e955ac17d77b?pvs=21)
ซื้อ TTCM,Yes,THB 990.00,"THB 1,000.00",On duty,"February 8, 2026",February 26 (https://app.notion.com/p/February-26-2c90423c142680cbb553dba809feb098?pvs=21),💉TTCM_FEB26 (https://app.notion.com/p/TTCM_FEB26-2c90423c142680e18647eff56b348c72?pvs=21)
Hour cost,Yes,THB 600.00,THB 600.00,On duty,"February 5, 2026",February 26 (https://app.notion.com/p/February-26-2c90423c142680cbb553dba809feb098?pvs=21),⌚เงินรายชั่วโมง_FEB26 (https://app.notion.com/p/_FEB26-2c90423c142680d58c31f0c94b369270?pvs=21)
DF cost,Yes,THB 360.00,THB 330.00,On duty,"February 5, 2026",February 26 (https://app.notion.com/p/February-26-2c90423c142680cbb553dba809feb098?pvs=21),🤷‍♂️เงิน DF_FEB26 (https://app.notion.com/p/DF_FEB26-2c90423c14268012b180ef4b79ef8ab7?pvs=21)
เวรเหมา 1หมื่น,Yes,"THB 10,000.00","THB 10,000.00",On duty,"February 20, 2026",January 26 (https://app.notion.com/p/January-26-2c90423c142680648023f35f261f33f3?pvs=21),👝เงินเวรเหมา_JAN26 (https://app.notion.com/p/_JAN26-2c90423c1426800eb1caef4b3db95e51?pvs=21)
ซื้อ TTCM,Yes,THB 990.00,"THB 1,000.00",On duty,"March 14, 2026",March 26 (https://app.notion.com/p/March-26-2c90423c14268093a5d1d99ea2798193?pvs=21),💉TTCM_MAR26 (https://app.notion.com/p/TTCM_MAR26-2c90423c14268038a86cecab11a97902?pvs=21)
DF cost,Yes,THB 480.00,THB 480.00,On duty,"February 23, 2026",February 26 (https://app.notion.com/p/February-26-2c90423c142680cbb553dba809feb098?pvs=21),🤷‍♂️เงิน DF_FEB26 (https://app.notion.com/p/DF_FEB26-2c90423c14268012b180ef4b79ef8ab7?pvs=21)
Hour cost,Yes,THB 600.00,THB 600.00,On duty,"February 23, 2026",February 26 (https://app.notion.com/p/February-26-2c90423c142680cbb553dba809feb098?pvs=21),⌚เงินรายชั่วโมง_FEB26 (https://app.notion.com/p/_FEB26-2c90423c142680d58c31f0c94b369270?pvs=21)
เงินเดือน + เงินประจำตำแหน่ง,Yes,"THB 27,700.00","THB 27,720.00",Salary,"February 26, 2026",February 26 (https://app.notion.com/p/February-26-2c90423c142680cbb553dba809feb098?pvs=21),🏧เงินเดือนจาก สสจ._FEB26 (https://app.notion.com/p/_FEB26-2c90423c14268040af84e87d0fa3e4f7?pvs=21)
ซื้อ ปกส. นอกเวลา 8ชั่วโมง,Yes,"THB 2,500.00","THB 2,500.00",Top up,"February 28, 2026",February 26 (https://app.notion.com/p/February-26-2c90423c142680cbb553dba809feb098?pvs=21),👍🏼เงิน top up_FEB26 (https://app.notion.com/p/top-up_FEB26-2c90423c142680b3b652e955ac17d77b?pvs=21)
ซื้อ ปกส. นอกเวลา 4ชั่วโมง,Yes,"THB 1,000.00","THB 1,000.00",Top up,"March 25, 2026",March 26 (https://app.notion.com/p/March-26-2c90423c14268093a5d1d99ea2798193?pvs=21),👍🏼เงิน top up_MAR26 (https://app.notion.com/p/top-up_MAR26-2c90423c1426804a9804f215d09beb10?pvs=21)
DF cost,Yes,THB 660.00,THB 660.00,On duty,"February 28, 2026",February 26 (https://app.notion.com/p/February-26-2c90423c142680cbb553dba809feb098?pvs=21),🤷‍♂️เงิน DF_FEB26 (https://app.notion.com/p/DF_FEB26-2c90423c14268012b180ef4b79ef8ab7?pvs=21)
Hour cost,Yes,"THB 1,200.00","THB 1,200.00",On duty,"February 28, 2026",February 26 (https://app.notion.com/p/February-26-2c90423c142680cbb553dba809feb098?pvs=21),⌚เงินรายชั่วโมง_FEB26 (https://app.notion.com/p/_FEB26-2c90423c142680d58c31f0c94b369270?pvs=21)
ซื้อ ปกส. นอกเวลา 4ชั่วโมง,Yes,"THB 1,000.00","THB 1,000.00",Top up,"March 17, 2026",March 26 (https://app.notion.com/p/March-26-2c90423c14268093a5d1d99ea2798193?pvs=21),👍🏼เงิน top up_MAR26 (https://app.notion.com/p/top-up_MAR26-2c90423c1426804a9804f215d09beb10?pvs=21)
Hour cost,Yes,THB 600.00,THB 600.00,On duty,"March 17, 2026",March 26 (https://app.notion.com/p/March-26-2c90423c14268093a5d1d99ea2798193?pvs=21),⌚เงินรายชั่วโมง_MAR26 (https://app.notion.com/p/_MAR26-2c90423c142680178fbbcbfabcb5816d?pvs=21)
DF cost,Yes,THB 330.00,THB 330.00,On duty,"March 17, 2026",March 26 (https://app.notion.com/p/March-26-2c90423c14268093a5d1d99ea2798193?pvs=21),🤷‍♂️เงิน DF_MAR26 (https://app.notion.com/p/DF_MAR26-2c90423c142680249705dcefccc5d75b?pvs=21)
เวรเหมา 1หมื่น,Yes,"THB 10,000.00","THB 10,000.00",On duty,"March 20, 2026",February 26 (https://app.notion.com/p/February-26-2c90423c142680cbb553dba809feb098?pvs=21),👝เงินเวรเหมา_FEB26 (https://app.notion.com/p/_FEB26-2c90423c142680d1a6dbfd1cbdf0519d?pvs=21)
ซื้อ ปกส. นอกเวลา 8ชั่วโมง,Yes,"THB 2,100.00","THB 2,100.00",Top up,"March 22, 2026",March 26 (https://app.notion.com/p/March-26-2c90423c14268093a5d1d99ea2798193?pvs=21),👍🏼เงิน top up_MAR26 (https://app.notion.com/p/top-up_MAR26-2c90423c1426804a9804f215d09beb10?pvs=21)
Hour cost,Yes,"THB 1,200.00","THB 1,200.00",On duty,"March 22, 2026",March 26 (https://app.notion.com/p/March-26-2c90423c14268093a5d1d99ea2798193?pvs=21),⌚เงินรายชั่วโมง_MAR26 (https://app.notion.com/p/_MAR26-2c90423c142680178fbbcbfabcb5816d?pvs=21)
DF cost,Yes,THB 630.00,THB 630.00,On duty,"March 22, 2026",March 26 (https://app.notion.com/p/March-26-2c90423c14268093a5d1d99ea2798193?pvs=21),🤷‍♂️เงิน DF_MAR26 (https://app.notion.com/p/DF_MAR26-2c90423c142680249705dcefccc5d75b?pvs=21)
Hour cost,Yes,THB 600.00,THB 600.00,On duty,"March 25, 2026",March 26 (https://app.notion.com/p/March-26-2c90423c14268093a5d1d99ea2798193?pvs=21),⌚เงินรายชั่วโมง_MAR26 (https://app.notion.com/p/_MAR26-2c90423c142680178fbbcbfabcb5816d?pvs=21)
DF cost,Yes,THB 210.00,THB 210.00,On duty,"March 25, 2026",March 26 (https://app.notion.com/p/March-26-2c90423c14268093a5d1d99ea2798193?pvs=21),🤷‍♂️เงิน DF_MAR26 (https://app.notion.com/p/DF_MAR26-2c90423c142680249705dcefccc5d75b?pvs=21)
เงินเดือน + เงินประจำตำแหน่ง,Yes,"THB 27,720.00","THB 27,720.00",Salary,"March 26, 2026",March 26 (https://app.notion.com/p/March-26-2c90423c14268093a5d1d99ea2798193?pvs=21),🏧เงินเดือนจาก สสจ._MAR26 (https://app.notion.com/p/_MAR26-2c90423c14268099aea3c592585ea053?pvs=21)
ซื้อ ปกส. นอกเวลา 4ชั่วโมง,Yes,"THB 1,000.00","THB 1,000.00",Top up,"April 23, 2026",April 26 (https://app.notion.com/p/April-26-2c90423c142680d49359cb3961872ebf?pvs=21),👍🏼เงิน top up_APR26 (https://app.notion.com/p/top-up_APR26-2c90423c1426805391bcff0b20adffde?pvs=21)
เวรเหมา 1หมื่น,Yes,"THB 10,000.00","THB 10,000.00",On duty,"April 20, 2026",March 26 (https://app.notion.com/p/March-26-2c90423c14268093a5d1d99ea2798193?pvs=21),👝เงินเวรเหมา_MAR26 (https://app.notion.com/p/_MAR26-2c90423c1426804db03de34bf7fa6ff2?pvs=21)
ซื้อ TTCM,Yes,THB 990.00,"THB 1,000.00",On duty,"May 9, 2026",May 26 (https://app.notion.com/p/May-26-2c90423c142680f38700e9cdb6025968?pvs=21),💉TTCM_MAY26 (https://app.notion.com/p/TTCM_MAY26-2c90423c14268088afc2ca858313012a?pvs=21)
ซื้อ ปกส. นอกเวลา 4ชั่วโมง,Yes,"THB 1,000.00","THB 1,000.00",Top up,"April 24, 2026",April 26 (https://app.notion.com/p/April-26-2c90423c142680d49359cb3961872ebf?pvs=21),👍🏼เงิน top up_APR26 (https://app.notion.com/p/top-up_APR26-2c90423c1426805391bcff0b20adffde?pvs=21)
ซื้อ ปกส. นอกเวลา 4ชั่วโมง,Yes,"THB 1,000.00","THB 1,000.00",Top up,"May 6, 2026",May 26 (https://app.notion.com/p/May-26-2c90423c142680f38700e9cdb6025968?pvs=21),👍🏼เงิน top up_MAY26 (https://app.notion.com/p/top-up_MAY26-2c90423c142680c48bc8c88588b66afc?pvs=21)
ซื้อ ปกส. นอกเวลา 4ชั่วโมง,No,"THB 1,000.00","THB 1,000.00",Top up,"May 18, 2026",May 26 (https://app.notion.com/p/May-26-2c90423c142680f38700e9cdb6025968?pvs=21),👍🏼เงิน top up_MAY26 (https://app.notion.com/p/top-up_MAY26-2c90423c142680c48bc8c88588b66afc?pvs=21)
Hour cost,Yes,THB 600.00,THB 600.00,On duty,"April 23, 2026",April 26 (https://app.notion.com/p/April-26-2c90423c142680d49359cb3961872ebf?pvs=21),⌚เงินรายชั่วโมง_APR26 (https://app.notion.com/p/_APR26-2c90423c14268006a70bc9177235a495?pvs=21)
DF cost,Yes,THB 600.00,THB 600.00,On duty,"April 23, 2026",April 26 (https://app.notion.com/p/April-26-2c90423c142680d49359cb3961872ebf?pvs=21),🤷‍♂️เงิน DF_APR26 (https://app.notion.com/p/DF_APR26-2c90423c142680848f22fa79eeaa9b09?pvs=21)
Hour cost,Yes,THB 600.00,THB 600.00,On duty,"April 24, 2026",April 26 (https://app.notion.com/p/April-26-2c90423c142680d49359cb3961872ebf?pvs=21),⌚เงินรายชั่วโมง_APR26 (https://app.notion.com/p/_APR26-2c90423c14268006a70bc9177235a495?pvs=21)
DF cost,Yes,THB 630.00,THB 630.00,On duty,"April 24, 2026",April 26 (https://app.notion.com/p/April-26-2c90423c142680d49359cb3961872ebf?pvs=21),🤷‍♂️เงิน DF_APR26 (https://app.notion.com/p/DF_APR26-2c90423c142680848f22fa79eeaa9b09?pvs=21)
เงินเดือน + เงินประจำตำแหน่ง,Yes,"THB 27,720.00","THB 27,720.00",Salary,"April 26, 2026",April 26 (https://app.notion.com/p/April-26-2c90423c142680d49359cb3961872ebf?pvs=21),🏧เงินเดือนจาก สสจ._APR26 (https://app.notion.com/p/_APR26-2c90423c142680888d22c538b74b39c6?pvs=21)
ซื้อ ปกส. นอกเวลา 4ชั่วโมง,Yes,"THB 1,000.00","THB 1,000.00",Top up,"April 28, 2026",April 26 (https://app.notion.com/p/April-26-2c90423c142680d49359cb3961872ebf?pvs=21),👍🏼เงิน top up_APR26 (https://app.notion.com/p/top-up_APR26-2c90423c1426805391bcff0b20adffde?pvs=21)
Hour cost,Yes,THB 600.00,THB 600.00,On duty,"April 28, 2026",April 26 (https://app.notion.com/p/April-26-2c90423c142680d49359cb3961872ebf?pvs=21),⌚เงินรายชั่วโมง_APR26 (https://app.notion.com/p/_APR26-2c90423c14268006a70bc9177235a495?pvs=21)
DF cost,Yes,THB 420.00,THB 420.00,On duty,"April 28, 2026",April 26 (https://app.notion.com/p/April-26-2c90423c142680d49359cb3961872ebf?pvs=21),🤷‍♂️เงิน DF_APR26 (https://app.notion.com/p/DF_APR26-2c90423c142680848f22fa79eeaa9b09?pvs=21)
DF cost,Yes,THB 330.00,THB 330.00,On duty,"May 6, 2026",May 26 (https://app.notion.com/p/May-26-2c90423c142680f38700e9cdb6025968?pvs=21),🤷‍♂️เงิน DF_MAY26 (https://app.notion.com/p/DF_MAY26-2c90423c1426808aaeade40061a9e1c0?pvs=21)
Hour cost,Yes,THB 600.00,THB 600.00,On duty,"May 6, 2026",May 26 (https://app.notion.com/p/May-26-2c90423c142680f38700e9cdb6025968?pvs=21),⌚เงินรายชั่วโมง_MAY26 (https://app.notion.com/p/_MAY26-2c90423c1426805b8e51fe259f8b1e0e?pvs=21)
Hour cost,No,THB 600.00,THB 600.00,On duty,"May 18, 2026",May 26 (https://app.notion.com/p/May-26-2c90423c142680f38700e9cdb6025968?pvs=21),⌚เงินรายชั่วโมง_MAY26 (https://app.notion.com/p/_MAY26-2c90423c1426805b8e51fe259f8b1e0e?pvs=21)
DF cost,Yes,THB 450.00,THB 450.00,On duty,"May 18, 2026",May 26 (https://app.notion.com/p/May-26-2c90423c142680f38700e9cdb6025968?pvs=21),🤷‍♂️เงิน DF_MAY26 (https://app.notion.com/p/DF_MAY26-2c90423c1426808aaeade40061a9e1c0?pvs=21)
เงินเดือน + เงินประจำตำแหน่ง,Yes,"THB 27,720.00","THB 27,720.00",Salary,"May 26, 2026",May 26 (https://app.notion.com/p/May-26-2c90423c142680f38700e9cdb6025968?pvs=21),🏧เงินเดือนจาก สสจ._MAY26 (https://app.notion.com/p/_MAY26-2c90423c142680a3a942f848fad10b9f?pvs=21)
ซื้อ ปกส. นอกเวลา 8ชั่วโมง,Yes,"THB 2,000.00","THB 2,000.00",Top up,"June 1, 2026",June 26 (https://app.notion.com/p/June-26-2c90423c14268068b18cda2e38aaa9d1?pvs=21),👍🏼เงิน top up_JUN26 (https://app.notion.com/p/top-up_JUN26-2c90423c142680599e77d87a1448b73c?pvs=21)
Hour cost,Yes,"THB 1,200.00","THB 1,200.00",On duty,"June 1, 2026",June 26 (https://app.notion.com/p/June-26-2c90423c14268068b18cda2e38aaa9d1?pvs=21),⌚เงินรายชั่วโมง_JUN26 (https://app.notion.com/p/_JUN26-2c90423c1426807bb0abd65d1a80f443?pvs=21)
DF cost,Yes,THB 660.00,THB 510.00,On duty,"June 1, 2026",June 26 (https://app.notion.com/p/June-26-2c90423c14268068b18cda2e38aaa9d1?pvs=21),🤷‍♂️เงิน DF_JUN26 (https://app.notion.com/p/DF_JUN26-2c90423c14268081a278e575b46a6dd2?pvs=21)
Credit เงินคืน,Yes,"THB 1,865.00","THB 1,865.00",Extra,"May 5, 2026",May 26 (https://app.notion.com/p/May-26-2c90423c142680f38700e9cdb6025968?pvs=21),👍🏼เงิน top up_MAY26 (https://app.notion.com/p/top-up_MAY26-2c90423c142680c48bc8c88588b66afc?pvs=21)
Hour cost,Yes,THB 600.00,THB 600.00,On duty,"June 4, 2026",June 26 (https://app.notion.com/p/June-26-2c90423c14268068b18cda2e38aaa9d1?pvs=21),⌚เงินรายชั่วโมง_JUN26 (https://app.notion.com/p/_JUN26-2c90423c1426807bb0abd65d1a80f443?pvs=21)
DF cost,Yes,THB 510.00,THB 510.00,On duty,"June 4, 2026",June 26 (https://app.notion.com/p/June-26-2c90423c14268068b18cda2e38aaa9d1?pvs=21),🤷‍♂️เงิน DF_JUN26 (https://app.notion.com/p/DF_JUN26-2c90423c14268081a278e575b46a6dd2?pvs=21)
ซื้อ ปกส. นอกเวลา 4ชั่วโมง,Yes,"THB 1,000.00","THB 1,000.00",Top up,"June 4, 2026",June 26 (https://app.notion.com/p/June-26-2c90423c14268068b18cda2e38aaa9d1?pvs=21),👍🏼เงิน top up_JUN26 (https://app.notion.com/p/top-up_JUN26-2c90423c142680599e77d87a1448b73c?pvs=21)
เวรเหมา 1หมื่น,Yes,"THB 10,000.00","THB 10,000.00",On duty,"June 20, 2026",May 26 (https://app.notion.com/p/May-26-2c90423c142680f38700e9cdb6025968?pvs=21),
เงินเดือน + เงินประจำตำแหน่ง,Yes,"THB 27,720.00","THB 27,720.00",Salary,"June 26, 2026",June 26 (https://app.notion.com/p/June-26-2c90423c14268068b18cda2e38aaa9d1?pvs=21),🏧เงินเดือนจาก สสจ._JUN26 (https://app.notion.com/p/_JUN26-2c90423c142680979b30eb1b1a0cf37a?pvs=21)
สมุดตรวจสุขภาพ,No,,THB 350.00,On duty,"July 9, 2026",July 26 (https://app.notion.com/p/July-26-2c90423c142680d393b7f6a4171c0151?pvs=21),🤷‍♂️เงิน DF_JUL26 (https://app.notion.com/p/DF_JUL26-2c90423c142680398e52daac141b9295?pvs=21)
สมุดตรวจสุขภาพ,No,,THB 230.00,On duty,"July 14, 2026",July 26 (https://app.notion.com/p/July-26-2c90423c142680d393b7f6a4171c0151?pvs=21),🤷‍♂️เงิน DF_JUL26 (https://app.notion.com/p/DF_JUL26-2c90423c142680398e52daac141b9295?pvs=21)
สมุดตรวจสุขภาพ,No,,THB 100.00,On duty,"July 17, 2026",July 26 (https://app.notion.com/p/July-26-2c90423c142680d393b7f6a4171c0151?pvs=21),🤷‍♂️เงิน DF_JUL26 (https://app.notion.com/p/DF_JUL26-2c90423c142680398e52daac141b9295?pvs=21)
เวรเหมา 1หมื่น,Yes,"THB 10,000.00","THB 10,000.00",On duty,"July 20, 2026",June 26 (https://app.notion.com/p/June-26-2c90423c14268068b18cda2e38aaa9d1?pvs=21),👝เงินเวรเหมา_JUN26 (https://app.notion.com/p/_JUN26-2c90423c14268083ac7ed8c2f4d955e4?pvs=21)
สมุดตรวจสุขภาพ,No,,THB 100.00,On duty,"July 21, 2026",July 26 (https://app.notion.com/p/July-26-2c90423c142680d393b7f6a4171c0151?pvs=21),🤷‍♂️เงิน DF_JUL26 (https://app.notion.com/p/DF_JUL26-2c90423c142680398e52daac141b9295?pvs=21)
สมุดตรวจสุขภาพ,No,,THB 90.00,On duty,"July 24, 2026",July 26 (https://app.notion.com/p/July-26-2c90423c142680d393b7f6a4171c0151?pvs=21),🤷‍♂️เงิน DF_JUL26 (https://app.notion.com/p/DF_JUL26-2c90423c142680398e52daac141b9295?pvs=21)
เงินเดือน + เงินประจำตำแหน่ง,Yes,"THB 27,720.00","THB 27,720.00",Salary,"July 26, 2026",July 26 (https://app.notion.com/p/July-26-2c90423c142680d393b7f6a4171c0151?pvs=21),🏧เงินเดือนจาก สสจ._JUL26 (https://app.notion.com/p/_JUL26-2c90423c14268061a334e6bf38bfcd4c?pvs=21)
สมุดตรวจสุขภาพ,No,,THB 210.00,On duty,"August 11, 2026",August 26 (https://app.notion.com/p/August-26-2c90423c142680fba880e8c43ce32ecb?pvs=21),🤷‍♂️เงิน DF_AUG26 (https://app.notion.com/p/DF_AUG26-2c90423c1426809bb5a3d6d97a1597aa?pvs=21)
,No,,,,,,
เงิน พตส.,Yes,"THB 5,000.00","THB 10,000.00",Salary,"August 26, 2026",August 26 (https://app.notion.com/p/August-26-2c90423c142680fba880e8c43ce32ecb?pvs=21),👝เงินเวรเหมา_AUG26 (https://app.notion.com/p/_AUG26-2c90423c14268053b669fd8658195f7e?pvs=21)
เงินประจำตำแหน่ง,Yes,"THB 3,500.00","THB 3,500.00",Salary,"August 26, 2026",August 26 (https://app.notion.com/p/August-26-2c90423c142680fba880e8c43ce32ecb?pvs=21),🏧เงินเดือนจาก สสจ._AUG26 (https://app.notion.com/p/_AUG26-2c90423c14268041beb7d4dc0f1cdf06?pvs=21)
เงินเดือน,Yes,"THB 24,220.00","THB 24,220.00",Salary,"August 26, 2026",August 26 (https://app.notion.com/p/August-26-2c90423c142680fba880e8c43ce32ecb?pvs=21),🏧เงินเดือนจาก สสจ._AUG26 (https://app.notion.com/p/_AUG26-2c90423c14268041beb7d4dc0f1cdf06?pvs=21)
สมุดตรวจสุขภาพ,No,,THB 180.00,On duty,"August 27, 2026",August 26 (https://app.notion.com/p/August-26-2c90423c142680fba880e8c43ce32ecb?pvs=21),🤷‍♂️เงิน DF_AUG26 (https://app.notion.com/p/DF_AUG26-2c90423c1426809bb5a3d6d97a1597aa?pvs=21)
P4P,Yes,"THB 8,366.75","THB 9,069.75",Salary,"August 26, 2026",July 26 (https://app.notion.com/p/July-26-2c90423c142680d393b7f6a4171c0151?pvs=21),👝เงินเวรเหมา_JUL26 (https://app.notion.com/p/_JUL26-2c90423c142680f1a87af2e964db85e9?pvs=21)
เงิน พตส.,Yes,"THB 4,750.00","THB 10,000.00",Salary,"July 26, 2026",July 26 (https://app.notion.com/p/July-26-2c90423c142680d393b7f6a4171c0151?pvs=21),👝เงินเวรเหมา_JUL26 (https://app.notion.com/p/_JUL26-2c90423c142680f1a87af2e964db85e9?pvs=21)
เงินหมื่น ไม่ทำเวชฯ,No,,"THB 10,000.00",On duty,"August 10, 2026",July 26 (https://app.notion.com/p/July-26-2c90423c142680d393b7f6a4171c0151?pvs=21),👝เงินเวรเหมา_JUL26 (https://app.notion.com/p/_JUL26-2c90423c142680f1a87af2e964db85e9?pvs=21)
เงินส่งเสริมพิเศษ,No,,"THB 5,000.00",On duty,"August 10, 2026",July 26 (https://app.notion.com/p/July-26-2c90423c142680d393b7f6a4171c0151?pvs=21),👝เงินเวรเหมา_JUL26 (https://app.notion.com/p/_JUL26-2c90423c142680f1a87af2e964db85e9?pvs=21)
ค่าเวร opd นอก,No,,"THB 1,150.00",On duty,"September 1, 2026",September 26 (https://app.notion.com/p/September-26-2c90423c14268048a101f40e9525c9f2?pvs=21),🤷‍♂️เงิน DF_SEP26 (https://app.notion.com/p/DF_SEP26-2c90423c14268054b3fff898e4d6f807?pvs=21)
สมุดตรวจสุขภาพ,No,,THB 250.00,On duty,"September 2, 2026",September 26 (https://app.notion.com/p/September-26-2c90423c14268048a101f40e9525c9f2?pvs=21),🤷‍♂️เงิน DF_SEP26 (https://app.notion.com/p/DF_SEP26-2c90423c14268054b3fff898e4d6f807?pvs=21)
ซื้อเวรโอนอก,No,,"THB 1,000.00",On duty,"September 14, 2026",September 26 (https://app.notion.com/p/September-26-2c90423c14268048a101f40e9525c9f2?pvs=21),👍🏼เงิน top up_SEP26 (https://app.notion.com/p/top-up_SEP26-2c90423c14268081ada3f41ec06d6e90?pvs=21)
สมุดตรวจสุขภาพ,No,,THB 100.00,On duty,"September 7, 2026",September 26 (https://app.notion.com/p/September-26-2c90423c14268048a101f40e9525c9f2?pvs=21),🤷‍♂️เงิน DF_SEP26 (https://app.notion.com/p/DF_SEP26-2c90423c14268054b3fff898e4d6f807?pvs=21)
ค่าเวร,No,,THB 600.00,On duty,"September 8, 2026",September 26 (https://app.notion.com/p/September-26-2c90423c14268048a101f40e9525c9f2?pvs=21),🤷‍♂️เงิน DF_SEP26 (https://app.notion.com/p/DF_SEP26-2c90423c14268054b3fff898e4d6f807?pvs=21)
สมุดตรวจสุขภาพ,No,,THB 200.00,On duty,"September 8, 2026",September 26 (https://app.notion.com/p/September-26-2c90423c14268048a101f40e9525c9f2?pvs=21),🤷‍♂️เงิน DF_SEP26 (https://app.notion.com/p/DF_SEP26-2c90423c14268054b3fff898e4d6f807?pvs=21)
เงินส่งเสริมพิเศษ,No,,"THB 5,000.00",On duty,"September 10, 2026",August 26 (https://app.notion.com/p/August-26-2c90423c142680fba880e8c43ce32ecb?pvs=21),👝เงินเวรเหมา_AUG26 (https://app.notion.com/p/_AUG26-2c90423c14268053b669fd8658195f7e?pvs=21)
เงินหมื่น ไม่ทำเวชฯ,No,,"THB 10,000.00",On duty,"September 10, 2026",August 26 (https://app.notion.com/p/August-26-2c90423c142680fba880e8c43ce32ecb?pvs=21),👝เงินเวรเหมา_AUG26 (https://app.notion.com/p/_AUG26-2c90423c14268053b669fd8658195f7e?pvs=21)
สมุดตรวจสุขภาพ,No,,THB 160.00,On duty,"September 10, 2026",September 26 (https://app.notion.com/p/September-26-2c90423c14268048a101f40e9525c9f2?pvs=21),🤷‍♂️เงิน DF_SEP26 (https://app.notion.com/p/DF_SEP26-2c90423c14268054b3fff898e4d6f807?pvs=21)
ค่าเวร,No,,THB 800.00,On duty,"September 14, 2026",September 26 (https://app.notion.com/p/September-26-2c90423c14268048a101f40e9525c9f2?pvs=21),🤷‍♂️เงิน DF_SEP26 (https://app.notion.com/p/DF_SEP26-2c90423c14268054b3fff898e4d6f807?pvs=21)