Expense,Amount,Category,Checkbox,Date,Monthly Overview,Wallet
ก๋วยเตี๋ยวโกเหลียง,THB 45.00,Eating_OCT23 (https://app.notion.com/p/Eating_OCT23-520a8fadd5c444c1a741a156f5de4c59?pvs=21),No,"October 5, 2023",October 23 (https://app.notion.com/p/October-23-95c03717e18a4af88306a469f4545489?pvs=21),Online banking
หลงฮัวหลังมอ,THB 273.00,Eating_OCT23 (https://app.notion.com/p/Eating_OCT23-520a8fadd5c444c1a741a156f5de4c59?pvs=21),No,"October 5, 2023",October 23 (https://app.notion.com/p/October-23-95c03717e18a4af88306a469f4545489?pvs=21),Online banking
กระเพราหมูไข่ดาว,THB 60.00,Eating_OCT23 (https://app.notion.com/p/Eating_OCT23-520a8fadd5c444c1a741a156f5de4c59?pvs=21),No,"October 6, 2023",October 23 (https://app.notion.com/p/October-23-95c03717e18a4af88306a469f4545489?pvs=21),Online banking
Sofuto,THB 50.00,Eating_OCT23 (https://app.notion.com/p/Eating_OCT23-520a8fadd5c444c1a741a156f5de4c59?pvs=21),No,"October 5, 2023",October 23 (https://app.notion.com/p/October-23-95c03717e18a4af88306a469f4545489?pvs=21),Online banking
7-11,THB 119.25,Eating_OCT23 (https://app.notion.com/p/Eating_OCT23-520a8fadd5c444c1a741a156f5de4c59?pvs=21),No,"October 4, 2023",October 23 (https://app.notion.com/p/October-23-95c03717e18a4af88306a469f4545489?pvs=21),Online banking
กระเพรากระด้ง,THB 118.00,Eating_OCT23 (https://app.notion.com/p/Eating_OCT23-520a8fadd5c444c1a741a156f5de4c59?pvs=21),No,"October 4, 2023",October 23 (https://app.notion.com/p/October-23-95c03717e18a4af88306a469f4545489?pvs=21),Online banking
ข้าว,THB 124.00,Eating_OCT23 (https://app.notion.com/p/Eating_OCT23-520a8fadd5c444c1a741a156f5de4c59?pvs=21),No,"October 3, 2023",October 23 (https://app.notion.com/p/October-23-95c03717e18a4af88306a469f4545489?pvs=21),Online banking
ข้าว,THB 50.00,Eating_OCT23 (https://app.notion.com/p/Eating_OCT23-520a8fadd5c444c1a741a156f5de4c59?pvs=21),No,"October 3, 2023",October 23 (https://app.notion.com/p/October-23-95c03717e18a4af88306a469f4545489?pvs=21),Online banking
Book box set,"THB 2,455.00",Lover_OCT23 (https://app.notion.com/p/Lover_OCT23-4014f230adb1493aafc84ab78d4e94d5?pvs=21),No,"October 2, 2023",October 23 (https://app.notion.com/p/October-23-95c03717e18a4af88306a469f4545489?pvs=21),Online banking
ข้าว,THB 130.00,Eating_OCT23 (https://app.notion.com/p/Eating_OCT23-520a8fadd5c444c1a741a156f5de4c59?pvs=21),No,"October 2, 2023",October 23 (https://app.notion.com/p/October-23-95c03717e18a4af88306a469f4545489?pvs=21),Online banking
ป้านิด,THB 60.00,Eating_OCT23 (https://app.notion.com/p/Eating_OCT23-520a8fadd5c444c1a741a156f5de4c59?pvs=21),No,"October 2, 2023",October 23 (https://app.notion.com/p/October-23-95c03717e18a4af88306a469f4545489?pvs=21),Online banking
ซื้อของ,THB 65.00,Shopping_OCT23 (https://app.notion.com/p/Shopping_OCT23-ce8eb82e93e747ff9031054fcb6ddbf9?pvs=21),No,"October 1, 2023",October 23 (https://app.notion.com/p/October-23-95c03717e18a4af88306a469f4545489?pvs=21),Online banking
ข้าว,THB 207.00,Eating_OCT23 (https://app.notion.com/p/Eating_OCT23-520a8fadd5c444c1a741a156f5de4c59?pvs=21),No,"October 1, 2023",October 23 (https://app.notion.com/p/October-23-95c03717e18a4af88306a469f4545489?pvs=21),Online banking
เปลี่ยนน้ำมันเครื่อง,THB 470.00,Car_OCT23 (https://app.notion.com/p/Car_OCT23-363ca686b54a41918e2c18e8acdf3a4e?pvs=21),No,"October 1, 2023",October 23 (https://app.notion.com/p/October-23-95c03717e18a4af88306a469f4545489?pvs=21),Online banking
ข้าว,THB 42.00,Eating_OCT23 (https://app.notion.com/p/Eating_OCT23-520a8fadd5c444c1a741a156f5de4c59?pvs=21),No,"October 1, 2023",October 23 (https://app.notion.com/p/October-23-95c03717e18a4af88306a469f4545489?pvs=21),Online banking
สุกี้ช้างเผือก,THB 154.00,Eating_OCT23 (https://app.notion.com/p/Eating_OCT23-520a8fadd5c444c1a741a156f5de4c59?pvs=21),No,"October 6, 2023",October 23 (https://app.notion.com/p/October-23-95c03717e18a4af88306a469f4545489?pvs=21),Credit card
รวมทั้งเดือน ก.ย.,"THB 10,125.45",,No,"September 30, 2023",September 23 (https://app.notion.com/p/September-23-3ba5bba5d6404641a57d8636a0f504c0?pvs=21),
ขูดหินปูน,THB 900.00,Health & Fitness_OCT23 (https://app.notion.com/p/Health-Fitness_OCT23-acbace6911144bfda918674649d7ae8e?pvs=21),No,"October 7, 2023",October 23 (https://app.notion.com/p/October-23-95c03717e18a4af88306a469f4545489?pvs=21),Online banking
Gallery seescape,THB 240.00,Eating_OCT23 (https://app.notion.com/p/Eating_OCT23-520a8fadd5c444c1a741a156f5de4c59?pvs=21),No,"October 7, 2023",October 23 (https://app.notion.com/p/October-23-95c03717e18a4af88306a469f4545489?pvs=21),Online banking
ด้งเจริญ,THB 79.00,Eating_OCT23 (https://app.notion.com/p/Eating_OCT23-520a8fadd5c444c1a741a156f5de4c59?pvs=21),No,"October 7, 2023",October 23 (https://app.notion.com/p/October-23-95c03717e18a4af88306a469f4545489?pvs=21),Credit card
Mondae Kitchen,THB 79.00,Eating_OCT23 (https://app.notion.com/p/Eating_OCT23-520a8fadd5c444c1a741a156f5de4c59?pvs=21),No,"October 8, 2023",October 23 (https://app.notion.com/p/October-23-95c03717e18a4af88306a469f4545489?pvs=21),Credit card
Steak,THB 69.00,Eating_OCT23 (https://app.notion.com/p/Eating_OCT23-520a8fadd5c444c1a741a156f5de4c59?pvs=21),No,"October 8, 2023",October 23 (https://app.notion.com/p/October-23-95c03717e18a4af88306a469f4545489?pvs=21),Online banking
OR,THB 53.00,Eating_OCT23 (https://app.notion.com/p/Eating_OCT23-520a8fadd5c444c1a741a156f5de4c59?pvs=21),No,"October 9, 2023",October 23 (https://app.notion.com/p/October-23-95c03717e18a4af88306a469f4545489?pvs=21),Online banking
ฮ้านถึงเชียงใหม่,THB 165.00,Eating_OCT23 (https://app.notion.com/p/Eating_OCT23-520a8fadd5c444c1a741a156f5de4c59?pvs=21),No,"October 9, 2023",October 23 (https://app.notion.com/p/October-23-95c03717e18a4af88306a469f4545489?pvs=21),Online banking
Seoul mind,THB 106.00,Eating_OCT23 (https://app.notion.com/p/Eating_OCT23-520a8fadd5c444c1a741a156f5de4c59?pvs=21),No,"October 9, 2023",October 23 (https://app.notion.com/p/October-23-95c03717e18a4af88306a469f4545489?pvs=21),Online banking
Oatside,THB 677.82,Eating_OCT23 (https://app.notion.com/p/Eating_OCT23-520a8fadd5c444c1a741a156f5de4c59?pvs=21),No,"October 10, 2023",October 23 (https://app.notion.com/p/October-23-95c03717e18a4af88306a469f4545489?pvs=21),Credit card
Bluekoff,THB 337.55,Eating_OCT23 (https://app.notion.com/p/Eating_OCT23-520a8fadd5c444c1a741a156f5de4c59?pvs=21),No,"October 10, 2023",October 23 (https://app.notion.com/p/October-23-95c03717e18a4af88306a469f4545489?pvs=21),Credit card
Durex,THB 244.63,Health & Fitness_OCT23 (https://app.notion.com/p/Health-Fitness_OCT23-acbace6911144bfda918674649d7ae8e?pvs=21),No,"October 10, 2023",October 23 (https://app.notion.com/p/October-23-95c03717e18a4af88306a469f4545489?pvs=21),Credit card
ป้าเครือ,THB 40.00,Eating_OCT23 (https://app.notion.com/p/Eating_OCT23-520a8fadd5c444c1a741a156f5de4c59?pvs=21),No,"October 10, 2023",October 23 (https://app.notion.com/p/October-23-95c03717e18a4af88306a469f4545489?pvs=21),Online banking
Mini story,THB 60.00,Eating_OCT23 (https://app.notion.com/p/Eating_OCT23-520a8fadd5c444c1a741a156f5de4c59?pvs=21),No,"October 10, 2023",October 23 (https://app.notion.com/p/October-23-95c03717e18a4af88306a469f4545489?pvs=21),Online banking
ข้าวผัดหมู,THB 85.00,Eating_OCT23 (https://app.notion.com/p/Eating_OCT23-520a8fadd5c444c1a741a156f5de4c59?pvs=21),No,"October 10, 2023",October 23 (https://app.notion.com/p/October-23-95c03717e18a4af88306a469f4545489?pvs=21),Online banking
Yuzu,THB 660.00,Cat_OCT23 (https://app.notion.com/p/Cat_OCT23-ba875a391fb245c1b20e4a6dc5ef6183?pvs=21),No,"October 10, 2023",October 23 (https://app.notion.com/p/October-23-95c03717e18a4af88306a469f4545489?pvs=21),Credit card
Water,THB 7.00,Eating_OCT23 (https://app.notion.com/p/Eating_OCT23-520a8fadd5c444c1a741a156f5de4c59?pvs=21),No,"October 10, 2023",October 23 (https://app.notion.com/p/October-23-95c03717e18a4af88306a469f4545489?pvs=21),Online banking
Seven,THB 45.00,Eating_OCT23 (https://app.notion.com/p/Eating_OCT23-520a8fadd5c444c1a741a156f5de4c59?pvs=21),No,"October 10, 2023",October 23 (https://app.notion.com/p/October-23-95c03717e18a4af88306a469f4545489?pvs=21),Online banking
กระเพราหมูสับไข่ดาว,THB 47.00,Eating_OCT23 (https://app.notion.com/p/Eating_OCT23-520a8fadd5c444c1a741a156f5de4c59?pvs=21),No,"October 11, 2023",October 23 (https://app.notion.com/p/October-23-95c03717e18a4af88306a469f4545489?pvs=21),Online banking
Sasaki,THB 57.00,Eating_OCT23 (https://app.notion.com/p/Eating_OCT23-520a8fadd5c444c1a741a156f5de4c59?pvs=21),No,"October 11, 2023",October 23 (https://app.notion.com/p/October-23-95c03717e18a4af88306a469f4545489?pvs=21),Online banking
พาสต้าหมูแฮมเบิร์กชีส,THB 85.00,Eating_OCT23 (https://app.notion.com/p/Eating_OCT23-520a8fadd5c444c1a741a156f5de4c59?pvs=21),No,"October 11, 2023",October 23 (https://app.notion.com/p/October-23-95c03717e18a4af88306a469f4545489?pvs=21),Online banking
น้ำเต้าหู้,THB 79.00,Eating_OCT23 (https://app.notion.com/p/Eating_OCT23-520a8fadd5c444c1a741a156f5de4c59?pvs=21),No,"October 11, 2023",October 23 (https://app.notion.com/p/October-23-95c03717e18a4af88306a469f4545489?pvs=21),Credit card
หมูกระเทียมไข่ดาว,THB 70.00,Eating_OCT23 (https://app.notion.com/p/Eating_OCT23-520a8fadd5c444c1a741a156f5de4c59?pvs=21),No,"October 12, 2023",October 23 (https://app.notion.com/p/October-23-95c03717e18a4af88306a469f4545489?pvs=21),Online banking
Tumbler,THB 70.00,Eating_OCT23 (https://app.notion.com/p/Eating_OCT23-520a8fadd5c444c1a741a156f5de4c59?pvs=21),No,"October 12, 2023",October 23 (https://app.notion.com/p/October-23-95c03717e18a4af88306a469f4545489?pvs=21),Online banking
เนตรดวงดาว หมูทอด,THB 167.00,Eating_OCT23 (https://app.notion.com/p/Eating_OCT23-520a8fadd5c444c1a741a156f5de4c59?pvs=21),No,"October 12, 2023",October 23 (https://app.notion.com/p/October-23-95c03717e18a4af88306a469f4545489?pvs=21),Online banking
Hoff cafe,THB 220.00,Eating_OCT23 (https://app.notion.com/p/Eating_OCT23-520a8fadd5c444c1a741a156f5de4c59?pvs=21),No,"October 13, 2023",October 23 (https://app.notion.com/p/October-23-95c03717e18a4af88306a469f4545489?pvs=21),Online banking
สุกี้ช้างเผือก,THB 130.00,Eating_OCT23 (https://app.notion.com/p/Eating_OCT23-520a8fadd5c444c1a741a156f5de4c59?pvs=21),No,"October 13, 2023",October 23 (https://app.notion.com/p/October-23-95c03717e18a4af88306a469f4545489?pvs=21),Credit card
7-11,THB 102.00,Eating_OCT23 (https://app.notion.com/p/Eating_OCT23-520a8fadd5c444c1a741a156f5de4c59?pvs=21),No,"October 14, 2023",October 23 (https://app.notion.com/p/October-23-95c03717e18a4af88306a469f4545489?pvs=21),Online banking
เฮือนม๋วนใจ๋,THB 388.00,Eating_OCT23 (https://app.notion.com/p/Eating_OCT23-520a8fadd5c444c1a741a156f5de4c59?pvs=21),No,"October 14, 2023",October 23 (https://app.notion.com/p/October-23-95c03717e18a4af88306a469f4545489?pvs=21),Online banking
Diamond grain,THB 662.00,Eating_OCT23 (https://app.notion.com/p/Eating_OCT23-520a8fadd5c444c1a741a156f5de4c59?pvs=21),No,"October 15, 2023",October 23 (https://app.notion.com/p/October-23-95c03717e18a4af88306a469f4545489?pvs=21),Credit card
The barn,THB 125.00,Eating_OCT23 (https://app.notion.com/p/Eating_OCT23-520a8fadd5c444c1a741a156f5de4c59?pvs=21),No,"October 15, 2023",October 23 (https://app.notion.com/p/October-23-95c03717e18a4af88306a469f4545489?pvs=21),Online banking
กระเพรากระด้ง,THB 59.00,Eating_OCT23 (https://app.notion.com/p/Eating_OCT23-520a8fadd5c444c1a741a156f5de4c59?pvs=21),No,"October 15, 2023",October 23 (https://app.notion.com/p/October-23-95c03717e18a4af88306a469f4545489?pvs=21),Online banking
ป้าเครือ,THB 40.00,Eating_OCT23 (https://app.notion.com/p/Eating_OCT23-520a8fadd5c444c1a741a156f5de4c59?pvs=21),No,"October 16, 2023",October 23 (https://app.notion.com/p/October-23-95c03717e18a4af88306a469f4545489?pvs=21),Online banking
โกบุญ + มะลิกา,THB 175.00,Eating_OCT23 (https://app.notion.com/p/Eating_OCT23-520a8fadd5c444c1a741a156f5de4c59?pvs=21),No,"October 16, 2023",October 23 (https://app.notion.com/p/October-23-95c03717e18a4af88306a469f4545489?pvs=21),Online banking
กระเพาะ ผัดผัก,THB 45.00,Eating_OCT23 (https://app.notion.com/p/Eating_OCT23-520a8fadd5c444c1a741a156f5de4c59?pvs=21),No,"October 17, 2023",October 23 (https://app.notion.com/p/October-23-95c03717e18a4af88306a469f4545489?pvs=21),Online banking
Mini story,THB 60.00,Eating_OCT23 (https://app.notion.com/p/Eating_OCT23-520a8fadd5c444c1a741a156f5de4c59?pvs=21),No,"October 17, 2023",October 23 (https://app.notion.com/p/October-23-95c03717e18a4af88306a469f4545489?pvs=21),Online banking
ลาบยอง,THB 150.00,Eating_OCT23 (https://app.notion.com/p/Eating_OCT23-520a8fadd5c444c1a741a156f5de4c59?pvs=21),No,"October 18, 2023",October 23 (https://app.notion.com/p/October-23-95c03717e18a4af88306a469f4545489?pvs=21),Online banking
Mu katsu,THB 160.00,Eating_OCT23 (https://app.notion.com/p/Eating_OCT23-520a8fadd5c444c1a741a156f5de4c59?pvs=21),No,"October 18, 2023",October 23 (https://app.notion.com/p/October-23-95c03717e18a4af88306a469f4545489?pvs=21),Online banking
กระเพราหมูสับไข่ดาว,THB 47.00,Eating_OCT23 (https://app.notion.com/p/Eating_OCT23-520a8fadd5c444c1a741a156f5de4c59?pvs=21),No,"October 19, 2023",October 23 (https://app.notion.com/p/October-23-95c03717e18a4af88306a469f4545489?pvs=21),Online banking
Ice-cream,THB 50.00,Eating_OCT23 (https://app.notion.com/p/Eating_OCT23-520a8fadd5c444c1a741a156f5de4c59?pvs=21),No,"October 19, 2023",October 23 (https://app.notion.com/p/October-23-95c03717e18a4af88306a469f4545489?pvs=21),Online banking
Steak union,THB 138.00,Eating_OCT23 (https://app.notion.com/p/Eating_OCT23-520a8fadd5c444c1a741a156f5de4c59?pvs=21),No,"October 19, 2023",October 23 (https://app.notion.com/p/October-23-95c03717e18a4af88306a469f4545489?pvs=21),Online banking
Wan Dee,THB 29.00,Eating_OCT23 (https://app.notion.com/p/Eating_OCT23-520a8fadd5c444c1a741a156f5de4c59?pvs=21),No,"October 19, 2023",October 23 (https://app.notion.com/p/October-23-95c03717e18a4af88306a469f4545489?pvs=21),Online banking
กระเพราหมูสับไข่ดาว,THB 69.00,Eating_OCT23 (https://app.notion.com/p/Eating_OCT23-520a8fadd5c444c1a741a156f5de4c59?pvs=21),No,"October 20, 2023",October 23 (https://app.notion.com/p/October-23-95c03717e18a4af88306a469f4545489?pvs=21),Online banking
สุกี้ช้างเผือก,THB 150.00,Eating_OCT23 (https://app.notion.com/p/Eating_OCT23-520a8fadd5c444c1a741a156f5de4c59?pvs=21),No,"October 20, 2023",October 23 (https://app.notion.com/p/October-23-95c03717e18a4af88306a469f4545489?pvs=21),Credit card
เค้ก,THB 620.00,Eating_OCT23 (https://app.notion.com/p/Eating_OCT23-520a8fadd5c444c1a741a156f5de4c59?pvs=21),No,"October 21, 2023",October 23 (https://app.notion.com/p/October-23-95c03717e18a4af88306a469f4545489?pvs=21),Online banking
The bublar,THB 105.00,Eating_OCT23 (https://app.notion.com/p/Eating_OCT23-520a8fadd5c444c1a741a156f5de4c59?pvs=21),No,"October 22, 2023",October 23 (https://app.notion.com/p/October-23-95c03717e18a4af88306a469f4545489?pvs=21),Online banking
Sukhothai coffee,THB 40.00,Eating_OCT23 (https://app.notion.com/p/Eating_OCT23-520a8fadd5c444c1a741a156f5de4c59?pvs=21),No,"October 23, 2023",October 23 (https://app.notion.com/p/October-23-95c03717e18a4af88306a469f4545489?pvs=21),Online banking
Oil,THB 830.00,Transportation_OCT23 (https://app.notion.com/p/Transportation_OCT23-865d6ca50a394a438523bc6af6c9cf00?pvs=21),No,"October 23, 2023",October 23 (https://app.notion.com/p/October-23-95c03717e18a4af88306a469f4545489?pvs=21),Credit card
ข้าวผัด ไก่ทอด,THB 40.00,Eating_OCT23 (https://app.notion.com/p/Eating_OCT23-520a8fadd5c444c1a741a156f5de4c59?pvs=21),No,"October 24, 2023",October 23 (https://app.notion.com/p/October-23-95c03717e18a4af88306a469f4545489?pvs=21),Online banking
ส้มตำอุดร,THB 258.00,Eating_OCT23 (https://app.notion.com/p/Eating_OCT23-520a8fadd5c444c1a741a156f5de4c59?pvs=21),No,"October 25, 2023",October 23 (https://app.notion.com/p/October-23-95c03717e18a4af88306a469f4545489?pvs=21),Online banking
Seoul mind,THB 452.00,Eating_OCT23 (https://app.notion.com/p/Eating_OCT23-520a8fadd5c444c1a741a156f5de4c59?pvs=21),No,"October 25, 2023",October 23 (https://app.notion.com/p/October-23-95c03717e18a4af88306a469f4545489?pvs=21),Online banking
ไข่ขยี้ ไก่ทอด,THB 47.00,Eating_OCT23 (https://app.notion.com/p/Eating_OCT23-520a8fadd5c444c1a741a156f5de4c59?pvs=21),No,"October 26, 2023",October 23 (https://app.notion.com/p/October-23-95c03717e18a4af88306a469f4545489?pvs=21),Online banking
Saladfarm,THB 160.00,Eating_OCT23 (https://app.notion.com/p/Eating_OCT23-520a8fadd5c444c1a741a156f5de4c59?pvs=21),No,"October 26, 2023",October 23 (https://app.notion.com/p/October-23-95c03717e18a4af88306a469f4545489?pvs=21),Credit card
DairyQueen,THB 29.00,Eating_OCT23 (https://app.notion.com/p/Eating_OCT23-520a8fadd5c444c1a741a156f5de4c59?pvs=21),No,"October 27, 2023",October 23 (https://app.notion.com/p/October-23-95c03717e18a4af88306a469f4545489?pvs=21),Online banking
สุกี้ช้างเผือก,THB 157.00,Eating_OCT23 (https://app.notion.com/p/Eating_OCT23-520a8fadd5c444c1a741a156f5de4c59?pvs=21),No,"October 27, 2023",October 23 (https://app.notion.com/p/October-23-95c03717e18a4af88306a469f4545489?pvs=21),Credit card
น้ำดื่ม,THB 7.00,Eating_OCT23 (https://app.notion.com/p/Eating_OCT23-520a8fadd5c444c1a741a156f5de4c59?pvs=21),No,"October 28, 2023",October 23 (https://app.notion.com/p/October-23-95c03717e18a4af88306a469f4545489?pvs=21),Online banking
Fresh and mind,THB 95.00,Eating_OCT23 (https://app.notion.com/p/Eating_OCT23-520a8fadd5c444c1a741a156f5de4c59?pvs=21),No,"October 28, 2023",October 23 (https://app.notion.com/p/October-23-95c03717e18a4af88306a469f4545489?pvs=21),Online banking
Nuphy,"THB 4,278.00",Entertainment_OCT23 (https://app.notion.com/p/Entertainment_OCT23-4bb4b4d5c2324f879615bdc660fe572a?pvs=21),No,"October 28, 2023",October 23 (https://app.notion.com/p/October-23-95c03717e18a4af88306a469f4545489?pvs=21),Credit card
Mark sushi ramen,THB 120.00,Eating_OCT23 (https://app.notion.com/p/Eating_OCT23-520a8fadd5c444c1a741a156f5de4c59?pvs=21),No,"October 28, 2023",October 23 (https://app.notion.com/p/October-23-95c03717e18a4af88306a469f4545489?pvs=21),Online banking
ตัดผม,THB 130.00,Health & Fitness_OCT23 (https://app.notion.com/p/Health-Fitness_OCT23-acbace6911144bfda918674649d7ae8e?pvs=21),No,"October 29, 2023",October 23 (https://app.notion.com/p/October-23-95c03717e18a4af88306a469f4545489?pvs=21),Online banking
หมูกระเทียม ข้าวเหนียว,THB 55.00,Eating_OCT23 (https://app.notion.com/p/Eating_OCT23-520a8fadd5c444c1a741a156f5de4c59?pvs=21),No,"October 30, 2023",October 23 (https://app.notion.com/p/October-23-95c03717e18a4af88306a469f4545489?pvs=21),Online banking
Food-Top,THB 133.00,Eating_OCT23 (https://app.notion.com/p/Eating_OCT23-520a8fadd5c444c1a741a156f5de4c59?pvs=21),No,"October 30, 2023",October 23 (https://app.notion.com/p/October-23-95c03717e18a4af88306a469f4545489?pvs=21),Online banking
อาหาร OR,THB 42.00,Eating_OCT23 (https://app.notion.com/p/Eating_OCT23-520a8fadd5c444c1a741a156f5de4c59?pvs=21),No,"October 31, 2023",October 23 (https://app.notion.com/p/October-23-95c03717e18a4af88306a469f4545489?pvs=21),Online banking
ลำไย,THB 149.00,Eating_OCT23 (https://app.notion.com/p/Eating_OCT23-520a8fadd5c444c1a741a156f5de4c59?pvs=21),No,"October 31, 2023",October 23 (https://app.notion.com/p/October-23-95c03717e18a4af88306a469f4545489?pvs=21),Online banking
ขนมปังเซเว่น,THB 33.00,Eating_OCT23 (https://app.notion.com/p/Eating_OCT23-520a8fadd5c444c1a741a156f5de4c59?pvs=21),No,"October 31, 2023",October 23 (https://app.notion.com/p/October-23-95c03717e18a4af88306a469f4545489?pvs=21),Online banking
กะเพราไข่เจียว,THB 65.00,Eating_NOV23 (https://app.notion.com/p/Eating_NOV23-45babb6c85e94fd7a91107d56807ac9f?pvs=21),No,"November 1, 2023",November 23 (https://app.notion.com/p/November-23-c8396e4196554a6285d1dae048bfe66c?pvs=21),Online banking
ข้าวหน้าหมูทอด,THB 71.00,Eating_NOV23 (https://app.notion.com/p/Eating_NOV23-45babb6c85e94fd7a91107d56807ac9f?pvs=21),No,"November 1, 2023",November 23 (https://app.notion.com/p/November-23-c8396e4196554a6285d1dae048bfe66c?pvs=21),Online banking
แหนมผัดไข่,THB 70.00,Eating_NOV23 (https://app.notion.com/p/Eating_NOV23-45babb6c85e94fd7a91107d56807ac9f?pvs=21),No,"November 2, 2023",November 23 (https://app.notion.com/p/November-23-c8396e4196554a6285d1dae048bfe66c?pvs=21),Online banking
Crazy curry,THB 160.00,Eating_NOV23 (https://app.notion.com/p/Eating_NOV23-45babb6c85e94fd7a91107d56807ac9f?pvs=21),No,"November 3, 2023",November 23 (https://app.notion.com/p/November-23-c8396e4196554a6285d1dae048bfe66c?pvs=21),Online banking
ข้าวผัด + น้ำ,THB 47.00,Eating_NOV23 (https://app.notion.com/p/Eating_NOV23-45babb6c85e94fd7a91107d56807ac9f?pvs=21),No,"November 3, 2023",November 23 (https://app.notion.com/p/November-23-c8396e4196554a6285d1dae048bfe66c?pvs=21),Online banking
The moon cafe,THB 240.00,Eating_NOV23 (https://app.notion.com/p/Eating_NOV23-45babb6c85e94fd7a91107d56807ac9f?pvs=21),No,"November 4, 2023",November 23 (https://app.notion.com/p/November-23-c8396e4196554a6285d1dae048bfe66c?pvs=21),Online banking
Salad terrace,THB 184.00,Eating_NOV23 (https://app.notion.com/p/Eating_NOV23-45babb6c85e94fd7a91107d56807ac9f?pvs=21),No,"November 4, 2023",November 23 (https://app.notion.com/p/November-23-c8396e4196554a6285d1dae048bfe66c?pvs=21),Online banking
Roastniyom,THB 124.00,Eating_NOV23 (https://app.notion.com/p/Eating_NOV23-45babb6c85e94fd7a91107d56807ac9f?pvs=21),No,"November 5, 2023",November 23 (https://app.notion.com/p/November-23-c8396e4196554a6285d1dae048bfe66c?pvs=21),Online banking
ชาบูเสียบไม้,THB 50.00,Eating_NOV23 (https://app.notion.com/p/Eating_NOV23-45babb6c85e94fd7a91107d56807ac9f?pvs=21),No,"November 5, 2023",November 23 (https://app.notion.com/p/November-23-c8396e4196554a6285d1dae048bfe66c?pvs=21),Online banking
The scoope cafe,THB 78.00,Eating_NOV23 (https://app.notion.com/p/Eating_NOV23-45babb6c85e94fd7a91107d56807ac9f?pvs=21),No,"November 5, 2023",November 23 (https://app.notion.com/p/November-23-c8396e4196554a6285d1dae048bfe66c?pvs=21),Online banking
โรงอาหารเทคนิก,THB 55.00,Eating_NOV23 (https://app.notion.com/p/Eating_NOV23-45babb6c85e94fd7a91107d56807ac9f?pvs=21),No,"November 6, 2023",November 23 (https://app.notion.com/p/November-23-c8396e4196554a6285d1dae048bfe66c?pvs=21),Online banking
Book: สู้ดิวะ,THB 175.00,Lover_NOV23 (https://app.notion.com/p/Lover_NOV23-460ab018afda436fa552c5407c1cbb03?pvs=21),No,"November 6, 2023",November 23 (https://app.notion.com/p/November-23-c8396e4196554a6285d1dae048bfe66c?pvs=21),Online banking
The barn,THB 194.00,Eating_NOV23 (https://app.notion.com/p/Eating_NOV23-45babb6c85e94fd7a91107d56807ac9f?pvs=21),No,"November 6, 2023",November 23 (https://app.notion.com/p/November-23-c8396e4196554a6285d1dae048bfe66c?pvs=21),Online banking
Food,THB 62.00,Eating_NOV23 (https://app.notion.com/p/Eating_NOV23-45babb6c85e94fd7a91107d56807ac9f?pvs=21),No,"November 7, 2023",November 23 (https://app.notion.com/p/November-23-c8396e4196554a6285d1dae048bfe66c?pvs=21),Online banking
ข้าวมันไก่,THB 50.00,Eating_NOV23 (https://app.notion.com/p/Eating_NOV23-45babb6c85e94fd7a91107d56807ac9f?pvs=21),No,"November 8, 2023",November 23 (https://app.notion.com/p/November-23-c8396e4196554a6285d1dae048bfe66c?pvs=21),Online banking
เยี่ยมพี่กิ๊ก,THB 36.00,Eating_NOV23 (https://app.notion.com/p/Eating_NOV23-45babb6c85e94fd7a91107d56807ac9f?pvs=21),No,"November 8, 2023",November 23 (https://app.notion.com/p/November-23-c8396e4196554a6285d1dae048bfe66c?pvs=21),Online banking
ร้านเก๊กฮวย,THB 95.00,Eating_NOV23 (https://app.notion.com/p/Eating_NOV23-45babb6c85e94fd7a91107d56807ac9f?pvs=21),No,"November 8, 2023",November 23 (https://app.notion.com/p/November-23-c8396e4196554a6285d1dae048bfe66c?pvs=21),Online banking
ป้านิด,THB 70.00,Eating_NOV23 (https://app.notion.com/p/Eating_NOV23-45babb6c85e94fd7a91107d56807ac9f?pvs=21),No,"November 9, 2023",November 23 (https://app.notion.com/p/November-23-c8396e4196554a6285d1dae048bfe66c?pvs=21),Online banking
ราดแกง,THB 40.00,Eating_NOV23 (https://app.notion.com/p/Eating_NOV23-45babb6c85e94fd7a91107d56807ac9f?pvs=21),No,"November 10, 2023",November 23 (https://app.notion.com/p/November-23-c8396e4196554a6285d1dae048bfe66c?pvs=21),Online banking
Mini-story,THB 50.00,Eating_NOV23 (https://app.notion.com/p/Eating_NOV23-45babb6c85e94fd7a91107d56807ac9f?pvs=21),No,"November 10, 2023",November 23 (https://app.notion.com/p/November-23-c8396e4196554a6285d1dae048bfe66c?pvs=21),Online banking
Butter & Neighbour,THB 997.00,Eating_NOV23 (https://app.notion.com/p/Eating_NOV23-45babb6c85e94fd7a91107d56807ac9f?pvs=21),No,"November 10, 2023",November 23 (https://app.notion.com/p/November-23-c8396e4196554a6285d1dae048bfe66c?pvs=21),Online banking
General coffee,THB 300.00,Eating_NOV23 (https://app.notion.com/p/Eating_NOV23-45babb6c85e94fd7a91107d56807ac9f?pvs=21),No,"November 10, 2023",November 23 (https://app.notion.com/p/November-23-c8396e4196554a6285d1dae048bfe66c?pvs=21),Online banking
Oil,THB 800.00,Transportation_NOV23 (https://app.notion.com/p/Transportation_NOV23-a91d9286796946968526321573651bac?pvs=21),No,"November 11, 2023",November 23 (https://app.notion.com/p/November-23-c8396e4196554a6285d1dae048bfe66c?pvs=21),Credit card
Food,THB 66.00,Eating_NOV23 (https://app.notion.com/p/Eating_NOV23-45babb6c85e94fd7a91107d56807ac9f?pvs=21),No,"November 11, 2023",November 23 (https://app.notion.com/p/November-23-c8396e4196554a6285d1dae048bfe66c?pvs=21),Online banking
Food,THB 245.00,Eating_NOV23 (https://app.notion.com/p/Eating_NOV23-45babb6c85e94fd7a91107d56807ac9f?pvs=21),No,"November 11, 2023",November 23 (https://app.notion.com/p/November-23-c8396e4196554a6285d1dae048bfe66c?pvs=21),Online banking
ชาบูเสียบไม้,THB 125.00,Eating_NOV23 (https://app.notion.com/p/Eating_NOV23-45babb6c85e94fd7a91107d56807ac9f?pvs=21),No,"November 12, 2023",November 23 (https://app.notion.com/p/November-23-c8396e4196554a6285d1dae048bfe66c?pvs=21),Online banking
ถ่าน,THB 89.00,Shopping_NOV23 (https://app.notion.com/p/Shopping_NOV23-249e2cc8909548e683ae603c219e2b62?pvs=21),No,"November 12, 2023",November 23 (https://app.notion.com/p/November-23-c8396e4196554a6285d1dae048bfe66c?pvs=21),Online banking
Maz,THB 60.00,Eating_NOV23 (https://app.notion.com/p/Eating_NOV23-45babb6c85e94fd7a91107d56807ac9f?pvs=21),No,"November 14, 2023",November 23 (https://app.notion.com/p/November-23-c8396e4196554a6285d1dae048bfe66c?pvs=21),Online banking
Nufolio v3,"THB 1,000.00",Entertainment_NOV23 (https://app.notion.com/p/Entertainment_NOV23-3872854f3f744dd08fc17568559b4516?pvs=21),No,"November 15, 2023",November 23 (https://app.notion.com/p/November-23-c8396e4196554a6285d1dae048bfe66c?pvs=21),Online banking
เทคนิค,THB 55.00,Eating_NOV23 (https://app.notion.com/p/Eating_NOV23-45babb6c85e94fd7a91107d56807ac9f?pvs=21),No,"November 15, 2023",November 23 (https://app.notion.com/p/November-23-c8396e4196554a6285d1dae048bfe66c?pvs=21),Online banking
The barn,THB 129.00,Eating_NOV23 (https://app.notion.com/p/Eating_NOV23-45babb6c85e94fd7a91107d56807ac9f?pvs=21),No,"November 15, 2023",November 23 (https://app.notion.com/p/November-23-c8396e4196554a6285d1dae048bfe66c?pvs=21),Online banking
ราดแกงชั้น3,THB 50.00,Eating_NOV23 (https://app.notion.com/p/Eating_NOV23-45babb6c85e94fd7a91107d56807ac9f?pvs=21),No,"November 16, 2023",November 23 (https://app.notion.com/p/November-23-c8396e4196554a6285d1dae048bfe66c?pvs=21),Online banking
Salad คุณนาย,THB 293.00,Eating_NOV23 (https://app.notion.com/p/Eating_NOV23-45babb6c85e94fd7a91107d56807ac9f?pvs=21),No,"November 16, 2023",November 23 (https://app.notion.com/p/November-23-c8396e4196554a6285d1dae048bfe66c?pvs=21),Online banking
แปรง/ยาสีฟัน,THB 239.00,Health & Fitness_NOV23 (https://app.notion.com/p/Health-Fitness_NOV23-995dcec928ba4583b7e80ff1d2045d0a?pvs=21),No,"November 17, 2023",November 23 (https://app.notion.com/p/November-23-c8396e4196554a6285d1dae048bfe66c?pvs=21),Online banking
"กะเพราหมู ใบกรอบ ",THB 80.00,Eating_NOV23 (https://app.notion.com/p/Eating_NOV23-45babb6c85e94fd7a91107d56807ac9f?pvs=21),No,"November 17, 2023",November 23 (https://app.notion.com/p/November-23-c8396e4196554a6285d1dae048bfe66c?pvs=21),Online banking
Roastniyom,THB 165.00,Eating_NOV23 (https://app.notion.com/p/Eating_NOV23-45babb6c85e94fd7a91107d56807ac9f?pvs=21),No,"November 18, 2023",November 23 (https://app.notion.com/p/November-23-c8396e4196554a6285d1dae048bfe66c?pvs=21),Online banking
บะหมี่พุงระเบิด,THB 70.00,Eating_NOV23 (https://app.notion.com/p/Eating_NOV23-45babb6c85e94fd7a91107d56807ac9f?pvs=21),No,"November 18, 2023",November 23 (https://app.notion.com/p/November-23-c8396e4196554a6285d1dae048bfe66c?pvs=21),Online banking
Bayday,THB 155.00,Eating_NOV23 (https://app.notion.com/p/Eating_NOV23-45babb6c85e94fd7a91107d56807ac9f?pvs=21),No,"November 19, 2023",November 23 (https://app.notion.com/p/November-23-c8396e4196554a6285d1dae048bfe66c?pvs=21),Online banking
โกเหลียง,THB 50.00,Eating_NOV23 (https://app.notion.com/p/Eating_NOV23-45babb6c85e94fd7a91107d56807ac9f?pvs=21),No,"November 20, 2023",November 23 (https://app.notion.com/p/November-23-c8396e4196554a6285d1dae048bfe66c?pvs=21),Online banking
Everest,THB 284.00,Eating_NOV23 (https://app.notion.com/p/Eating_NOV23-45babb6c85e94fd7a91107d56807ac9f?pvs=21),No,"November 20, 2023",November 23 (https://app.notion.com/p/November-23-c8396e4196554a6285d1dae048bfe66c?pvs=21),Online banking
Food,THB 40.00,Eating_NOV23 (https://app.notion.com/p/Eating_NOV23-45babb6c85e94fd7a91107d56807ac9f?pvs=21),No,"November 21, 2023",November 23 (https://app.notion.com/p/November-23-c8396e4196554a6285d1dae048bfe66c?pvs=21),Online banking
ขายเวร,THB 150.00,Education_NOV23 (https://app.notion.com/p/Education_NOV23-f4ca2881fb064f8d95463650ae1403b6?pvs=21),No,"November 21, 2023",November 23 (https://app.notion.com/p/November-23-c8396e4196554a6285d1dae048bfe66c?pvs=21),
Healthy yummy,THB 129.00,Eating_NOV23 (https://app.notion.com/p/Eating_NOV23-45babb6c85e94fd7a91107d56807ac9f?pvs=21),No,"November 21, 2023",November 23 (https://app.notion.com/p/November-23-c8396e4196554a6285d1dae048bfe66c?pvs=21),Online banking
ขนม,THB 40.00,Eating_NOV23 (https://app.notion.com/p/Eating_NOV23-45babb6c85e94fd7a91107d56807ac9f?pvs=21),No,"November 21, 2023",November 23 (https://app.notion.com/p/November-23-c8396e4196554a6285d1dae048bfe66c?pvs=21),Online banking
ไข่เจียว,THB 40.00,Eating_NOV23 (https://app.notion.com/p/Eating_NOV23-45babb6c85e94fd7a91107d56807ac9f?pvs=21),No,"November 22, 2023",November 23 (https://app.notion.com/p/November-23-c8396e4196554a6285d1dae048bfe66c?pvs=21),Online banking
ข้าวผัดหมูสับ,THB 50.00,Eating_NOV23 (https://app.notion.com/p/Eating_NOV23-45babb6c85e94fd7a91107d56807ac9f?pvs=21),No,"November 22, 2023",November 23 (https://app.notion.com/p/November-23-c8396e4196554a6285d1dae048bfe66c?pvs=21),Online banking
อเมริกาโน่มะพร้าว,THB 70.00,Eating_NOV23 (https://app.notion.com/p/Eating_NOV23-45babb6c85e94fd7a91107d56807ac9f?pvs=21),No,"November 22, 2023",November 23 (https://app.notion.com/p/November-23-c8396e4196554a6285d1dae048bfe66c?pvs=21),Online banking
Amazon,THB 45.00,Eating_NOV23 (https://app.notion.com/p/Eating_NOV23-45babb6c85e94fd7a91107d56807ac9f?pvs=21),No,"November 23, 2023",November 23 (https://app.notion.com/p/November-23-c8396e4196554a6285d1dae048bfe66c?pvs=21),Online banking
Salad concept,THB 245.00,Eating_NOV23 (https://app.notion.com/p/Eating_NOV23-45babb6c85e94fd7a91107d56807ac9f?pvs=21),No,"November 23, 2023",November 23 (https://app.notion.com/p/November-23-c8396e4196554a6285d1dae048bfe66c?pvs=21),Credit card
Food,THB 80.00,Eating_NOV23 (https://app.notion.com/p/Eating_NOV23-45babb6c85e94fd7a91107d56807ac9f?pvs=21),No,"November 24, 2023",November 23 (https://app.notion.com/p/November-23-c8396e4196554a6285d1dae048bfe66c?pvs=21),Online banking
Fresh&Mild,THB 55.00,Eating_NOV23 (https://app.notion.com/p/Eating_NOV23-45babb6c85e94fd7a91107d56807ac9f?pvs=21),No,"November 24, 2023",November 23 (https://app.notion.com/p/November-23-c8396e4196554a6285d1dae048bfe66c?pvs=21),Online banking
Book,THB 668.00,Education_NOV23 (https://app.notion.com/p/Education_NOV23-f4ca2881fb064f8d95463650ae1403b6?pvs=21),No,"November 24, 2023",November 23 (https://app.notion.com/p/November-23-c8396e4196554a6285d1dae048bfe66c?pvs=21),Online banking
Wabisabi,THB 115.00,Eating_NOV23 (https://app.notion.com/p/Eating_NOV23-45babb6c85e94fd7a91107d56807ac9f?pvs=21),No,"November 25, 2023",November 23 (https://app.notion.com/p/November-23-c8396e4196554a6285d1dae048bfe66c?pvs=21),Online banking
เอกสารวิจัย ethic,THB 112.00,Education_NOV23 (https://app.notion.com/p/Education_NOV23-f4ca2881fb064f8d95463650ae1403b6?pvs=21),No,"November 25, 2023",November 23 (https://app.notion.com/p/November-23-c8396e4196554a6285d1dae048bfe66c?pvs=21),
Crazy noodle,THB 160.00,Eating_NOV23 (https://app.notion.com/p/Eating_NOV23-45babb6c85e94fd7a91107d56807ac9f?pvs=21),No,"November 25, 2023",November 23 (https://app.notion.com/p/November-23-c8396e4196554a6285d1dae048bfe66c?pvs=21),Online banking
VitaminB,THB 280.00,Lover_NOV23 (https://app.notion.com/p/Lover_NOV23-460ab018afda436fa552c5407c1cbb03?pvs=21),No,"November 25, 2023",November 23 (https://app.notion.com/p/November-23-c8396e4196554a6285d1dae048bfe66c?pvs=21),
Coffee,THB 450.00,Shopping_NOV23 (https://app.notion.com/p/Shopping_NOV23-249e2cc8909548e683ae603c219e2b62?pvs=21),No,"November 26, 2023",November 23 (https://app.notion.com/p/November-23-c8396e4196554a6285d1dae048bfe66c?pvs=21),Credit card
กะเพรากระด้ง,THB 118.00,Eating_NOV23 (https://app.notion.com/p/Eating_NOV23-45babb6c85e94fd7a91107d56807ac9f?pvs=21),No,"November 26, 2023",November 23 (https://app.notion.com/p/November-23-c8396e4196554a6285d1dae048bfe66c?pvs=21),Online banking
จอดรถ,THB 30.00,Transportation_NOV23 (https://app.notion.com/p/Transportation_NOV23-a91d9286796946968526321573651bac?pvs=21),No,"November 26, 2023",November 23 (https://app.notion.com/p/November-23-c8396e4196554a6285d1dae048bfe66c?pvs=21),Online banking
ตำปูม้าเจ็ดยอด,THB 365.00,Eating_NOV23 (https://app.notion.com/p/Eating_NOV23-45babb6c85e94fd7a91107d56807ac9f?pvs=21),No,"November 26, 2023",November 23 (https://app.notion.com/p/November-23-c8396e4196554a6285d1dae048bfe66c?pvs=21),Online banking
วันดี,THB 29.00,Eating_NOV23 (https://app.notion.com/p/Eating_NOV23-45babb6c85e94fd7a91107d56807ac9f?pvs=21),No,"November 26, 2023",November 23 (https://app.notion.com/p/November-23-c8396e4196554a6285d1dae048bfe66c?pvs=21),Online banking
ป้าเครือ,THB 40.00,Eating_NOV23 (https://app.notion.com/p/Eating_NOV23-45babb6c85e94fd7a91107d56807ac9f?pvs=21),No,"November 27, 2023",November 23 (https://app.notion.com/p/November-23-c8396e4196554a6285d1dae048bfe66c?pvs=21),Online banking
ฝรั่ง,THB 20.00,Eating_NOV23 (https://app.notion.com/p/Eating_NOV23-45babb6c85e94fd7a91107d56807ac9f?pvs=21),No,"November 28, 2023",November 23 (https://app.notion.com/p/November-23-c8396e4196554a6285d1dae048bfe66c?pvs=21),Online banking
สลัดฟาร์ม,THB 172.00,Eating_NOV23 (https://app.notion.com/p/Eating_NOV23-45babb6c85e94fd7a91107d56807ac9f?pvs=21),No,"November 28, 2023",November 23 (https://app.notion.com/p/November-23-c8396e4196554a6285d1dae048bfe66c?pvs=21),Credit card
ส่งเอกสาร,THB 45.00,Education_NOV23 (https://app.notion.com/p/Education_NOV23-f4ca2881fb064f8d95463650ae1403b6?pvs=21),No,"November 29, 2023",November 23 (https://app.notion.com/p/November-23-c8396e4196554a6285d1dae048bfe66c?pvs=21),
Maz,THB 65.00,Eating_NOV23 (https://app.notion.com/p/Eating_NOV23-45babb6c85e94fd7a91107d56807ac9f?pvs=21),No,"November 29, 2023",November 23 (https://app.notion.com/p/November-23-c8396e4196554a6285d1dae048bfe66c?pvs=21),Online banking
สุขสันต์,THB 50.00,Eating_NOV23 (https://app.notion.com/p/Eating_NOV23-45babb6c85e94fd7a91107d56807ac9f?pvs=21),No,"November 29, 2023",November 23 (https://app.notion.com/p/November-23-c8396e4196554a6285d1dae048bfe66c?pvs=21),Online banking
Food,THB 55.00,Eating_NOV23 (https://app.notion.com/p/Eating_NOV23-45babb6c85e94fd7a91107d56807ac9f?pvs=21),No,"November 30, 2023",November 23 (https://app.notion.com/p/November-23-c8396e4196554a6285d1dae048bfe66c?pvs=21),Online banking
Food,THB 42.00,Eating_DEC23 (https://app.notion.com/p/Eating_DEC23-df7fd0bef1234c789c60feb65d3e719a?pvs=21),No,"December 1, 2023",December 23 (https://app.notion.com/p/December-23-1c2fab811b314bb19c10918d4586716a?pvs=21),Online banking
Food,,Eating_NOV23 (https://app.notion.com/p/Eating_NOV23-45babb6c85e94fd7a91107d56807ac9f?pvs=21),No,"December 2, 2023",November 23 (https://app.notion.com/p/November-23-c8396e4196554a6285d1dae048bfe66c?pvs=21),Online banking
Food,THB 47.00,Eating_DEC23 (https://app.notion.com/p/Eating_DEC23-df7fd0bef1234c789c60feb65d3e719a?pvs=21),No,"December 2, 2023",December 23 (https://app.notion.com/p/December-23-1c2fab811b314bb19c10918d4586716a?pvs=21),Online banking
Roastniyom,THB 115.00,Eating_DEC23 (https://app.notion.com/p/Eating_DEC23-df7fd0bef1234c789c60feb65d3e719a?pvs=21),No,"December 2, 2023",December 23 (https://app.notion.com/p/December-23-1c2fab811b314bb19c10918d4586716a?pvs=21),Online banking
Food,THB 43.00,Eating_DEC23 (https://app.notion.com/p/Eating_DEC23-df7fd0bef1234c789c60feb65d3e719a?pvs=21),No,"December 2, 2023",December 23 (https://app.notion.com/p/December-23-1c2fab811b314bb19c10918d4586716a?pvs=21),Online banking
Shopping,THB 113.00,Shopping_DEC23 (https://app.notion.com/p/Shopping_DEC23-f26005f76089431d870c6680712fbe80?pvs=21),No,"December 3, 2023",December 23 (https://app.notion.com/p/December-23-1c2fab811b314bb19c10918d4586716a?pvs=21),Credit card
Katsu curry,THB 65.00,Eating_DEC23 (https://app.notion.com/p/Eating_DEC23-df7fd0bef1234c789c60feb65d3e719a?pvs=21),No,"December 3, 2023",December 23 (https://app.notion.com/p/December-23-1c2fab811b314bb19c10918d4586716a?pvs=21),Online banking
สุกี้ช้างเผือก,THB 65.00,Eating_DEC23 (https://app.notion.com/p/Eating_DEC23-df7fd0bef1234c789c60feb65d3e719a?pvs=21),No,"December 3, 2023",December 23 (https://app.notion.com/p/December-23-1c2fab811b314bb19c10918d4586716a?pvs=21),Credit card
Galatte - Hillkoff,THB 240.00,Eating_DEC23 (https://app.notion.com/p/Eating_DEC23-df7fd0bef1234c789c60feb65d3e719a?pvs=21),No,"December 3, 2023",December 23 (https://app.notion.com/p/December-23-1c2fab811b314bb19c10918d4586716a?pvs=21),Online banking
Food,THB 89.00,Eating_DEC23 (https://app.notion.com/p/Eating_DEC23-df7fd0bef1234c789c60feb65d3e719a?pvs=21),No,"December 3, 2023",December 23 (https://app.notion.com/p/December-23-1c2fab811b314bb19c10918d4586716a?pvs=21),Online banking
Food,THB 42.00,Eating_DEC23 (https://app.notion.com/p/Eating_DEC23-df7fd0bef1234c789c60feb65d3e719a?pvs=21),No,"December 4, 2023",December 23 (https://app.notion.com/p/December-23-1c2fab811b314bb19c10918d4586716a?pvs=21),Online banking
Food,THB 129.00,Eating_DEC23 (https://app.notion.com/p/Eating_DEC23-df7fd0bef1234c789c60feb65d3e719a?pvs=21),No,"December 4, 2023",December 23 (https://app.notion.com/p/December-23-1c2fab811b314bb19c10918d4586716a?pvs=21),Online banking
Shopping,THB 229.00,Shopping_DEC23 (https://app.notion.com/p/Shopping_DEC23-f26005f76089431d870c6680712fbe80?pvs=21),No,"December 4, 2023",December 23 (https://app.notion.com/p/December-23-1c2fab811b314bb19c10918d4586716a?pvs=21),Online banking
Food,THB 117.00,Eating_DEC23 (https://app.notion.com/p/Eating_DEC23-df7fd0bef1234c789c60feb65d3e719a?pvs=21),No,"December 5, 2023",December 23 (https://app.notion.com/p/December-23-1c2fab811b314bb19c10918d4586716a?pvs=21),Online banking
Shoshin ramen,THB 191.00,Eating_DEC23 (https://app.notion.com/p/Eating_DEC23-df7fd0bef1234c789c60feb65d3e719a?pvs=21),No,"December 5, 2023",December 23 (https://app.notion.com/p/December-23-1c2fab811b314bb19c10918d4586716a?pvs=21),Online banking
แพนง+ผัดเต้าหู้,THB 45.00,Eating_DEC23 (https://app.notion.com/p/Eating_DEC23-df7fd0bef1234c789c60feb65d3e719a?pvs=21),No,"December 6, 2023",December 23 (https://app.notion.com/p/December-23-1c2fab811b314bb19c10918d4586716a?pvs=21),Online banking
ปลาแกะ,THB 98.00,Eating_DEC23 (https://app.notion.com/p/Eating_DEC23-df7fd0bef1234c789c60feb65d3e719a?pvs=21),No,"December 6, 2023",December 23 (https://app.notion.com/p/December-23-1c2fab811b314bb19c10918d4586716a?pvs=21),Credit card
สลัดคุณนาย,THB 119.00,Eating_DEC23 (https://app.notion.com/p/Eating_DEC23-df7fd0bef1234c789c60feb65d3e719a?pvs=21),No,"December 7, 2023",December 23 (https://app.notion.com/p/December-23-1c2fab811b314bb19c10918d4586716a?pvs=21),Online banking
Food,THB 50.00,Eating_DEC23 (https://app.notion.com/p/Eating_DEC23-df7fd0bef1234c789c60feb65d3e719a?pvs=21),No,"December 7, 2023",December 23 (https://app.notion.com/p/December-23-1c2fab811b314bb19c10918d4586716a?pvs=21),Online banking
ชุดการแสดง,THB 591.00,Shopping_DEC23 (https://app.notion.com/p/Shopping_DEC23-f26005f76089431d870c6680712fbe80?pvs=21),No,"December 7, 2023",December 23 (https://app.notion.com/p/December-23-1c2fab811b314bb19c10918d4586716a?pvs=21),Credit card
Food,THB 40.00,Eating_DEC23 (https://app.notion.com/p/Eating_DEC23-df7fd0bef1234c789c60feb65d3e719a?pvs=21),No,"December 8, 2023",December 23 (https://app.notion.com/p/December-23-1c2fab811b314bb19c10918d4586716a?pvs=21),Online banking
หยอดเหรียญ,THB 20.00,Entertainment_DEC23 (https://app.notion.com/p/Entertainment_DEC23-26615b4c7ae54b56958ca4e5641de460?pvs=21),No,"December 8, 2023",December 23 (https://app.notion.com/p/December-23-1c2fab811b314bb19c10918d4586716a?pvs=21),Online banking
Coco,THB 530.00,Eating_DEC23 (https://app.notion.com/p/Eating_DEC23-df7fd0bef1234c789c60feb65d3e719a?pvs=21),No,"December 8, 2023",December 23 (https://app.notion.com/p/December-23-1c2fab811b314bb19c10918d4586716a?pvs=21),Online banking
อองตอง,THB 250.00,Eating_DEC23 (https://app.notion.com/p/Eating_DEC23-df7fd0bef1234c789c60feb65d3e719a?pvs=21),No,"December 9, 2023",December 23 (https://app.notion.com/p/December-23-1c2fab811b314bb19c10918d4586716a?pvs=21),Online banking
กวง,THB 130.00,Eating_DEC23 (https://app.notion.com/p/Eating_DEC23-df7fd0bef1234c789c60feb65d3e719a?pvs=21),No,"December 9, 2023",December 23 (https://app.notion.com/p/December-23-1c2fab811b314bb19c10918d4586716a?pvs=21),Online banking
ตัดผม,THB 130.00,Health & Fitness_DEC23 (https://app.notion.com/p/Health-Fitness_DEC23-413b1aef889b4768b80b1432a28197b1?pvs=21),No,"December 9, 2023",December 23 (https://app.notion.com/p/December-23-1c2fab811b314bb19c10918d4586716a?pvs=21),
Food,THB 63.00,Eating_DEC23 (https://app.notion.com/p/Eating_DEC23-df7fd0bef1234c789c60feb65d3e719a?pvs=21),No,"December 10, 2023",December 23 (https://app.notion.com/p/December-23-1c2fab811b314bb19c10918d4586716a?pvs=21),Online banking
Roastniyom,THB 120.00,Eating_DEC23 (https://app.notion.com/p/Eating_DEC23-df7fd0bef1234c789c60feb65d3e719a?pvs=21),No,"December 10, 2023",December 23 (https://app.notion.com/p/December-23-1c2fab811b314bb19c10918d4586716a?pvs=21),Online banking
งานแต่งยู่อี่,THB 500.00,Lover_DEC23 (https://app.notion.com/p/Lover_DEC23-81040808b11946588f4598e536e49c9e?pvs=21),No,"December 10, 2023",December 23 (https://app.notion.com/p/December-23-1c2fab811b314bb19c10918d4586716a?pvs=21),
ฝรั่ง,THB 47.00,Eating_DEC23 (https://app.notion.com/p/Eating_DEC23-df7fd0bef1234c789c60feb65d3e719a?pvs=21),No,"December 10, 2023",December 23 (https://app.notion.com/p/December-23-1c2fab811b314bb19c10918d4586716a?pvs=21),Online banking
Nymph,THB 372.00,Eating_DEC23 (https://app.notion.com/p/Eating_DEC23-df7fd0bef1234c789c60feb65d3e719a?pvs=21),No,"December 10, 2023",December 23 (https://app.notion.com/p/December-23-1c2fab811b314bb19c10918d4586716a?pvs=21),Online banking
Vocano,THB 62.00,Eating_DEC23 (https://app.notion.com/p/Eating_DEC23-df7fd0bef1234c789c60feb65d3e719a?pvs=21),No,"December 10, 2023",December 23 (https://app.notion.com/p/December-23-1c2fab811b314bb19c10918d4586716a?pvs=21),Online banking
ข้าวหน้าหมูทอด,THB 119.00,Eating_DEC23 (https://app.notion.com/p/Eating_DEC23-df7fd0bef1234c789c60feb65d3e719a?pvs=21),No,"December 11, 2023",December 23 (https://app.notion.com/p/December-23-1c2fab811b314bb19c10918d4586716a?pvs=21),Credit card
Grab,THB 44.00,Transportation_DEC23 (https://app.notion.com/p/Transportation_DEC23-712389dfe6da4c159509d5548822e623?pvs=21),No,"December 11, 2023",December 23 (https://app.notion.com/p/December-23-1c2fab811b314bb19c10918d4586716a?pvs=21),Credit card
Dimondgrain/oatside,"THB 1,243.00",Eating_DEC23 (https://app.notion.com/p/Eating_DEC23-df7fd0bef1234c789c60feb65d3e719a?pvs=21),No,"December 12, 2023",December 23 (https://app.notion.com/p/December-23-1c2fab811b314bb19c10918d4586716a?pvs=21),Credit card
Yuzu-ยาหมัด,THB 405.00,Cat_DEC23 (https://app.notion.com/p/Cat_DEC23-1faf56dbc10942778f952a7bb6f3c4d2?pvs=21),No,"December 12, 2023",December 23 (https://app.notion.com/p/December-23-1c2fab811b314bb19c10918d4586716a?pvs=21),Credit card
Food,THB 47.00,Eating_DEC23 (https://app.notion.com/p/Eating_DEC23-df7fd0bef1234c789c60feb65d3e719a?pvs=21),No,"December 12, 2023",December 23 (https://app.notion.com/p/December-23-1c2fab811b314bb19c10918d4586716a?pvs=21),Online banking
Food,THB 100.00,Eating_DEC23 (https://app.notion.com/p/Eating_DEC23-df7fd0bef1234c789c60feb65d3e719a?pvs=21),No,"December 12, 2023",December 23 (https://app.notion.com/p/December-23-1c2fab811b314bb19c10918d4586716a?pvs=21),Online banking
Seven,THB 292.25,Home_DEC23 (https://app.notion.com/p/Home_DEC23-154af9fa1dc04840bd0b6c3485864c9c?pvs=21),No,"December 12, 2023",December 23 (https://app.notion.com/p/December-23-1c2fab811b314bb19c10918d4586716a?pvs=21),Online banking
Food,THB 65.00,Eating_DEC23 (https://app.notion.com/p/Eating_DEC23-df7fd0bef1234c789c60feb65d3e719a?pvs=21),No,"December 13, 2023",December 23 (https://app.notion.com/p/December-23-1c2fab811b314bb19c10918d4586716a?pvs=21),Online banking
Food,THB 50.00,Eating_DEC23 (https://app.notion.com/p/Eating_DEC23-df7fd0bef1234c789c60feb65d3e719a?pvs=21),No,"December 14, 2023",December 23 (https://app.notion.com/p/December-23-1c2fab811b314bb19c10918d4586716a?pvs=21),Online banking
Food,THB 50.00,Eating_DEC23 (https://app.notion.com/p/Eating_DEC23-df7fd0bef1234c789c60feb65d3e719a?pvs=21),No,"December 14, 2023",December 23 (https://app.notion.com/p/December-23-1c2fab811b314bb19c10918d4586716a?pvs=21),Online banking
Food,THB 47.00,Eating_DEC23 (https://app.notion.com/p/Eating_DEC23-df7fd0bef1234c789c60feb65d3e719a?pvs=21),No,"December 14, 2023",December 23 (https://app.notion.com/p/December-23-1c2fab811b314bb19c10918d4586716a?pvs=21),Online banking
Food,THB 62.00,Eating_DEC23 (https://app.notion.com/p/Eating_DEC23-df7fd0bef1234c789c60feb65d3e719a?pvs=21),No,"December 15, 2023",December 23 (https://app.notion.com/p/December-23-1c2fab811b314bb19c10918d4586716a?pvs=21),Online banking
Food,THB 178.00,Eating_DEC23 (https://app.notion.com/p/Eating_DEC23-df7fd0bef1234c789c60feb65d3e719a?pvs=21),No,"December 15, 2023",December 23 (https://app.notion.com/p/December-23-1c2fab811b314bb19c10918d4586716a?pvs=21),Online banking
Food,THB 45.00,Eating_DEC23 (https://app.notion.com/p/Eating_DEC23-df7fd0bef1234c789c60feb65d3e719a?pvs=21),No,"December 15, 2023",December 23 (https://app.notion.com/p/December-23-1c2fab811b314bb19c10918d4586716a?pvs=21),Online banking
Food,THB 30.00,Eating_DEC23 (https://app.notion.com/p/Eating_DEC23-df7fd0bef1234c789c60feb65d3e719a?pvs=21),No,"December 16, 2023",December 23 (https://app.notion.com/p/December-23-1c2fab811b314bb19c10918d4586716a?pvs=21),Online banking
Food,THB 120.00,Eating_DEC23 (https://app.notion.com/p/Eating_DEC23-df7fd0bef1234c789c60feb65d3e719a?pvs=21),No,"December 16, 2023",December 23 (https://app.notion.com/p/December-23-1c2fab811b314bb19c10918d4586716a?pvs=21),Online banking
Food,THB 77.00,Eating_DEC23 (https://app.notion.com/p/Eating_DEC23-df7fd0bef1234c789c60feb65d3e719a?pvs=21),No,"December 16, 2023",December 23 (https://app.notion.com/p/December-23-1c2fab811b314bb19c10918d4586716a?pvs=21),Online banking
เจ๊ศรี,THB 108.00,Eating_DEC23 (https://app.notion.com/p/Eating_DEC23-df7fd0bef1234c789c60feb65d3e719a?pvs=21),No,"December 17, 2023",December 23 (https://app.notion.com/p/December-23-1c2fab811b314bb19c10918d4586716a?pvs=21),Credit card
Food,THB 150.00,Eating_DEC23 (https://app.notion.com/p/Eating_DEC23-df7fd0bef1234c789c60feb65d3e719a?pvs=21),No,"December 18, 2023",December 23 (https://app.notion.com/p/December-23-1c2fab811b314bb19c10918d4586716a?pvs=21),Online banking
My vietnam,THB 180.00,Eating_DEC23 (https://app.notion.com/p/Eating_DEC23-df7fd0bef1234c789c60feb65d3e719a?pvs=21),No,"December 18, 2023",December 23 (https://app.notion.com/p/December-23-1c2fab811b314bb19c10918d4586716a?pvs=21),Online banking
Shampoo,THB 45.00,Home_DEC23 (https://app.notion.com/p/Home_DEC23-154af9fa1dc04840bd0b6c3485864c9c?pvs=21),No,"December 18, 2023",December 23 (https://app.notion.com/p/December-23-1c2fab811b314bb19c10918d4586716a?pvs=21),Online banking
Food,THB 40.00,Eating_DEC23 (https://app.notion.com/p/Eating_DEC23-df7fd0bef1234c789c60feb65d3e719a?pvs=21),No,"December 19, 2023",December 23 (https://app.notion.com/p/December-23-1c2fab811b314bb19c10918d4586716a?pvs=21),Online banking
ไอติมบ้านยาย,THB 55.00,Eating_DEC23 (https://app.notion.com/p/Eating_DEC23-df7fd0bef1234c789c60feb65d3e719a?pvs=21),No,"December 19, 2023",December 23 (https://app.notion.com/p/December-23-1c2fab811b314bb19c10918d4586716a?pvs=21),Online banking
Crazy curry,THB 445.00,Eating_DEC23 (https://app.notion.com/p/Eating_DEC23-df7fd0bef1234c789c60feb65d3e719a?pvs=21),No,"December 19, 2023",December 23 (https://app.notion.com/p/December-23-1c2fab811b314bb19c10918d4586716a?pvs=21),Online banking
Oil,THB 90.00,Transportation_DEC23 (https://app.notion.com/p/Transportation_DEC23-712389dfe6da4c159509d5548822e623?pvs=21),No,"December 19, 2023",December 23 (https://app.notion.com/p/December-23-1c2fab811b314bb19c10918d4586716a?pvs=21),Money
Food,THB 42.00,Eating_DEC23 (https://app.notion.com/p/Eating_DEC23-df7fd0bef1234c789c60feb65d3e719a?pvs=21),No,"December 20, 2023",December 23 (https://app.notion.com/p/December-23-1c2fab811b314bb19c10918d4586716a?pvs=21),Online banking
Lita,THB 55.00,Eating_DEC23 (https://app.notion.com/p/Eating_DEC23-df7fd0bef1234c789c60feb65d3e719a?pvs=21),No,"December 21, 2023",December 23 (https://app.notion.com/p/December-23-1c2fab811b314bb19c10918d4586716a?pvs=21),Online banking
Food,THB 40.00,Eating_DEC23 (https://app.notion.com/p/Eating_DEC23-df7fd0bef1234c789c60feb65d3e719a?pvs=21),No,"December 21, 2023",December 23 (https://app.notion.com/p/December-23-1c2fab811b314bb19c10918d4586716a?pvs=21),Online banking
Food,THB 4.00,Eating_DEC23 (https://app.notion.com/p/Eating_DEC23-df7fd0bef1234c789c60feb65d3e719a?pvs=21),No,"December 23, 2023",December 23 (https://app.notion.com/p/December-23-1c2fab811b314bb19c10918d4586716a?pvs=21),Online banking
ลาบปลาจอมทอง,THB 180.00,Eating_DEC23 (https://app.notion.com/p/Eating_DEC23-df7fd0bef1234c789c60feb65d3e719a?pvs=21),No,"December 23, 2023",December 23 (https://app.notion.com/p/December-23-1c2fab811b314bb19c10918d4586716a?pvs=21),Online banking
ค่าใช้จ่ายกิ่วแม่ปาน,THB 610.00,Travel_DEC23 (https://app.notion.com/p/Travel_DEC23-cfff903c99c44545b548d60444906351?pvs=21),No,"December 23, 2023",December 23 (https://app.notion.com/p/December-23-1c2fab811b314bb19c10918d4586716a?pvs=21),
Witty,THB 70.00,Eating_DEC23 (https://app.notion.com/p/Eating_DEC23-df7fd0bef1234c789c60feb65d3e719a?pvs=21),No,"December 23, 2023",December 23 (https://app.notion.com/p/December-23-1c2fab811b314bb19c10918d4586716a?pvs=21),Online banking
Mask,THB 234.00,Home_DEC23 (https://app.notion.com/p/Home_DEC23-154af9fa1dc04840bd0b6c3485864c9c?pvs=21),No,"December 24, 2023",December 23 (https://app.notion.com/p/December-23-1c2fab811b314bb19c10918d4586716a?pvs=21),Online banking
จับฉลาก,THB 260.00,Lover_DEC23 (https://app.notion.com/p/Lover_DEC23-81040808b11946588f4598e536e49c9e?pvs=21),No,"December 24, 2023",December 23 (https://app.notion.com/p/December-23-1c2fab811b314bb19c10918d4586716a?pvs=21),
Roasniyom,THB 280.00,Eating_DEC23 (https://app.notion.com/p/Eating_DEC23-df7fd0bef1234c789c60feb65d3e719a?pvs=21),No,"December 24, 2023",December 23 (https://app.notion.com/p/December-23-1c2fab811b314bb19c10918d4586716a?pvs=21),Online banking
Food,THB 60.00,Eating_DEC23 (https://app.notion.com/p/Eating_DEC23-df7fd0bef1234c789c60feb65d3e719a?pvs=21),No,"December 24, 2023",December 23 (https://app.notion.com/p/December-23-1c2fab811b314bb19c10918d4586716a?pvs=21),Online banking
Watson,THB 800.00,Health & Fitness_DEC23 (https://app.notion.com/p/Health-Fitness_DEC23-413b1aef889b4768b80b1432a28197b1?pvs=21),No,"December 24, 2023",December 23 (https://app.notion.com/p/December-23-1c2fab811b314bb19c10918d4586716a?pvs=21),Online banking
ปากกา,THB 11.00,Shopping_DEC23 (https://app.notion.com/p/Shopping_DEC23-f26005f76089431d870c6680712fbe80?pvs=21),No,"December 24, 2023",December 23 (https://app.notion.com/p/December-23-1c2fab811b314bb19c10918d4586716a?pvs=21),Online banking
มันอินเตอร์,THB 40.00,Eating_DEC23 (https://app.notion.com/p/Eating_DEC23-df7fd0bef1234c789c60feb65d3e719a?pvs=21),No,"December 24, 2023",December 23 (https://app.notion.com/p/December-23-1c2fab811b314bb19c10918d4586716a?pvs=21),Online banking
เจียวดาว,THB 40.00,Eating_DEC23 (https://app.notion.com/p/Eating_DEC23-df7fd0bef1234c789c60feb65d3e719a?pvs=21),No,"December 24, 2023",December 23 (https://app.notion.com/p/December-23-1c2fab811b314bb19c10918d4586716a?pvs=21),Online banking
Game,"THB 1,225.00",Entertainment_DEC23 (https://app.notion.com/p/Entertainment_DEC23-26615b4c7ae54b56958ca4e5641de460?pvs=21),No,"December 24, 2023",December 23 (https://app.notion.com/p/December-23-1c2fab811b314bb19c10918d4586716a?pvs=21),Credit card
Food,THB 53.00,Eating_DEC23 (https://app.notion.com/p/Eating_DEC23-df7fd0bef1234c789c60feb65d3e719a?pvs=21),No,"December 25, 2023",December 23 (https://app.notion.com/p/December-23-1c2fab811b314bb19c10918d4586716a?pvs=21),Online banking
Food,THB 25.00,Eating_DEC23 (https://app.notion.com/p/Eating_DEC23-df7fd0bef1234c789c60feb65d3e719a?pvs=21),No,"December 25, 2023",December 23 (https://app.notion.com/p/December-23-1c2fab811b314bb19c10918d4586716a?pvs=21),Online banking
Salad khunnai,THB 123.00,Eating_DEC23 (https://app.notion.com/p/Eating_DEC23-df7fd0bef1234c789c60feb65d3e719a?pvs=21),No,"December 25, 2023",December 23 (https://app.notion.com/p/December-23-1c2fab811b314bb19c10918d4586716a?pvs=21),Online banking
Food,THB 55.00,Eating_DEC23 (https://app.notion.com/p/Eating_DEC23-df7fd0bef1234c789c60feb65d3e719a?pvs=21),No,"December 26, 2023",December 23 (https://app.notion.com/p/December-23-1c2fab811b314bb19c10918d4586716a?pvs=21),Online banking
ขนมจีบ,THB 30.00,Eating_DEC23 (https://app.notion.com/p/Eating_DEC23-df7fd0bef1234c789c60feb65d3e719a?pvs=21),No,"December 26, 2023",December 23 (https://app.notion.com/p/December-23-1c2fab811b314bb19c10918d4586716a?pvs=21),Online banking
Food,THB 45.00,Eating_DEC23 (https://app.notion.com/p/Eating_DEC23-df7fd0bef1234c789c60feb65d3e719a?pvs=21),No,"December 27, 2023",December 23 (https://app.notion.com/p/December-23-1c2fab811b314bb19c10918d4586716a?pvs=21),Online banking
Food,THB 79.00,Eating_DEC23 (https://app.notion.com/p/Eating_DEC23-df7fd0bef1234c789c60feb65d3e719a?pvs=21),No,"December 28, 2023",December 23 (https://app.notion.com/p/December-23-1c2fab811b314bb19c10918d4586716a?pvs=21),Online banking
Roastniyom,THB 85.00,Eating_DEC23 (https://app.notion.com/p/Eating_DEC23-df7fd0bef1234c789c60feb65d3e719a?pvs=21),No,"December 29, 2023",December 23 (https://app.notion.com/p/December-23-1c2fab811b314bb19c10918d4586716a?pvs=21),Online banking
Yuzu vaccine,THB 290.00,Cat_DEC23 (https://app.notion.com/p/Cat_DEC23-1faf56dbc10942778f952a7bb6f3c4d2?pvs=21),No,"December 29, 2023",December 23 (https://app.notion.com/p/December-23-1c2fab811b314bb19c10918d4586716a?pvs=21),Online banking
Oil,THB 770.00,Transportation_DEC23 (https://app.notion.com/p/Transportation_DEC23-712389dfe6da4c159509d5548822e623?pvs=21),No,"December 30, 2023",December 23 (https://app.notion.com/p/December-23-1c2fab811b314bb19c10918d4586716a?pvs=21),Credit card
Tea,THB 285.00,Eating_DEC23 (https://app.notion.com/p/Eating_DEC23-df7fd0bef1234c789c60feb65d3e719a?pvs=21),No,"December 30, 2023",December 23 (https://app.notion.com/p/December-23-1c2fab811b314bb19c10918d4586716a?pvs=21),Online banking
Amazon,THB 300.00,Eating_DEC23 (https://app.notion.com/p/Eating_DEC23-df7fd0bef1234c789c60feb65d3e719a?pvs=21),No,"December 31, 2023",December 23 (https://app.notion.com/p/December-23-1c2fab811b314bb19c10918d4586716a?pvs=21),Online banking
Pearly tea,THB 19.00,Eating_DEC23 (https://app.notion.com/p/Eating_DEC23-df7fd0bef1234c789c60feb65d3e719a?pvs=21),No,"December 31, 2023",December 23 (https://app.notion.com/p/December-23-1c2fab811b314bb19c10918d4586716a?pvs=21),Online banking
ขนมปัง seven,THB 135.00,Eating_DEC23 (https://app.notion.com/p/Eating_DEC23-df7fd0bef1234c789c60feb65d3e719a?pvs=21),No,"December 31, 2023",December 23 (https://app.notion.com/p/December-23-1c2fab811b314bb19c10918d4586716a?pvs=21),Online banking
เก๊กฮวย,THB 100.00,🍴Eating_JAN24 (https://app.notion.com/p/Eating_JAN24-6cfa7aa2300e40058e4cdf2405c3b3c1?pvs=21),No,"January 1, 2024",January 24 (https://app.notion.com/p/January-24-56441661139340d5bd5b135efbc2b05b?pvs=21),Online banking
Food,THB 50.00,🍴Eating_JAN24 (https://app.notion.com/p/Eating_JAN24-6cfa7aa2300e40058e4cdf2405c3b3c1?pvs=21),No,"January 2, 2024",January 24 (https://app.notion.com/p/January-24-56441661139340d5bd5b135efbc2b05b?pvs=21),Online banking
ป้าเครือ,THB 40.00,🍴Eating_JAN24 (https://app.notion.com/p/Eating_JAN24-6cfa7aa2300e40058e4cdf2405c3b3c1?pvs=21),No,"January 3, 2024",January 24 (https://app.notion.com/p/January-24-56441661139340d5bd5b135efbc2b05b?pvs=21),Online banking
Food,THB 50.00,🍴Eating_JAN24 (https://app.notion.com/p/Eating_JAN24-6cfa7aa2300e40058e4cdf2405c3b3c1?pvs=21),No,"January 3, 2024",January 24 (https://app.notion.com/p/January-24-56441661139340d5bd5b135efbc2b05b?pvs=21),Online banking
Food,THB 40.00,🍴Eating_JAN24 (https://app.notion.com/p/Eating_JAN24-6cfa7aa2300e40058e4cdf2405c3b3c1?pvs=21),No,"January 4, 2024",January 24 (https://app.notion.com/p/January-24-56441661139340d5bd5b135efbc2b05b?pvs=21),Online banking
Food,THB 40.00,🍴Eating_JAN24 (https://app.notion.com/p/Eating_JAN24-6cfa7aa2300e40058e4cdf2405c3b3c1?pvs=21),No,"January 4, 2024",January 24 (https://app.notion.com/p/January-24-56441661139340d5bd5b135efbc2b05b?pvs=21),Online banking
Food,THB 45.00,🍴Eating_JAN24 (https://app.notion.com/p/Eating_JAN24-6cfa7aa2300e40058e4cdf2405c3b3c1?pvs=21),No,"January 5, 2024",January 24 (https://app.notion.com/p/January-24-56441661139340d5bd5b135efbc2b05b?pvs=21),Online banking
Food,THB 110.00,🍴Eating_JAN24 (https://app.notion.com/p/Eating_JAN24-6cfa7aa2300e40058e4cdf2405c3b3c1?pvs=21),No,"January 5, 2024",January 24 (https://app.notion.com/p/January-24-56441661139340d5bd5b135efbc2b05b?pvs=21),Online banking
Food,THB 190.00,🍴Eating_JAN24 (https://app.notion.com/p/Eating_JAN24-6cfa7aa2300e40058e4cdf2405c3b3c1?pvs=21),No,"January 5, 2024",January 24 (https://app.notion.com/p/January-24-56441661139340d5bd5b135efbc2b05b?pvs=21),Online banking
Food,THB 124.00,🍴Eating_JAN24 (https://app.notion.com/p/Eating_JAN24-6cfa7aa2300e40058e4cdf2405c3b3c1?pvs=21),No,"January 6, 2024",January 24 (https://app.notion.com/p/January-24-56441661139340d5bd5b135efbc2b05b?pvs=21),Online banking
Food,THB 175.00,🍴Eating_JAN24 (https://app.notion.com/p/Eating_JAN24-6cfa7aa2300e40058e4cdf2405c3b3c1?pvs=21),No,"January 6, 2024",January 24 (https://app.notion.com/p/January-24-56441661139340d5bd5b135efbc2b05b?pvs=21),Online banking
Food,THB 259.00,🍴Eating_JAN24 (https://app.notion.com/p/Eating_JAN24-6cfa7aa2300e40058e4cdf2405c3b3c1?pvs=21),No,"January 6, 2024",January 24 (https://app.notion.com/p/January-24-56441661139340d5bd5b135efbc2b05b?pvs=21),Online banking
Food,THB 130.00,🍴Eating_JAN24 (https://app.notion.com/p/Eating_JAN24-6cfa7aa2300e40058e4cdf2405c3b3c1?pvs=21),No,"January 6, 2024",January 24 (https://app.notion.com/p/January-24-56441661139340d5bd5b135efbc2b05b?pvs=21),Online banking
Food,THB 40.00,🍴Eating_JAN24 (https://app.notion.com/p/Eating_JAN24-6cfa7aa2300e40058e4cdf2405c3b3c1?pvs=21),No,"January 8, 2024",January 24 (https://app.notion.com/p/January-24-56441661139340d5bd5b135efbc2b05b?pvs=21),Online banking
Food,THB 100.00,🍴Eating_JAN24 (https://app.notion.com/p/Eating_JAN24-6cfa7aa2300e40058e4cdf2405c3b3c1?pvs=21),No,"January 8, 2024",January 24 (https://app.notion.com/p/January-24-56441661139340d5bd5b135efbc2b05b?pvs=21),Online banking
Food,THB 45.00,🍴Eating_JAN24 (https://app.notion.com/p/Eating_JAN24-6cfa7aa2300e40058e4cdf2405c3b3c1?pvs=21),No,"January 9, 2024",January 24 (https://app.notion.com/p/January-24-56441661139340d5bd5b135efbc2b05b?pvs=21),Online banking
Food,THB 115.00,🍴Eating_JAN24 (https://app.notion.com/p/Eating_JAN24-6cfa7aa2300e40058e4cdf2405c3b3c1?pvs=21),No,"January 10, 2024",January 24 (https://app.notion.com/p/January-24-56441661139340d5bd5b135efbc2b05b?pvs=21),Online banking
Tenshin,THB 225.00,🍴Eating_JAN24 (https://app.notion.com/p/Eating_JAN24-6cfa7aa2300e40058e4cdf2405c3b3c1?pvs=21),No,"January 10, 2024",January 24 (https://app.notion.com/p/January-24-56441661139340d5bd5b135efbc2b05b?pvs=21),Online banking
Seven,THB 74.00,🍴Eating_JAN24 (https://app.notion.com/p/Eating_JAN24-6cfa7aa2300e40058e4cdf2405c3b3c1?pvs=21),No,"January 10, 2024",January 24 (https://app.notion.com/p/January-24-56441661139340d5bd5b135efbc2b05b?pvs=21),Online banking
Food,THB 65.00,🍴Eating_JAN24 (https://app.notion.com/p/Eating_JAN24-6cfa7aa2300e40058e4cdf2405c3b3c1?pvs=21),No,"January 11, 2024",January 24 (https://app.notion.com/p/January-24-56441661139340d5bd5b135efbc2b05b?pvs=21),Online banking
ปลาแกะ,THB 119.40,🍴Eating_JAN24 (https://app.notion.com/p/Eating_JAN24-6cfa7aa2300e40058e4cdf2405c3b3c1?pvs=21),No,"January 11, 2024",January 24 (https://app.notion.com/p/January-24-56441661139340d5bd5b135efbc2b05b?pvs=21),Credit card
ค่าเวร,THB 300.00,📖Education_JAN24 (https://app.notion.com/p/Education_JAN24-a5bb3469cb8a4b88938ad64a709ebb49?pvs=21),No,"January 12, 2024",January 24 (https://app.notion.com/p/January-24-56441661139340d5bd5b135efbc2b05b?pvs=21),Online banking
Fresh and mild,THB 104.00,🍴Eating_JAN24 (https://app.notion.com/p/Eating_JAN24-6cfa7aa2300e40058e4cdf2405c3b3c1?pvs=21),No,"January 12, 2024",January 24 (https://app.notion.com/p/January-24-56441661139340d5bd5b135efbc2b05b?pvs=21),Online banking
Food,THB 40.00,🍴Eating_JAN24 (https://app.notion.com/p/Eating_JAN24-6cfa7aa2300e40058e4cdf2405c3b3c1?pvs=21),No,"January 12, 2024",January 24 (https://app.notion.com/p/January-24-56441661139340d5bd5b135efbc2b05b?pvs=21),Online banking
เครื่องบินไป KKC,"THB 4,343.80",✈️Travel_JAN24 (https://app.notion.com/p/Travel_JAN24-9db522856dc14098be7e86f7756c9c85?pvs=21),No,"January 12, 2024",January 24 (https://app.notion.com/p/January-24-56441661139340d5bd5b135efbc2b05b?pvs=21),Credit card
Food,THB 40.00,🍴Eating_JAN24 (https://app.notion.com/p/Eating_JAN24-6cfa7aa2300e40058e4cdf2405c3b3c1?pvs=21),No,"January 13, 2024",January 24 (https://app.notion.com/p/January-24-56441661139340d5bd5b135efbc2b05b?pvs=21),Online banking
ติ่มซำ,THB 167.00,🍴Eating_JAN24 (https://app.notion.com/p/Eating_JAN24-6cfa7aa2300e40058e4cdf2405c3b3c1?pvs=21),No,"January 13, 2024",January 24 (https://app.notion.com/p/January-24-56441661139340d5bd5b135efbc2b05b?pvs=21),Online banking
รังนก,THB 40.00,🍴Eating_JAN24 (https://app.notion.com/p/Eating_JAN24-6cfa7aa2300e40058e4cdf2405c3b3c1?pvs=21),No,"January 13, 2024",January 24 (https://app.notion.com/p/January-24-56441661139340d5bd5b135efbc2b05b?pvs=21),Online banking
สลัดคุณนาย,THB 124.00,🍴Eating_JAN24 (https://app.notion.com/p/Eating_JAN24-6cfa7aa2300e40058e4cdf2405c3b3c1?pvs=21),No,"January 14, 2024",January 24 (https://app.notion.com/p/January-24-56441661139340d5bd5b135efbc2b05b?pvs=21),Online banking
Food,THB 106.00,🍴Eating_JAN24 (https://app.notion.com/p/Eating_JAN24-6cfa7aa2300e40058e4cdf2405c3b3c1?pvs=21),No,"January 14, 2024",January 24 (https://app.notion.com/p/January-24-56441661139340d5bd5b135efbc2b05b?pvs=21),Online banking
Food,THB 70.00,🍴Eating_JAN24 (https://app.notion.com/p/Eating_JAN24-6cfa7aa2300e40058e4cdf2405c3b3c1?pvs=21),No,"January 15, 2024",January 24 (https://app.notion.com/p/January-24-56441661139340d5bd5b135efbc2b05b?pvs=21),Online banking
Food,THB 119.00,🍴Eating_JAN24 (https://app.notion.com/p/Eating_JAN24-6cfa7aa2300e40058e4cdf2405c3b3c1?pvs=21),No,"January 15, 2024",January 24 (https://app.notion.com/p/January-24-56441661139340d5bd5b135efbc2b05b?pvs=21),Online banking
Food,THB 110.00,🍴Eating_JAN24 (https://app.notion.com/p/Eating_JAN24-6cfa7aa2300e40058e4cdf2405c3b3c1?pvs=21),No,"January 16, 2024",January 24 (https://app.notion.com/p/January-24-56441661139340d5bd5b135efbc2b05b?pvs=21),Online banking
Food,THB 17.00,🍴Eating_JAN24 (https://app.notion.com/p/Eating_JAN24-6cfa7aa2300e40058e4cdf2405c3b3c1?pvs=21),No,"January 17, 2024",January 24 (https://app.notion.com/p/January-24-56441661139340d5bd5b135efbc2b05b?pvs=21),Online banking
Food,THB 95.00,🍴Eating_JAN24 (https://app.notion.com/p/Eating_JAN24-6cfa7aa2300e40058e4cdf2405c3b3c1?pvs=21),No,"January 17, 2024",January 24 (https://app.notion.com/p/January-24-56441661139340d5bd5b135efbc2b05b?pvs=21),Online banking
Food,THB 40.00,🍴Eating_JAN24 (https://app.notion.com/p/Eating_JAN24-6cfa7aa2300e40058e4cdf2405c3b3c1?pvs=21),No,"January 17, 2024",January 24 (https://app.notion.com/p/January-24-56441661139340d5bd5b135efbc2b05b?pvs=21),Online banking
Food,THB 55.00,🍴Eating_JAN24 (https://app.notion.com/p/Eating_JAN24-6cfa7aa2300e40058e4cdf2405c3b3c1?pvs=21),No,"January 18, 2024",January 24 (https://app.notion.com/p/January-24-56441661139340d5bd5b135efbc2b05b?pvs=21),Online banking
Food,THB 71.00,🍴Eating_JAN24 (https://app.notion.com/p/Eating_JAN24-6cfa7aa2300e40058e4cdf2405c3b3c1?pvs=21),No,"January 18, 2024",January 24 (https://app.notion.com/p/January-24-56441661139340d5bd5b135efbc2b05b?pvs=21),Online banking
ทรายแมว,"THB 1,078.00",🐱Cat_JAN24 (https://app.notion.com/p/Cat_JAN24-31521ccc59d541469877954e7d14fecd?pvs=21),No,"January 18, 2024",January 24 (https://app.notion.com/p/January-24-56441661139340d5bd5b135efbc2b05b?pvs=21),Credit card
Coffee,THB 820.00,🍴Eating_JAN24 (https://app.notion.com/p/Eating_JAN24-6cfa7aa2300e40058e4cdf2405c3b3c1?pvs=21),No,"January 18, 2024",January 24 (https://app.notion.com/p/January-24-56441661139340d5bd5b135efbc2b05b?pvs=21),Credit card
Food,THB 52.00,🍴Eating_JAN24 (https://app.notion.com/p/Eating_JAN24-6cfa7aa2300e40058e4cdf2405c3b3c1?pvs=21),No,"January 19, 2024",January 24 (https://app.notion.com/p/January-24-56441661139340d5bd5b135efbc2b05b?pvs=21),Online banking
Case ipad,THB 990.00,❤️Lover_JAN24 (https://app.notion.com/p/Lover_JAN24-dd35dfee3cdb4ced9422c4dd08be4da8?pvs=21),No,"January 19, 2024",January 24 (https://app.notion.com/p/January-24-56441661139340d5bd5b135efbc2b05b?pvs=21),Online banking
Food,THB 50.00,🍴Eating_JAN24 (https://app.notion.com/p/Eating_JAN24-6cfa7aa2300e40058e4cdf2405c3b3c1?pvs=21),No,"January 20, 2024",January 24 (https://app.notion.com/p/January-24-56441661139340d5bd5b135efbc2b05b?pvs=21),Online banking
Food,THB 70.00,🍴Eating_JAN24 (https://app.notion.com/p/Eating_JAN24-6cfa7aa2300e40058e4cdf2405c3b3c1?pvs=21),No,"January 20, 2024",January 24 (https://app.notion.com/p/January-24-56441661139340d5bd5b135efbc2b05b?pvs=21),Online banking
กระเพรา,THB 49.00,🍴Eating_JAN24 (https://app.notion.com/p/Eating_JAN24-6cfa7aa2300e40058e4cdf2405c3b3c1?pvs=21),No,"January 21, 2024",January 24 (https://app.notion.com/p/January-24-56441661139340d5bd5b135efbc2b05b?pvs=21),Online banking
กวง,THB 130.00,🍴Eating_JAN24 (https://app.notion.com/p/Eating_JAN24-6cfa7aa2300e40058e4cdf2405c3b3c1?pvs=21),No,"January 21, 2024",January 24 (https://app.notion.com/p/January-24-56441661139340d5bd5b135efbc2b05b?pvs=21),Online banking
Food,THB 94.00,🍴Eating_JAN24 (https://app.notion.com/p/Eating_JAN24-6cfa7aa2300e40058e4cdf2405c3b3c1?pvs=21),No,"January 21, 2024",January 24 (https://app.notion.com/p/January-24-56441661139340d5bd5b135efbc2b05b?pvs=21),Online banking
Food,THB 55.00,🍴Eating_JAN24 (https://app.notion.com/p/Eating_JAN24-6cfa7aa2300e40058e4cdf2405c3b3c1?pvs=21),No,"January 22, 2024",January 24 (https://app.notion.com/p/January-24-56441661139340d5bd5b135efbc2b05b?pvs=21),Online banking
Mini-story,THB 60.00,🍴Eating_JAN24 (https://app.notion.com/p/Eating_JAN24-6cfa7aa2300e40058e4cdf2405c3b3c1?pvs=21),No,"January 22, 2024",January 24 (https://app.notion.com/p/January-24-56441661139340d5bd5b135efbc2b05b?pvs=21),Online banking
Food,THB 40.00,🍴Eating_JAN24 (https://app.notion.com/p/Eating_JAN24-6cfa7aa2300e40058e4cdf2405c3b3c1?pvs=21),No,"January 22, 2024",January 24 (https://app.notion.com/p/January-24-56441661139340d5bd5b135efbc2b05b?pvs=21),Online banking
Food,THB 53.00,🍴Eating_JAN24 (https://app.notion.com/p/Eating_JAN24-6cfa7aa2300e40058e4cdf2405c3b3c1?pvs=21),No,"January 23, 2024",January 24 (https://app.notion.com/p/January-24-56441661139340d5bd5b135efbc2b05b?pvs=21),Online banking
Lineman ผัดไท,THB 136.90,🍴Eating_JAN24 (https://app.notion.com/p/Eating_JAN24-6cfa7aa2300e40058e4cdf2405c3b3c1?pvs=21),No,"January 23, 2024",January 24 (https://app.notion.com/p/January-24-56441661139340d5bd5b135efbc2b05b?pvs=21),Credit card
Food,THB 40.00,🍴Eating_JAN24 (https://app.notion.com/p/Eating_JAN24-6cfa7aa2300e40058e4cdf2405c3b3c1?pvs=21),No,"January 24, 2024",January 24 (https://app.notion.com/p/January-24-56441661139340d5bd5b135efbc2b05b?pvs=21),Online banking
Food,THB 57.00,🍴Eating_JAN24 (https://app.notion.com/p/Eating_JAN24-6cfa7aa2300e40058e4cdf2405c3b3c1?pvs=21),No,"January 24, 2024",January 24 (https://app.notion.com/p/January-24-56441661139340d5bd5b135efbc2b05b?pvs=21),Online banking
Food,THB 110.00,🍴Eating_JAN24 (https://app.notion.com/p/Eating_JAN24-6cfa7aa2300e40058e4cdf2405c3b3c1?pvs=21),No,"January 24, 2024",January 24 (https://app.notion.com/p/January-24-56441661139340d5bd5b135efbc2b05b?pvs=21),Online banking
Food,THB 45.00,🍴Eating_JAN24 (https://app.notion.com/p/Eating_JAN24-6cfa7aa2300e40058e4cdf2405c3b3c1?pvs=21),No,"January 25, 2024",January 24 (https://app.notion.com/p/January-24-56441661139340d5bd5b135efbc2b05b?pvs=21),Online banking
Food,THB 55.00,🍴Eating_JAN24 (https://app.notion.com/p/Eating_JAN24-6cfa7aa2300e40058e4cdf2405c3b3c1?pvs=21),No,"January 25, 2024",January 24 (https://app.notion.com/p/January-24-56441661139340d5bd5b135efbc2b05b?pvs=21),Online banking
Adirak,THB 300.00,🍴Eating_JAN24 (https://app.notion.com/p/Eating_JAN24-6cfa7aa2300e40058e4cdf2405c3b3c1?pvs=21),No,"January 27, 2024",January 24 (https://app.notion.com/p/January-24-56441661139340d5bd5b135efbc2b05b?pvs=21),Online banking
กระเพรากระด้ง,THB 120.00,🍴Eating_JAN24 (https://app.notion.com/p/Eating_JAN24-6cfa7aa2300e40058e4cdf2405c3b3c1?pvs=21),No,"January 27, 2024",January 24 (https://app.notion.com/p/January-24-56441661139340d5bd5b135efbc2b05b?pvs=21),Online banking
Wawee,THB 75.00,🍴Eating_JAN24 (https://app.notion.com/p/Eating_JAN24-6cfa7aa2300e40058e4cdf2405c3b3c1?pvs=21),No,"January 28, 2024",January 24 (https://app.notion.com/p/January-24-56441661139340d5bd5b135efbc2b05b?pvs=21),Online banking
Food,THB 40.00,🍴Eating_JAN24 (https://app.notion.com/p/Eating_JAN24-6cfa7aa2300e40058e4cdf2405c3b3c1?pvs=21),No,"January 28, 2024",January 24 (https://app.notion.com/p/January-24-56441661139340d5bd5b135efbc2b05b?pvs=21),Online banking
Food,THB 40.00,🍴Eating_JAN24 (https://app.notion.com/p/Eating_JAN24-6cfa7aa2300e40058e4cdf2405c3b3c1?pvs=21),No,"January 29, 2024",January 24 (https://app.notion.com/p/January-24-56441661139340d5bd5b135efbc2b05b?pvs=21),Online banking
Food,THB 20.00,🍴Eating_JAN24 (https://app.notion.com/p/Eating_JAN24-6cfa7aa2300e40058e4cdf2405c3b3c1?pvs=21),No,"January 29, 2024",January 24 (https://app.notion.com/p/January-24-56441661139340d5bd5b135efbc2b05b?pvs=21),Online banking
Food,THB 145.00,🍴Eating_JAN24 (https://app.notion.com/p/Eating_JAN24-6cfa7aa2300e40058e4cdf2405c3b3c1?pvs=21),No,"January 29, 2024",January 24 (https://app.notion.com/p/January-24-56441661139340d5bd5b135efbc2b05b?pvs=21),Online banking
Food,THB 45.00,🍴Eating_JAN24 (https://app.notion.com/p/Eating_JAN24-6cfa7aa2300e40058e4cdf2405c3b3c1?pvs=21),No,"January 30, 2024",January 24 (https://app.notion.com/p/January-24-56441661139340d5bd5b135efbc2b05b?pvs=21),Online banking
Food,THB 55.00,🍴Eating_JAN24 (https://app.notion.com/p/Eating_JAN24-6cfa7aa2300e40058e4cdf2405c3b3c1?pvs=21),No,"January 30, 2024",January 24 (https://app.notion.com/p/January-24-56441661139340d5bd5b135efbc2b05b?pvs=21),Online banking
Seven,THB 163.25,🍴Eating_JAN24 (https://app.notion.com/p/Eating_JAN24-6cfa7aa2300e40058e4cdf2405c3b3c1?pvs=21),No,"January 30, 2024",January 24 (https://app.notion.com/p/January-24-56441661139340d5bd5b135efbc2b05b?pvs=21),Online banking
Food,THB 50.00,🍴Eating_JAN24 (https://app.notion.com/p/Eating_JAN24-6cfa7aa2300e40058e4cdf2405c3b3c1?pvs=21),No,"January 31, 2024",January 24 (https://app.notion.com/p/January-24-56441661139340d5bd5b135efbc2b05b?pvs=21),Online banking
Food,THB 100.00,🍴Eating_JAN24 (https://app.notion.com/p/Eating_JAN24-6cfa7aa2300e40058e4cdf2405c3b3c1?pvs=21),No,"January 31, 2024",January 24 (https://app.notion.com/p/January-24-56441661139340d5bd5b135efbc2b05b?pvs=21),Online banking
Shopping,THB 98.00,🛍️Shopping_JAN24 (https://app.notion.com/p/Shopping_JAN24-385a139944e1420198f56f0b2ff94277?pvs=21),No,"January 31, 2024",January 24 (https://app.notion.com/p/January-24-56441661139340d5bd5b135efbc2b05b?pvs=21),Credit card
Food,THB 148.00,🍴Eating_JAN24 (https://app.notion.com/p/Eating_JAN24-6cfa7aa2300e40058e4cdf2405c3b3c1?pvs=21),No,"January 31, 2024",January 24 (https://app.notion.com/p/January-24-56441661139340d5bd5b135efbc2b05b?pvs=21),Credit card
Food,THB 52.00,🍴Eating_FEB24 (https://app.notion.com/p/Eating_FEB24-3bf74b159c7e4f89adb6b592b4c2dc1b?pvs=21),No,"February 1, 2024",February 24 (https://app.notion.com/p/February-24-3a420e7c86924500b97cd47003e31126?pvs=21),Online banking
Food,THB 50.00,🍴Eating_FEB24 (https://app.notion.com/p/Eating_FEB24-3bf74b159c7e4f89adb6b592b4c2dc1b?pvs=21),No,"February 1, 2024",February 24 (https://app.notion.com/p/February-24-3a420e7c86924500b97cd47003e31126?pvs=21),Online banking
Food,THB 32.00,🍴Eating_FEB24 (https://app.notion.com/p/Eating_FEB24-3bf74b159c7e4f89adb6b592b4c2dc1b?pvs=21),No,"February 1, 2024",February 24 (https://app.notion.com/p/February-24-3a420e7c86924500b97cd47003e31126?pvs=21),Online banking
Shopping,THB 866.00,🛍️Shopping_FEB24 (https://app.notion.com/p/Shopping_FEB24-85aed0f98d814ddda1f333e1da5a4aa3?pvs=21),No,"February 2, 2024",February 24 (https://app.notion.com/p/February-24-3a420e7c86924500b97cd47003e31126?pvs=21),Credit card
Food,THB 70.00,🍴Eating_FEB24 (https://app.notion.com/p/Eating_FEB24-3bf74b159c7e4f89adb6b592b4c2dc1b?pvs=21),No,"February 2, 2024",February 24 (https://app.notion.com/p/February-24-3a420e7c86924500b97cd47003e31126?pvs=21),Online banking
Food,THB 90.00,🍴Eating_FEB24 (https://app.notion.com/p/Eating_FEB24-3bf74b159c7e4f89adb6b592b4c2dc1b?pvs=21),No,"February 2, 2024",February 24 (https://app.notion.com/p/February-24-3a420e7c86924500b97cd47003e31126?pvs=21),Online banking
Salad concepts,THB 417.00,🍴Eating_FEB24 (https://app.notion.com/p/Eating_FEB24-3bf74b159c7e4f89adb6b592b4c2dc1b?pvs=21),No,"February 2, 2024",February 24 (https://app.notion.com/p/February-24-3a420e7c86924500b97cd47003e31126?pvs=21),Online banking
Watson,THB 837.50,🛍️Shopping_FEB24 (https://app.notion.com/p/Shopping_FEB24-85aed0f98d814ddda1f333e1da5a4aa3?pvs=21),No,"February 2, 2024",February 24 (https://app.notion.com/p/February-24-3a420e7c86924500b97cd47003e31126?pvs=21),Credit card
Film กันรอย,THB 990.00,🛍️Shopping_FEB24 (https://app.notion.com/p/Shopping_FEB24-85aed0f98d814ddda1f333e1da5a4aa3?pvs=21),No,"February 2, 2024",February 24 (https://app.notion.com/p/February-24-3a420e7c86924500b97cd47003e31126?pvs=21),Online banking
Case S22u,THB 993.00,🛍️Shopping_FEB24 (https://app.notion.com/p/Shopping_FEB24-85aed0f98d814ddda1f333e1da5a4aa3?pvs=21),No,"February 3, 2024",February 24 (https://app.notion.com/p/February-24-3a420e7c86924500b97cd47003e31126?pvs=21),Credit card
Oil,THB 900.00,🛢️Transportation_FEB24 (https://app.notion.com/p/Transportation_FEB24-610b9b04bfa4446999d09600da33c34d?pvs=21),No,"February 3, 2024",February 24 (https://app.notion.com/p/February-24-3a420e7c86924500b97cd47003e31126?pvs=21),Credit card
หอมเชย,THB 575.00,🍴Eating_FEB24 (https://app.notion.com/p/Eating_FEB24-3bf74b159c7e4f89adb6b592b4c2dc1b?pvs=21),No,"February 3, 2024",February 24 (https://app.notion.com/p/February-24-3a420e7c86924500b97cd47003e31126?pvs=21),Online banking
ของฝาก,THB 100.00,❤️Lover_FEB24 (https://app.notion.com/p/Lover_FEB24-3371b15d76024c6b9961227614256d0a?pvs=21),No,"February 4, 2024",February 24 (https://app.notion.com/p/February-24-3a420e7c86924500b97cd47003e31126?pvs=21),Online banking
วินมอไซค์,THB 120.00,🛢️Transportation_FEB24 (https://app.notion.com/p/Transportation_FEB24-610b9b04bfa4446999d09600da33c34d?pvs=21),No,"February 4, 2024",February 24 (https://app.notion.com/p/February-24-3a420e7c86924500b97cd47003e31126?pvs=21),Online banking
ตัดผม,THB 130.00,💊Health & Fitness_FEB24 (https://app.notion.com/p/Health-Fitness_FEB24-cb82e3fe4abf426880b991ae1895eb87?pvs=21),No,"February 4, 2024",February 24 (https://app.notion.com/p/February-24-3a420e7c86924500b97cd47003e31126?pvs=21),
Food,THB 65.00,🍴Eating_FEB24 (https://app.notion.com/p/Eating_FEB24-3bf74b159c7e4f89adb6b592b4c2dc1b?pvs=21),No,"February 4, 2024",February 24 (https://app.notion.com/p/February-24-3a420e7c86924500b97cd47003e31126?pvs=21),Credit card
Food,THB 42.00,🍴Eating_FEB24 (https://app.notion.com/p/Eating_FEB24-3bf74b159c7e4f89adb6b592b4c2dc1b?pvs=21),No,"February 5, 2024",February 24 (https://app.notion.com/p/February-24-3a420e7c86924500b97cd47003e31126?pvs=21),Online banking
Food,THB 65.00,🍴Eating_FEB24 (https://app.notion.com/p/Eating_FEB24-3bf74b159c7e4f89adb6b592b4c2dc1b?pvs=21),No,"February 5, 2024",February 24 (https://app.notion.com/p/February-24-3a420e7c86924500b97cd47003e31126?pvs=21),Online banking
Food,THB 50.00,🍴Eating_FEB24 (https://app.notion.com/p/Eating_FEB24-3bf74b159c7e4f89adb6b592b4c2dc1b?pvs=21),No,"February 6, 2024",February 24 (https://app.notion.com/p/February-24-3a420e7c86924500b97cd47003e31126?pvs=21),Online banking
Food,THB 50.00,🍴Eating_FEB24 (https://app.notion.com/p/Eating_FEB24-3bf74b159c7e4f89adb6b592b4c2dc1b?pvs=21),No,"February 6, 2024",February 24 (https://app.notion.com/p/February-24-3a420e7c86924500b97cd47003e31126?pvs=21),Online banking
Food,THB 147.00,🍴Eating_FEB24 (https://app.notion.com/p/Eating_FEB24-3bf74b159c7e4f89adb6b592b4c2dc1b?pvs=21),No,"February 6, 2024",February 24 (https://app.notion.com/p/February-24-3a420e7c86924500b97cd47003e31126?pvs=21),Credit card
Food,THB 195.00,🍴Eating_FEB24 (https://app.notion.com/p/Eating_FEB24-3bf74b159c7e4f89adb6b592b4c2dc1b?pvs=21),No,"February 7, 2024",February 24 (https://app.notion.com/p/February-24-3a420e7c86924500b97cd47003e31126?pvs=21),Online banking
Food,THB 65.00,🍴Eating_FEB24 (https://app.notion.com/p/Eating_FEB24-3bf74b159c7e4f89adb6b592b4c2dc1b?pvs=21),No,"February 8, 2024",February 24 (https://app.notion.com/p/February-24-3a420e7c86924500b97cd47003e31126?pvs=21),Online banking
Food,THB 50.00,🍴Eating_FEB24 (https://app.notion.com/p/Eating_FEB24-3bf74b159c7e4f89adb6b592b4c2dc1b?pvs=21),No,"February 8, 2024",February 24 (https://app.notion.com/p/February-24-3a420e7c86924500b97cd47003e31126?pvs=21),Online banking
Food,THB 220.00,🍴Eating_FEB24 (https://app.notion.com/p/Eating_FEB24-3bf74b159c7e4f89adb6b592b4c2dc1b?pvs=21),No,"February 8, 2024",February 24 (https://app.notion.com/p/February-24-3a420e7c86924500b97cd47003e31126?pvs=21),Online banking
Food,THB 260.00,🍴Eating_FEB24 (https://app.notion.com/p/Eating_FEB24-3bf74b159c7e4f89adb6b592b4c2dc1b?pvs=21),No,"February 8, 2024",February 24 (https://app.notion.com/p/February-24-3a420e7c86924500b97cd47003e31126?pvs=21),Online banking
Food,THB 50.00,🍴Eating_FEB24 (https://app.notion.com/p/Eating_FEB24-3bf74b159c7e4f89adb6b592b4c2dc1b?pvs=21),No,"February 9, 2024",February 24 (https://app.notion.com/p/February-24-3a420e7c86924500b97cd47003e31126?pvs=21),Online banking
Seven,THB 120.00,🍴Eating_FEB24 (https://app.notion.com/p/Eating_FEB24-3bf74b159c7e4f89adb6b592b4c2dc1b?pvs=21),No,"February 10, 2024",February 24 (https://app.notion.com/p/February-24-3a420e7c86924500b97cd47003e31126?pvs=21),Online banking
Food,THB 180.00,🍴Eating_FEB24 (https://app.notion.com/p/Eating_FEB24-3bf74b159c7e4f89adb6b592b4c2dc1b?pvs=21),No,"February 10, 2024",February 24 (https://app.notion.com/p/February-24-3a420e7c86924500b97cd47003e31126?pvs=21),Online banking
Food,THB 69.00,🍴Eating_FEB24 (https://app.notion.com/p/Eating_FEB24-3bf74b159c7e4f89adb6b592b4c2dc1b?pvs=21),No,"February 10, 2024",February 24 (https://app.notion.com/p/February-24-3a420e7c86924500b97cd47003e31126?pvs=21),Online banking
Food,THB 140.00,🍴Eating_FEB24 (https://app.notion.com/p/Eating_FEB24-3bf74b159c7e4f89adb6b592b4c2dc1b?pvs=21),No,"February 11, 2024",February 24 (https://app.notion.com/p/February-24-3a420e7c86924500b97cd47003e31126?pvs=21),Credit card
Oil,THB 90.00,🛢️Transportation_FEB24 (https://app.notion.com/p/Transportation_FEB24-610b9b04bfa4446999d09600da33c34d?pvs=21),No,"February 11, 2024",February 24 (https://app.notion.com/p/February-24-3a420e7c86924500b97cd47003e31126?pvs=21),Credit card
Food,THB 125.00,🍴Eating_FEB24 (https://app.notion.com/p/Eating_FEB24-3bf74b159c7e4f89adb6b592b4c2dc1b?pvs=21),No,"February 12, 2024",February 24 (https://app.notion.com/p/February-24-3a420e7c86924500b97cd47003e31126?pvs=21),Credit card
Food,THB 95.00,🍴Eating_FEB24 (https://app.notion.com/p/Eating_FEB24-3bf74b159c7e4f89adb6b592b4c2dc1b?pvs=21),No,"February 12, 2024",February 24 (https://app.notion.com/p/February-24-3a420e7c86924500b97cd47003e31126?pvs=21),Online banking
Food,THB 25.00,🍴Eating_FEB24 (https://app.notion.com/p/Eating_FEB24-3bf74b159c7e4f89adb6b592b4c2dc1b?pvs=21),No,"February 12, 2024",February 24 (https://app.notion.com/p/February-24-3a420e7c86924500b97cd47003e31126?pvs=21),Online banking
Food,THB 55.00,🍴Eating_FEB24 (https://app.notion.com/p/Eating_FEB24-3bf74b159c7e4f89adb6b592b4c2dc1b?pvs=21),No,"February 13, 2024",February 24 (https://app.notion.com/p/February-24-3a420e7c86924500b97cd47003e31126?pvs=21),Online banking
Papa,THB 300.00,🍴Eating_FEB24 (https://app.notion.com/p/Eating_FEB24-3bf74b159c7e4f89adb6b592b4c2dc1b?pvs=21),No,"February 13, 2024",February 24 (https://app.notion.com/p/February-24-3a420e7c86924500b97cd47003e31126?pvs=21),Online banking
Food,THB 42.00,🍴Eating_FEB24 (https://app.notion.com/p/Eating_FEB24-3bf74b159c7e4f89adb6b592b4c2dc1b?pvs=21),No,"February 14, 2024",February 24 (https://app.notion.com/p/February-24-3a420e7c86924500b97cd47003e31126?pvs=21),Online banking
Food,THB 60.00,🍴Eating_FEB24 (https://app.notion.com/p/Eating_FEB24-3bf74b159c7e4f89adb6b592b4c2dc1b?pvs=21),No,"February 14, 2024",February 24 (https://app.notion.com/p/February-24-3a420e7c86924500b97cd47003e31126?pvs=21),Online banking
Food,THB 7.00,🍴Eating_FEB24 (https://app.notion.com/p/Eating_FEB24-3bf74b159c7e4f89adb6b592b4c2dc1b?pvs=21),No,"February 14, 2024",February 24 (https://app.notion.com/p/February-24-3a420e7c86924500b97cd47003e31126?pvs=21),Online banking
ซิกพี,THB 105.00,🍴Eating_FEB24 (https://app.notion.com/p/Eating_FEB24-3bf74b159c7e4f89adb6b592b4c2dc1b?pvs=21),No,"February 15, 2024",February 24 (https://app.notion.com/p/February-24-3a420e7c86924500b97cd47003e31126?pvs=21),Online banking
Food,THB 90.00,🍴Eating_FEB24 (https://app.notion.com/p/Eating_FEB24-3bf74b159c7e4f89adb6b592b4c2dc1b?pvs=21),No,"February 15, 2024",February 24 (https://app.notion.com/p/February-24-3a420e7c86924500b97cd47003e31126?pvs=21),Online banking
Food,THB 40.00,🍴Eating_FEB24 (https://app.notion.com/p/Eating_FEB24-3bf74b159c7e4f89adb6b592b4c2dc1b?pvs=21),No,"February 15, 2024",February 24 (https://app.notion.com/p/February-24-3a420e7c86924500b97cd47003e31126?pvs=21),Online banking
Food,THB 129.00,🍴Eating_FEB24 (https://app.notion.com/p/Eating_FEB24-3bf74b159c7e4f89adb6b592b4c2dc1b?pvs=21),No,"February 16, 2024",February 24 (https://app.notion.com/p/February-24-3a420e7c86924500b97cd47003e31126?pvs=21),Credit card
Google subscription,THB 700.00,📖Education_FEB24 (https://app.notion.com/p/Education_FEB24-a6208f6c24614315831d30da86ab4171?pvs=21),No,"February 17, 2024",February 24 (https://app.notion.com/p/February-24-3a420e7c86924500b97cd47003e31126?pvs=21),Credit card
Food,THB 117.00,🍴Eating_FEB24 (https://app.notion.com/p/Eating_FEB24-3bf74b159c7e4f89adb6b592b4c2dc1b?pvs=21),No,"February 17, 2024",February 24 (https://app.notion.com/p/February-24-3a420e7c86924500b97cd47003e31126?pvs=21),Credit card
Food,THB 140.00,🍴Eating_FEB24 (https://app.notion.com/p/Eating_FEB24-3bf74b159c7e4f89adb6b592b4c2dc1b?pvs=21),No,"February 18, 2024",February 24 (https://app.notion.com/p/February-24-3a420e7c86924500b97cd47003e31126?pvs=21),Credit card
โกยี,THB 87.00,🍴Eating_FEB24 (https://app.notion.com/p/Eating_FEB24-3bf74b159c7e4f89adb6b592b4c2dc1b?pvs=21),No,"February 19, 2024",February 24 (https://app.notion.com/p/February-24-3a420e7c86924500b97cd47003e31126?pvs=21),Online banking
Food,THB 38.00,🍴Eating_FEB24 (https://app.notion.com/p/Eating_FEB24-3bf74b159c7e4f89adb6b592b4c2dc1b?pvs=21),No,"February 19, 2024",February 24 (https://app.notion.com/p/February-24-3a420e7c86924500b97cd47003e31126?pvs=21),Online banking
Food,THB 65.00,🍴Eating_FEB24 (https://app.notion.com/p/Eating_FEB24-3bf74b159c7e4f89adb6b592b4c2dc1b?pvs=21),No,"February 19, 2024",February 24 (https://app.notion.com/p/February-24-3a420e7c86924500b97cd47003e31126?pvs=21),Credit card
"Granola,coffee",THB 854.00,🍴Eating_FEB24 (https://app.notion.com/p/Eating_FEB24-3bf74b159c7e4f89adb6b592b4c2dc1b?pvs=21),No,"February 19, 2024",February 24 (https://app.notion.com/p/February-24-3a420e7c86924500b97cd47003e31126?pvs=21),Credit card
Food,THB 116.10,🍴Eating_FEB24 (https://app.notion.com/p/Eating_FEB24-3bf74b159c7e4f89adb6b592b4c2dc1b?pvs=21),No,"February 20, 2024",February 24 (https://app.notion.com/p/February-24-3a420e7c86924500b97cd47003e31126?pvs=21),Credit card
Food,THB 89.00,🍴Eating_FEB24 (https://app.notion.com/p/Eating_FEB24-3bf74b159c7e4f89adb6b592b4c2dc1b?pvs=21),No,"February 20, 2024",February 24 (https://app.notion.com/p/February-24-3a420e7c86924500b97cd47003e31126?pvs=21),Online banking
Food,THB 49.00,🍴Eating_FEB24 (https://app.notion.com/p/Eating_FEB24-3bf74b159c7e4f89adb6b592b4c2dc1b?pvs=21),No,"February 20, 2024",February 24 (https://app.notion.com/p/February-24-3a420e7c86924500b97cd47003e31126?pvs=21),Online banking
Food,THB 50.00,🍴Eating_FEB24 (https://app.notion.com/p/Eating_FEB24-3bf74b159c7e4f89adb6b592b4c2dc1b?pvs=21),No,"February 21, 2024",February 24 (https://app.notion.com/p/February-24-3a420e7c86924500b97cd47003e31126?pvs=21),Online banking
Food,THB 70.00,🍴Eating_FEB24 (https://app.notion.com/p/Eating_FEB24-3bf74b159c7e4f89adb6b592b4c2dc1b?pvs=21),No,"February 21, 2024",February 24 (https://app.notion.com/p/February-24-3a420e7c86924500b97cd47003e31126?pvs=21),Online banking
Food,THB 119.00,🍴Eating_FEB24 (https://app.notion.com/p/Eating_FEB24-3bf74b159c7e4f89adb6b592b4c2dc1b?pvs=21),No,"February 21, 2024",February 24 (https://app.notion.com/p/February-24-3a420e7c86924500b97cd47003e31126?pvs=21),Credit card
Food,THB 60.00,🍴Eating_FEB24 (https://app.notion.com/p/Eating_FEB24-3bf74b159c7e4f89adb6b592b4c2dc1b?pvs=21),No,"February 22, 2024",February 24 (https://app.notion.com/p/February-24-3a420e7c86924500b97cd47003e31126?pvs=21),Online banking
Food,THB 39.00,🍴Eating_FEB24 (https://app.notion.com/p/Eating_FEB24-3bf74b159c7e4f89adb6b592b4c2dc1b?pvs=21),No,"February 22, 2024",February 24 (https://app.notion.com/p/February-24-3a420e7c86924500b97cd47003e31126?pvs=21),Online banking
Food,THB 102.00,🍴Eating_FEB24 (https://app.notion.com/p/Eating_FEB24-3bf74b159c7e4f89adb6b592b4c2dc1b?pvs=21),No,"February 22, 2024",February 24 (https://app.notion.com/p/February-24-3a420e7c86924500b97cd47003e31126?pvs=21),Credit card
Shopping,"THB 2,313.00",❤️Lover_FEB24 (https://app.notion.com/p/Lover_FEB24-3371b15d76024c6b9961227614256d0a?pvs=21),No,"February 22, 2024",February 24 (https://app.notion.com/p/February-24-3a420e7c86924500b97cd47003e31126?pvs=21),Credit card
เที่ยวสงกรานต์,"THB 3,626.80",✈️Travel_FEB24 (https://app.notion.com/p/Travel_FEB24-b2a40fd4745944a18ffa00c9ef2354f9?pvs=21),No,"February 22, 2024",February 24 (https://app.notion.com/p/February-24-3a420e7c86924500b97cd47003e31126?pvs=21),Credit card
Food,THB 125.00,🍴Eating_FEB24 (https://app.notion.com/p/Eating_FEB24-3bf74b159c7e4f89adb6b592b4c2dc1b?pvs=21),No,"February 23, 2024",February 24 (https://app.notion.com/p/February-24-3a420e7c86924500b97cd47003e31126?pvs=21),Online banking
Food,THB 61.00,🍴Eating_FEB24 (https://app.notion.com/p/Eating_FEB24-3bf74b159c7e4f89adb6b592b4c2dc1b?pvs=21),No,"February 23, 2024",February 24 (https://app.notion.com/p/February-24-3a420e7c86924500b97cd47003e31126?pvs=21),Credit card
Food,THB 40.00,🍴Eating_FEB24 (https://app.notion.com/p/Eating_FEB24-3bf74b159c7e4f89adb6b592b4c2dc1b?pvs=21),No,"February 24, 2024",February 24 (https://app.notion.com/p/February-24-3a420e7c86924500b97cd47003e31126?pvs=21),Online banking
Food,THB 65.00,🍴Eating_FEB24 (https://app.notion.com/p/Eating_FEB24-3bf74b159c7e4f89adb6b592b4c2dc1b?pvs=21),No,"February 24, 2024",February 24 (https://app.notion.com/p/February-24-3a420e7c86924500b97cd47003e31126?pvs=21),Credit card
Food,THB 32.00,🍴Eating_FEB24 (https://app.notion.com/p/Eating_FEB24-3bf74b159c7e4f89adb6b592b4c2dc1b?pvs=21),No,"February 25, 2024",February 24 (https://app.notion.com/p/February-24-3a420e7c86924500b97cd47003e31126?pvs=21),Online banking
Food,THB 109.20,🍴Eating_FEB24 (https://app.notion.com/p/Eating_FEB24-3bf74b159c7e4f89adb6b592b4c2dc1b?pvs=21),No,"February 25, 2024",February 24 (https://app.notion.com/p/February-24-3a420e7c86924500b97cd47003e31126?pvs=21),Credit card
Food,THB 117.00,🍴Eating_FEB24 (https://app.notion.com/p/Eating_FEB24-3bf74b159c7e4f89adb6b592b4c2dc1b?pvs=21),No,"February 26, 2024",February 24 (https://app.notion.com/p/February-24-3a420e7c86924500b97cd47003e31126?pvs=21),Credit card
Food,THB 105.00,🍴Eating_FEB24 (https://app.notion.com/p/Eating_FEB24-3bf74b159c7e4f89adb6b592b4c2dc1b?pvs=21),No,"February 27, 2024",February 24 (https://app.notion.com/p/February-24-3a420e7c86924500b97cd47003e31126?pvs=21),Online banking
Food,THB 300.00,🍴Eating_FEB24 (https://app.notion.com/p/Eating_FEB24-3bf74b159c7e4f89adb6b592b4c2dc1b?pvs=21),No,"February 28, 2024",February 24 (https://app.notion.com/p/February-24-3a420e7c86924500b97cd47003e31126?pvs=21),Online banking
Food,THB 75.00,🍴Eating_FEB24 (https://app.notion.com/p/Eating_FEB24-3bf74b159c7e4f89adb6b592b4c2dc1b?pvs=21),No,"February 28, 2024",February 24 (https://app.notion.com/p/February-24-3a420e7c86924500b97cd47003e31126?pvs=21),Online banking
Food,THB 100.00,🍴Eating_FEB24 (https://app.notion.com/p/Eating_FEB24-3bf74b159c7e4f89adb6b592b4c2dc1b?pvs=21),No,"February 28, 2024",February 24 (https://app.notion.com/p/February-24-3a420e7c86924500b97cd47003e31126?pvs=21),Credit card
Food,THB 60.00,🍴Eating_FEB24 (https://app.notion.com/p/Eating_FEB24-3bf74b159c7e4f89adb6b592b4c2dc1b?pvs=21),No,"February 29, 2024",February 24 (https://app.notion.com/p/February-24-3a420e7c86924500b97cd47003e31126?pvs=21),Online banking
Food,THB 281.00,🍴Eating_FEB24 (https://app.notion.com/p/Eating_FEB24-3bf74b159c7e4f89adb6b592b4c2dc1b?pvs=21),No,"February 29, 2024",February 24 (https://app.notion.com/p/February-24-3a420e7c86924500b97cd47003e31126?pvs=21),Online banking
Food,THB 62.00,🍴Eating_MAR24 (https://app.notion.com/p/Eating_MAR24-826ddfdb0bfe4805a54704e4452d73a6?pvs=21),No,"March 1, 2024",March 24 (https://app.notion.com/p/March-24-093317561eaa4e1ab301b34cea82ab0c?pvs=21),Online banking
Food,THB 96.00,🍴Eating_MAR24 (https://app.notion.com/p/Eating_MAR24-826ddfdb0bfe4805a54704e4452d73a6?pvs=21),No,"March 1, 2024",March 24 (https://app.notion.com/p/March-24-093317561eaa4e1ab301b34cea82ab0c?pvs=21),Credit card
Salad farm,THB 230.00,🍴Eating_MAR24 (https://app.notion.com/p/Eating_MAR24-826ddfdb0bfe4805a54704e4452d73a6?pvs=21),No,"March 1, 2024",March 24 (https://app.notion.com/p/March-24-093317561eaa4e1ab301b34cea82ab0c?pvs=21),Online banking
Shopping,THB 300.00,🎮Entertainment_MAR24 (https://app.notion.com/p/Entertainment_MAR24-5e4703c5b2c7426bbe44f248e761fb98?pvs=21),No,"March 1, 2024",March 24 (https://app.notion.com/p/March-24-093317561eaa4e1ab301b34cea82ab0c?pvs=21),Online banking
,,,No,,February 24 (https://app.notion.com/p/February-24-3a420e7c86924500b97cd47003e31126?pvs=21),
,,,No,,February 24 (https://app.notion.com/p/February-24-3a420e7c86924500b97cd47003e31126?pvs=21),
Game pass,THB 29.00,🎮Entertainment_FEB24 (https://app.notion.com/p/Entertainment_FEB24-146016ebb97542a886b83c68a90e9a64?pvs=21),No,"February 23, 2024",February 24 (https://app.notion.com/p/February-24-3a420e7c86924500b97cd47003e31126?pvs=21),Credit card
ท้องฟ้าจำลอง,THB 100.00,✈️Travel_MAR24 (https://app.notion.com/p/Travel_MAR24-2d1894caffb147349589493a9b7c82a7?pvs=21),No,"March 2, 2024",March 24 (https://app.notion.com/p/March-24-093317561eaa4e1ab301b34cea82ab0c?pvs=21),Online banking
Food,THB 460.00,🍴Eating_MAR24 (https://app.notion.com/p/Eating_MAR24-826ddfdb0bfe4805a54704e4452d73a6?pvs=21),No,"March 2, 2024",March 24 (https://app.notion.com/p/March-24-093317561eaa4e1ab301b34cea82ab0c?pvs=21),Online banking
Yuzu,THB 826.00,🐱Cat_MAR24 (https://app.notion.com/p/Cat_MAR24-8d0417f1bb1e4cf8b5320c9b631aa738?pvs=21),No,"March 3, 2024",March 24 (https://app.notion.com/p/March-24-093317561eaa4e1ab301b34cea82ab0c?pvs=21),Credit card
Food,THB 100.00,🍴Eating_MAR24 (https://app.notion.com/p/Eating_MAR24-826ddfdb0bfe4805a54704e4452d73a6?pvs=21),No,"March 3, 2024",March 24 (https://app.notion.com/p/March-24-093317561eaa4e1ab301b34cea82ab0c?pvs=21),Online banking
Food,THB 160.00,🍴Eating_MAR24 (https://app.notion.com/p/Eating_MAR24-826ddfdb0bfe4805a54704e4452d73a6?pvs=21),No,"March 3, 2024",March 24 (https://app.notion.com/p/March-24-093317561eaa4e1ab301b34cea82ab0c?pvs=21),Online banking
Hachiban,THB 242.00,🍴Eating_MAR24 (https://app.notion.com/p/Eating_MAR24-826ddfdb0bfe4805a54704e4452d73a6?pvs=21),No,"March 3, 2024",March 24 (https://app.notion.com/p/March-24-093317561eaa4e1ab301b34cea82ab0c?pvs=21),Online banking
Food,THB 50.00,🍴Eating_MAR24 (https://app.notion.com/p/Eating_MAR24-826ddfdb0bfe4805a54704e4452d73a6?pvs=21),No,"March 4, 2024",March 24 (https://app.notion.com/p/March-24-093317561eaa4e1ab301b34cea82ab0c?pvs=21),Online banking
Food,THB 50.00,🍴Eating_MAR24 (https://app.notion.com/p/Eating_MAR24-826ddfdb0bfe4805a54704e4452d73a6?pvs=21),No,"March 4, 2024",March 24 (https://app.notion.com/p/March-24-093317561eaa4e1ab301b34cea82ab0c?pvs=21),Online banking
Food,THB 47.00,🍴Eating_MAR24 (https://app.notion.com/p/Eating_MAR24-826ddfdb0bfe4805a54704e4452d73a6?pvs=21),No,"March 5, 2024",March 24 (https://app.notion.com/p/March-24-093317561eaa4e1ab301b34cea82ab0c?pvs=21),Online banking
Food,THB 139.00,🍴Eating_MAR24 (https://app.notion.com/p/Eating_MAR24-826ddfdb0bfe4805a54704e4452d73a6?pvs=21),No,"March 5, 2024",March 24 (https://app.notion.com/p/March-24-093317561eaa4e1ab301b34cea82ab0c?pvs=21),Online banking
Food,THB 35.00,🍴Eating_MAR24 (https://app.notion.com/p/Eating_MAR24-826ddfdb0bfe4805a54704e4452d73a6?pvs=21),No,"March 5, 2024",March 24 (https://app.notion.com/p/March-24-093317561eaa4e1ab301b34cea82ab0c?pvs=21),Online banking
Food,THB 40.00,🍴Eating_MAR24 (https://app.notion.com/p/Eating_MAR24-826ddfdb0bfe4805a54704e4452d73a6?pvs=21),No,"March 6, 2024",March 24 (https://app.notion.com/p/March-24-093317561eaa4e1ab301b34cea82ab0c?pvs=21),Online banking
Food,THB 45.00,🍴Eating_MAR24 (https://app.notion.com/p/Eating_MAR24-826ddfdb0bfe4805a54704e4452d73a6?pvs=21),No,"March 7, 2024",March 24 (https://app.notion.com/p/March-24-093317561eaa4e1ab301b34cea82ab0c?pvs=21),Online banking
Food,THB 148.00,🍴Eating_MAR24 (https://app.notion.com/p/Eating_MAR24-826ddfdb0bfe4805a54704e4452d73a6?pvs=21),No,"March 7, 2024",March 24 (https://app.notion.com/p/March-24-093317561eaa4e1ab301b34cea82ab0c?pvs=21),Online banking
Food,THB 145.00,🍴Eating_MAR24 (https://app.notion.com/p/Eating_MAR24-826ddfdb0bfe4805a54704e4452d73a6?pvs=21),No,"March 7, 2024",March 24 (https://app.notion.com/p/March-24-093317561eaa4e1ab301b34cea82ab0c?pvs=21),Online banking
Sofuto,THB 124.00,🍴Eating_MAR24 (https://app.notion.com/p/Eating_MAR24-826ddfdb0bfe4805a54704e4452d73a6?pvs=21),No,"March 7, 2024",March 24 (https://app.notion.com/p/March-24-093317561eaa4e1ab301b34cea82ab0c?pvs=21),Online banking
Kanolone,THB 40.00,💊Health & Fitness_MAR24 (https://app.notion.com/p/Health-Fitness_MAR24-5264b9fe6e6f4199896104046e910ecb?pvs=21),No,"March 7, 2024",March 24 (https://app.notion.com/p/March-24-093317561eaa4e1ab301b34cea82ab0c?pvs=21),Online banking
Food,THB 185.00,🍴Eating_MAR24 (https://app.notion.com/p/Eating_MAR24-826ddfdb0bfe4805a54704e4452d73a6?pvs=21),No,"March 8, 2024",March 24 (https://app.notion.com/p/March-24-093317561eaa4e1ab301b34cea82ab0c?pvs=21),Online banking
Food,THB 195.00,🍴Eating_MAR24 (https://app.notion.com/p/Eating_MAR24-826ddfdb0bfe4805a54704e4452d73a6?pvs=21),No,"March 9, 2024",March 24 (https://app.notion.com/p/March-24-093317561eaa4e1ab301b34cea82ab0c?pvs=21),Online banking
Food,THB 40.00,🍴Eating_MAR24 (https://app.notion.com/p/Eating_MAR24-826ddfdb0bfe4805a54704e4452d73a6?pvs=21),No,"March 9, 2024",March 24 (https://app.notion.com/p/March-24-093317561eaa4e1ab301b34cea82ab0c?pvs=21),Online banking
Food,THB 289.00,🍴Eating_MAR24 (https://app.notion.com/p/Eating_MAR24-826ddfdb0bfe4805a54704e4452d73a6?pvs=21),No,"March 10, 2024",March 24 (https://app.notion.com/p/March-24-093317561eaa4e1ab301b34cea82ab0c?pvs=21),Online banking
Food,THB 40.00,🍴Eating_MAR24 (https://app.notion.com/p/Eating_MAR24-826ddfdb0bfe4805a54704e4452d73a6?pvs=21),No,"March 11, 2024",March 24 (https://app.notion.com/p/March-24-093317561eaa4e1ab301b34cea82ab0c?pvs=21),Online banking
Food,THB 95.10,🍴Eating_MAR24 (https://app.notion.com/p/Eating_MAR24-826ddfdb0bfe4805a54704e4452d73a6?pvs=21),No,"March 11, 2024",March 24 (https://app.notion.com/p/March-24-093317561eaa4e1ab301b34cea82ab0c?pvs=21),Credit card
Food,THB 55.00,🍴Eating_MAR24 (https://app.notion.com/p/Eating_MAR24-826ddfdb0bfe4805a54704e4452d73a6?pvs=21),No,"March 12, 2024",March 24 (https://app.notion.com/p/March-24-093317561eaa4e1ab301b34cea82ab0c?pvs=21),Online banking
Food,THB 80.00,🍴Eating_MAR24 (https://app.notion.com/p/Eating_MAR24-826ddfdb0bfe4805a54704e4452d73a6?pvs=21),No,"March 13, 2024",March 24 (https://app.notion.com/p/March-24-093317561eaa4e1ab301b34cea82ab0c?pvs=21),Online banking
สุขสันต์,THB 130.00,🍴Eating_MAR24 (https://app.notion.com/p/Eating_MAR24-826ddfdb0bfe4805a54704e4452d73a6?pvs=21),No,"March 13, 2024",March 24 (https://app.notion.com/p/March-24-093317561eaa4e1ab301b34cea82ab0c?pvs=21),Online banking
Bayday,THB 189.00,🍴Eating_MAR24 (https://app.notion.com/p/Eating_MAR24-826ddfdb0bfe4805a54704e4452d73a6?pvs=21),No,"March 14, 2024",March 24 (https://app.notion.com/p/March-24-093317561eaa4e1ab301b34cea82ab0c?pvs=21),Online banking
Yuzu,THB 511.00,🐱Cat_MAR24 (https://app.notion.com/p/Cat_MAR24-8d0417f1bb1e4cf8b5320c9b631aa738?pvs=21),No,"March 14, 2024",March 24 (https://app.notion.com/p/March-24-093317561eaa4e1ab301b34cea82ab0c?pvs=21),Credit card
Food,THB 25.00,🍴Eating_MAR24 (https://app.notion.com/p/Eating_MAR24-826ddfdb0bfe4805a54704e4452d73a6?pvs=21),No,"March 16, 2024",March 24 (https://app.notion.com/p/March-24-093317561eaa4e1ab301b34cea82ab0c?pvs=21),Online banking
Food,THB 50.00,🍴Eating_MAR24 (https://app.notion.com/p/Eating_MAR24-826ddfdb0bfe4805a54704e4452d73a6?pvs=21),No,"March 16, 2024",March 24 (https://app.notion.com/p/March-24-093317561eaa4e1ab301b34cea82ab0c?pvs=21),Online banking
Shopping,THB 288.00,🛍️Shopping_MAR24 (https://app.notion.com/p/Shopping_MAR24-518b1ddd0fc7474a9df1106908902050?pvs=21),No,"March 16, 2024",March 24 (https://app.notion.com/p/March-24-093317561eaa4e1ab301b34cea82ab0c?pvs=21),Online banking
Food,THB 142.00,🍴Eating_MAR24 (https://app.notion.com/p/Eating_MAR24-826ddfdb0bfe4805a54704e4452d73a6?pvs=21),No,"March 17, 2024",March 24 (https://app.notion.com/p/March-24-093317561eaa4e1ab301b34cea82ab0c?pvs=21),Credit card
Food,THB 133.00,🍴Eating_MAR24 (https://app.notion.com/p/Eating_MAR24-826ddfdb0bfe4805a54704e4452d73a6?pvs=21),No,"March 17, 2024",March 24 (https://app.notion.com/p/March-24-093317561eaa4e1ab301b34cea82ab0c?pvs=21),Credit card
Food,THB 47.00,🍴Eating_MAR24 (https://app.notion.com/p/Eating_MAR24-826ddfdb0bfe4805a54704e4452d73a6?pvs=21),No,"March 18, 2024",March 24 (https://app.notion.com/p/March-24-093317561eaa4e1ab301b34cea82ab0c?pvs=21),Online banking
Shopping,THB 292.00,🛍️Shopping_MAR24 (https://app.notion.com/p/Shopping_MAR24-518b1ddd0fc7474a9df1106908902050?pvs=21),No,"March 18, 2024",March 24 (https://app.notion.com/p/March-24-093317561eaa4e1ab301b34cea82ab0c?pvs=21),Online banking
Shopping,THB 400.00,🛍️Shopping_MAR24 (https://app.notion.com/p/Shopping_MAR24-518b1ddd0fc7474a9df1106908902050?pvs=21),No,"March 18, 2024",March 24 (https://app.notion.com/p/March-24-093317561eaa4e1ab301b34cea82ab0c?pvs=21),Credit card
Food,THB 47.00,🍴Eating_MAR24 (https://app.notion.com/p/Eating_MAR24-826ddfdb0bfe4805a54704e4452d73a6?pvs=21),No,"March 19, 2024",March 24 (https://app.notion.com/p/March-24-093317561eaa4e1ab301b34cea82ab0c?pvs=21),Online banking
ซ่อมล้อ,THB 120.00,🍴Eating_MAR24 (https://app.notion.com/p/Eating_MAR24-826ddfdb0bfe4805a54704e4452d73a6?pvs=21),No,"March 20, 2024",March 24 (https://app.notion.com/p/March-24-093317561eaa4e1ab301b34cea82ab0c?pvs=21),
Food,THB 100.00,🍴Eating_MAR24 (https://app.notion.com/p/Eating_MAR24-826ddfdb0bfe4805a54704e4452d73a6?pvs=21),No,"March 20, 2024",March 24 (https://app.notion.com/p/March-24-093317561eaa4e1ab301b34cea82ab0c?pvs=21),Online banking
Food,THB 60.00,🍴Eating_MAR24 (https://app.notion.com/p/Eating_MAR24-826ddfdb0bfe4805a54704e4452d73a6?pvs=21),No,"March 21, 2024",March 24 (https://app.notion.com/p/March-24-093317561eaa4e1ab301b34cea82ab0c?pvs=21),Online banking
Food,THB 55.00,🍴Eating_MAR24 (https://app.notion.com/p/Eating_MAR24-826ddfdb0bfe4805a54704e4452d73a6?pvs=21),No,"March 21, 2024",March 24 (https://app.notion.com/p/March-24-093317561eaa4e1ab301b34cea82ab0c?pvs=21),Online banking
Food,THB 60.00,🍴Eating_MAR24 (https://app.notion.com/p/Eating_MAR24-826ddfdb0bfe4805a54704e4452d73a6?pvs=21),No,"March 22, 2024",March 24 (https://app.notion.com/p/March-24-093317561eaa4e1ab301b34cea82ab0c?pvs=21),Online banking
Lunchbox,THB 119.00,🛍️Shopping_MAR24 (https://app.notion.com/p/Shopping_MAR24-518b1ddd0fc7474a9df1106908902050?pvs=21),No,"March 22, 2024",March 24 (https://app.notion.com/p/March-24-093317561eaa4e1ab301b34cea82ab0c?pvs=21),Online banking
Food,THB 60.00,🍴Eating_MAR24 (https://app.notion.com/p/Eating_MAR24-826ddfdb0bfe4805a54704e4452d73a6?pvs=21),No,"March 23, 2024",March 24 (https://app.notion.com/p/March-24-093317561eaa4e1ab301b34cea82ab0c?pvs=21),Online banking
Food,THB 380.00,🍴Eating_MAR24 (https://app.notion.com/p/Eating_MAR24-826ddfdb0bfe4805a54704e4452d73a6?pvs=21),No,"March 23, 2024",March 24 (https://app.notion.com/p/March-24-093317561eaa4e1ab301b34cea82ab0c?pvs=21),Online banking
Coffee,THB 395.00,🍴Eating_MAR24 (https://app.notion.com/p/Eating_MAR24-826ddfdb0bfe4805a54704e4452d73a6?pvs=21),No,"March 23, 2024",March 24 (https://app.notion.com/p/March-24-093317561eaa4e1ab301b34cea82ab0c?pvs=21),Online banking
Oil,THB 970.00,🛢️Transportation_MAR24 (https://app.notion.com/p/Transportation_MAR24-6bf9e15b585847a3b6dc83b5115a99f3?pvs=21),No,"March 24, 2024",March 24 (https://app.notion.com/p/March-24-093317561eaa4e1ab301b34cea82ab0c?pvs=21),Credit card
Uniqlo,"THB 2,180.00",🛍️Shopping_MAR24 (https://app.notion.com/p/Shopping_MAR24-518b1ddd0fc7474a9df1106908902050?pvs=21),No,"March 24, 2024",March 24 (https://app.notion.com/p/March-24-093317561eaa4e1ab301b34cea82ab0c?pvs=21),Online banking
Food,THB 378.00,🍴Eating_MAR24 (https://app.notion.com/p/Eating_MAR24-826ddfdb0bfe4805a54704e4452d73a6?pvs=21),No,"March 24, 2024",March 24 (https://app.notion.com/p/March-24-093317561eaa4e1ab301b34cea82ab0c?pvs=21),Online banking
Top,THB 122.00,🛍️Shopping_MAR24 (https://app.notion.com/p/Shopping_MAR24-518b1ddd0fc7474a9df1106908902050?pvs=21),No,"March 24, 2024",March 24 (https://app.notion.com/p/March-24-093317561eaa4e1ab301b34cea82ab0c?pvs=21),Online banking
Food,THB 55.00,🍴Eating_MAR24 (https://app.notion.com/p/Eating_MAR24-826ddfdb0bfe4805a54704e4452d73a6?pvs=21),No,"March 25, 2024",March 24 (https://app.notion.com/p/March-24-093317561eaa4e1ab301b34cea82ab0c?pvs=21),Online banking
Food,THB 35.00,🍴Eating_MAR24 (https://app.notion.com/p/Eating_MAR24-826ddfdb0bfe4805a54704e4452d73a6?pvs=21),No,"March 25, 2024",March 24 (https://app.notion.com/p/March-24-093317561eaa4e1ab301b34cea82ab0c?pvs=21),Online banking
Food,THB 55.00,🍴Eating_MAR24 (https://app.notion.com/p/Eating_MAR24-826ddfdb0bfe4805a54704e4452d73a6?pvs=21),No,"March 25, 2024",March 24 (https://app.notion.com/p/March-24-093317561eaa4e1ab301b34cea82ab0c?pvs=21),Online banking
Food,THB 55.00,🍴Eating_MAR24 (https://app.notion.com/p/Eating_MAR24-826ddfdb0bfe4805a54704e4452d73a6?pvs=21),No,"March 26, 2024",March 24 (https://app.notion.com/p/March-24-093317561eaa4e1ab301b34cea82ab0c?pvs=21),Online banking
Food,THB 17.00,🍴Eating_MAR24 (https://app.notion.com/p/Eating_MAR24-826ddfdb0bfe4805a54704e4452d73a6?pvs=21),No,"March 26, 2024",March 24 (https://app.notion.com/p/March-24-093317561eaa4e1ab301b34cea82ab0c?pvs=21),Online banking
Food,THB 35.00,🍴Eating_MAR24 (https://app.notion.com/p/Eating_MAR24-826ddfdb0bfe4805a54704e4452d73a6?pvs=21),No,"March 27, 2024",March 24 (https://app.notion.com/p/March-24-093317561eaa4e1ab301b34cea82ab0c?pvs=21),Online banking
Food,THB 30.00,🍴Eating_MAR24 (https://app.notion.com/p/Eating_MAR24-826ddfdb0bfe4805a54704e4452d73a6?pvs=21),No,"March 27, 2024",March 24 (https://app.notion.com/p/March-24-093317561eaa4e1ab301b34cea82ab0c?pvs=21),Online banking
Food,THB 30.00,🍴Eating_MAR24 (https://app.notion.com/p/Eating_MAR24-826ddfdb0bfe4805a54704e4452d73a6?pvs=21),No,"March 27, 2024",March 24 (https://app.notion.com/p/March-24-093317561eaa4e1ab301b34cea82ab0c?pvs=21),Online banking
ตัดผม,THB 130.00,💊Health & Fitness_MAR24 (https://app.notion.com/p/Health-Fitness_MAR24-5264b9fe6e6f4199896104046e910ecb?pvs=21),No,"March 28, 2024",March 24 (https://app.notion.com/p/March-24-093317561eaa4e1ab301b34cea82ab0c?pvs=21),
KFC,THB 150.00,🍴Eating_MAR24 (https://app.notion.com/p/Eating_MAR24-826ddfdb0bfe4805a54704e4452d73a6?pvs=21),No,"March 28, 2024",March 24 (https://app.notion.com/p/March-24-093317561eaa4e1ab301b34cea82ab0c?pvs=21),Online banking
Food,THB 62.00,🍴Eating_MAR24 (https://app.notion.com/p/Eating_MAR24-826ddfdb0bfe4805a54704e4452d73a6?pvs=21),No,"March 29, 2024",March 24 (https://app.notion.com/p/March-24-093317561eaa4e1ab301b34cea82ab0c?pvs=21),Online banking
Yayoi,THB 632.00,🍴Eating_MAR24 (https://app.notion.com/p/Eating_MAR24-826ddfdb0bfe4805a54704e4452d73a6?pvs=21),No,"March 29, 2024",March 24 (https://app.notion.com/p/March-24-093317561eaa4e1ab301b34cea82ab0c?pvs=21),Online banking
เสื้อ,THB 490.00,🛍️Shopping_MAR24 (https://app.notion.com/p/Shopping_MAR24-518b1ddd0fc7474a9df1106908902050?pvs=21),No,"March 29, 2024",March 24 (https://app.notion.com/p/March-24-093317561eaa4e1ab301b34cea82ab0c?pvs=21),Online banking
Groon cafe,THB 340.00,🍴Eating_MAR24 (https://app.notion.com/p/Eating_MAR24-826ddfdb0bfe4805a54704e4452d73a6?pvs=21),No,"March 30, 2024",March 24 (https://app.notion.com/p/March-24-093317561eaa4e1ab301b34cea82ab0c?pvs=21),Online banking
Food,THB 160.00,🍴Eating_MAR24 (https://app.notion.com/p/Eating_MAR24-826ddfdb0bfe4805a54704e4452d73a6?pvs=21),No,"March 30, 2024",March 24 (https://app.notion.com/p/March-24-093317561eaa4e1ab301b34cea82ab0c?pvs=21),Online banking
Food,THB 35.00,🍴Eating_MAR24 (https://app.notion.com/p/Eating_MAR24-826ddfdb0bfe4805a54704e4452d73a6?pvs=21),No,"March 30, 2024",March 24 (https://app.notion.com/p/March-24-093317561eaa4e1ab301b34cea82ab0c?pvs=21),Online banking
หมูทอดหมูใจ,THB 207.00,🍴Eating_MAR24 (https://app.notion.com/p/Eating_MAR24-826ddfdb0bfe4805a54704e4452d73a6?pvs=21),No,"March 31, 2024",March 24 (https://app.notion.com/p/March-24-093317561eaa4e1ab301b34cea82ab0c?pvs=21),Online banking
Taxi,THB 134.00,🛢️Transportation_MAR24 (https://app.notion.com/p/Transportation_MAR24-6bf9e15b585847a3b6dc83b5115a99f3?pvs=21),No,"March 31, 2024",March 24 (https://app.notion.com/p/March-24-093317561eaa4e1ab301b34cea82ab0c?pvs=21),Online banking
Food,THB 40.00,🍴Eating_MAR24 (https://app.notion.com/p/Eating_MAR24-826ddfdb0bfe4805a54704e4452d73a6?pvs=21),No,"March 31, 2024",March 24 (https://app.notion.com/p/March-24-093317561eaa4e1ab301b34cea82ab0c?pvs=21),Online banking
Seven,THB 301.00,🍴Eating_MAR24 (https://app.notion.com/p/Eating_MAR24-826ddfdb0bfe4805a54704e4452d73a6?pvs=21),No,"March 31, 2024",March 24 (https://app.notion.com/p/March-24-093317561eaa4e1ab301b34cea82ab0c?pvs=21),Online banking
วัวล้วนๆ,THB 55.00,🍴Eating_MAR24 (https://app.notion.com/p/Eating_MAR24-826ddfdb0bfe4805a54704e4452d73a6?pvs=21),No,"March 31, 2024",March 24 (https://app.notion.com/p/March-24-093317561eaa4e1ab301b34cea82ab0c?pvs=21),Online banking
Water,THB 69.00,🍴Eating_MAR24 (https://app.notion.com/p/Eating_MAR24-826ddfdb0bfe4805a54704e4452d73a6?pvs=21),No,"March 31, 2024",March 24 (https://app.notion.com/p/March-24-093317561eaa4e1ab301b34cea82ab0c?pvs=21),Online banking
Food,THB 60.00,🍴Eating_APR24 (https://app.notion.com/p/Eating_APR24-8696e447389a4e3fa3067be99085528e?pvs=21),No,"April 1, 2024",April 24 (https://app.notion.com/p/April-24-1b9372fac5624cfd8f3765f7d898d5c5?pvs=21),Online banking
Smile,THB 413.33,🍴Eating_APR24 (https://app.notion.com/p/Eating_APR24-8696e447389a4e3fa3067be99085528e?pvs=21),No,"April 1, 2024",April 24 (https://app.notion.com/p/April-24-1b9372fac5624cfd8f3765f7d898d5c5?pvs=21),Online banking
แก้ว + กาแฟ,THB 123.00,🛍️Shopping_APR24 (https://app.notion.com/p/Shopping_APR24-1f44ac2c23ae412c8d053d0d2050b305?pvs=21),No,"April 1, 2024",April 24 (https://app.notion.com/p/April-24-1b9372fac5624cfd8f3765f7d898d5c5?pvs=21),Online banking
Food,THB 45.00,🍴Eating_APR24 (https://app.notion.com/p/Eating_APR24-8696e447389a4e3fa3067be99085528e?pvs=21),No,"April 2, 2024",April 24 (https://app.notion.com/p/April-24-1b9372fac5624cfd8f3765f7d898d5c5?pvs=21),Online banking
ชาเย็น,THB 20.00,🍴Eating_APR24 (https://app.notion.com/p/Eating_APR24-8696e447389a4e3fa3067be99085528e?pvs=21),No,"April 2, 2024",April 24 (https://app.notion.com/p/April-24-1b9372fac5624cfd8f3765f7d898d5c5?pvs=21),Online banking
ลูกอม,THB 20.00,🍴Eating_APR24 (https://app.notion.com/p/Eating_APR24-8696e447389a4e3fa3067be99085528e?pvs=21),No,"April 2, 2024",April 24 (https://app.notion.com/p/April-24-1b9372fac5624cfd8f3765f7d898d5c5?pvs=21),Online banking
กระเพราหมูกรอบ,THB 70.00,🍴Eating_APR24 (https://app.notion.com/p/Eating_APR24-8696e447389a4e3fa3067be99085528e?pvs=21),No,"April 2, 2024",April 24 (https://app.notion.com/p/April-24-1b9372fac5624cfd8f3765f7d898d5c5?pvs=21),Online banking
Waffle,THB 20.00,🍴Eating_APR24 (https://app.notion.com/p/Eating_APR24-8696e447389a4e3fa3067be99085528e?pvs=21),No,"April 2, 2024",April 24 (https://app.notion.com/p/April-24-1b9372fac5624cfd8f3765f7d898d5c5?pvs=21),Online banking
หมูกะทะ,THB 131.00,🍴Eating_APR24 (https://app.notion.com/p/Eating_APR24-8696e447389a4e3fa3067be99085528e?pvs=21),No,"April 3, 2024",April 24 (https://app.notion.com/p/April-24-1b9372fac5624cfd8f3765f7d898d5c5?pvs=21),Online banking
Food,THB 56.88,🍴Eating_APR24 (https://app.notion.com/p/Eating_APR24-8696e447389a4e3fa3067be99085528e?pvs=21),No,"April 3, 2024",April 24 (https://app.notion.com/p/April-24-1b9372fac5624cfd8f3765f7d898d5c5?pvs=21),Online banking
Food,THB 25.00,🍴Eating_APR24 (https://app.notion.com/p/Eating_APR24-8696e447389a4e3fa3067be99085528e?pvs=21),No,"April 4, 2024",April 24 (https://app.notion.com/p/April-24-1b9372fac5624cfd8f3765f7d898d5c5?pvs=21),Online banking
Remedy,THB 60.00,🍴Eating_APR24 (https://app.notion.com/p/Eating_APR24-8696e447389a4e3fa3067be99085528e?pvs=21),No,"April 4, 2024",April 24 (https://app.notion.com/p/April-24-1b9372fac5624cfd8f3765f7d898d5c5?pvs=21),Online banking
กระเพรา,THB 57.00,🍴Eating_APR24 (https://app.notion.com/p/Eating_APR24-8696e447389a4e3fa3067be99085528e?pvs=21),No,"April 4, 2024",April 24 (https://app.notion.com/p/April-24-1b9372fac5624cfd8f3765f7d898d5c5?pvs=21),Online banking
สุกี้หมู,THB 87.00,🍴Eating_APR24 (https://app.notion.com/p/Eating_APR24-8696e447389a4e3fa3067be99085528e?pvs=21),No,"April 4, 2024",April 24 (https://app.notion.com/p/April-24-1b9372fac5624cfd8f3765f7d898d5c5?pvs=21),Credit card
Food,THB 31.00,🍴Eating_APR24 (https://app.notion.com/p/Eating_APR24-8696e447389a4e3fa3067be99085528e?pvs=21),No,"April 5, 2024",April 24 (https://app.notion.com/p/April-24-1b9372fac5624cfd8f3765f7d898d5c5?pvs=21),Online banking
Food,THB 55.00,🍴Eating_APR24 (https://app.notion.com/p/Eating_APR24-8696e447389a4e3fa3067be99085528e?pvs=21),No,"April 5, 2024",April 24 (https://app.notion.com/p/April-24-1b9372fac5624cfd8f3765f7d898d5c5?pvs=21),Online banking
Food,THB 81.00,🍴Eating_APR24 (https://app.notion.com/p/Eating_APR24-8696e447389a4e3fa3067be99085528e?pvs=21),No,"April 5, 2024",April 24 (https://app.notion.com/p/April-24-1b9372fac5624cfd8f3765f7d898d5c5?pvs=21),Online banking
คัตสึด้ง,THB 74.00,🍴Eating_APR24 (https://app.notion.com/p/Eating_APR24-8696e447389a4e3fa3067be99085528e?pvs=21),No,"April 5, 2024",April 24 (https://app.notion.com/p/April-24-1b9372fac5624cfd8f3765f7d898d5c5?pvs=21),Credit card
ผลไม้,THB 20.00,🍴Eating_APR24 (https://app.notion.com/p/Eating_APR24-8696e447389a4e3fa3067be99085528e?pvs=21),No,"April 6, 2024",April 24 (https://app.notion.com/p/April-24-1b9372fac5624cfd8f3765f7d898d5c5?pvs=21),Online banking
หมูกระเทียมไข่ดาว,THB 45.00,🍴Eating_APR24 (https://app.notion.com/p/Eating_APR24-8696e447389a4e3fa3067be99085528e?pvs=21),No,"April 6, 2024",April 24 (https://app.notion.com/p/April-24-1b9372fac5624cfd8f3765f7d898d5c5?pvs=21),Online banking
Second brain,THB 333.00,📖Education_APR24 (https://app.notion.com/p/Education_APR24-0fa7f05081cd4d96945b73a2d91b6db2?pvs=21),No,"April 6, 2024",April 24 (https://app.notion.com/p/April-24-1b9372fac5624cfd8f3765f7d898d5c5?pvs=21),
ค่ารถตู้,THB 40.00,🛢️Transportation_APR24 (https://app.notion.com/p/Transportation_APR24-82c2f1309b784d2aae8e9c21e3bf0965?pvs=21),No,"April 6, 2024",April 24 (https://app.notion.com/p/April-24-1b9372fac5624cfd8f3765f7d898d5c5?pvs=21),
Food,THB 63.00,🍴Eating_APR24 (https://app.notion.com/p/Eating_APR24-8696e447389a4e3fa3067be99085528e?pvs=21),No,"April 6, 2024",April 24 (https://app.notion.com/p/April-24-1b9372fac5624cfd8f3765f7d898d5c5?pvs=21),Online banking
สุกี้แห้ง,THB 40.00,🍴Eating_APR24 (https://app.notion.com/p/Eating_APR24-8696e447389a4e3fa3067be99085528e?pvs=21),No,"April 6, 2024",April 24 (https://app.notion.com/p/April-24-1b9372fac5624cfd8f3765f7d898d5c5?pvs=21),Online banking
Protein shake,THB 64.00,🍴Eating_APR24 (https://app.notion.com/p/Eating_APR24-8696e447389a4e3fa3067be99085528e?pvs=21),No,"April 7, 2024",April 24 (https://app.notion.com/p/April-24-1b9372fac5624cfd8f3765f7d898d5c5?pvs=21),Online banking
หมูปิ้ง,THB 25.00,🍴Eating_APR24 (https://app.notion.com/p/Eating_APR24-8696e447389a4e3fa3067be99085528e?pvs=21),No,"April 7, 2024",April 24 (https://app.notion.com/p/April-24-1b9372fac5624cfd8f3765f7d898d5c5?pvs=21),Online banking
ข้าวผัดหมู,THB 45.00,🍴Eating_APR24 (https://app.notion.com/p/Eating_APR24-8696e447389a4e3fa3067be99085528e?pvs=21),No,"April 7, 2024",April 24 (https://app.notion.com/p/April-24-1b9372fac5624cfd8f3765f7d898d5c5?pvs=21),Online banking
กระเพราหมูไข่ดาว,THB 50.00,🍴Eating_APR24 (https://app.notion.com/p/Eating_APR24-8696e447389a4e3fa3067be99085528e?pvs=21),No,"April 7, 2024",April 24 (https://app.notion.com/p/April-24-1b9372fac5624cfd8f3765f7d898d5c5?pvs=21),Online banking
Fruits,THB 45.00,🍴Eating_APR24 (https://app.notion.com/p/Eating_APR24-8696e447389a4e3fa3067be99085528e?pvs=21),No,"April 7, 2024",April 24 (https://app.notion.com/p/April-24-1b9372fac5624cfd8f3765f7d898d5c5?pvs=21),Online banking
หมูกระเทียมไข่ดาว,THB 45.00,🍴Eating_APR24 (https://app.notion.com/p/Eating_APR24-8696e447389a4e3fa3067be99085528e?pvs=21),No,"April 8, 2024",April 24 (https://app.notion.com/p/April-24-1b9372fac5624cfd8f3765f7d898d5c5?pvs=21),Online banking
Food,THB 40.00,🍴Eating_APR24 (https://app.notion.com/p/Eating_APR24-8696e447389a4e3fa3067be99085528e?pvs=21),No,"April 8, 2024",April 24 (https://app.notion.com/p/April-24-1b9372fac5624cfd8f3765f7d898d5c5?pvs=21),Online banking
Fruit,THB 25.00,🍴Eating_APR24 (https://app.notion.com/p/Eating_APR24-8696e447389a4e3fa3067be99085528e?pvs=21),No,"April 8, 2024",April 24 (https://app.notion.com/p/April-24-1b9372fac5624cfd8f3765f7d898d5c5?pvs=21),Online banking
ข้าวผัดหมู,THB 40.00,🍴Eating_APR24 (https://app.notion.com/p/Eating_APR24-8696e447389a4e3fa3067be99085528e?pvs=21),No,"April 8, 2024",April 24 (https://app.notion.com/p/April-24-1b9372fac5624cfd8f3765f7d898d5c5?pvs=21),Online banking
Food,THB 10.00,🍴Eating_APR24 (https://app.notion.com/p/Eating_APR24-8696e447389a4e3fa3067be99085528e?pvs=21),No,"April 9, 2024",April 24 (https://app.notion.com/p/April-24-1b9372fac5624cfd8f3765f7d898d5c5?pvs=21),Online banking
กระเพราหมูกรอบไข่ดาว,THB 55.00,🍴Eating_APR24 (https://app.notion.com/p/Eating_APR24-8696e447389a4e3fa3067be99085528e?pvs=21),No,"April 9, 2024",April 24 (https://app.notion.com/p/April-24-1b9372fac5624cfd8f3765f7d898d5c5?pvs=21),Online banking
Snack,THB 69.00,🍴Eating_APR24 (https://app.notion.com/p/Eating_APR24-8696e447389a4e3fa3067be99085528e?pvs=21),No,"April 9, 2024",April 24 (https://app.notion.com/p/April-24-1b9372fac5624cfd8f3765f7d898d5c5?pvs=21),Online banking
มาม่าผัด,THB 40.00,🍴Eating_APR24 (https://app.notion.com/p/Eating_APR24-8696e447389a4e3fa3067be99085528e?pvs=21),No,"April 9, 2024",April 24 (https://app.notion.com/p/April-24-1b9372fac5624cfd8f3765f7d898d5c5?pvs=21),Online banking
มะละกอ,THB 20.00,🍴Eating_APR24 (https://app.notion.com/p/Eating_APR24-8696e447389a4e3fa3067be99085528e?pvs=21),No,"April 9, 2024",April 24 (https://app.notion.com/p/April-24-1b9372fac5624cfd8f3765f7d898d5c5?pvs=21),Online banking
ชาใต้,THB 25.00,🍴Eating_APR24 (https://app.notion.com/p/Eating_APR24-8696e447389a4e3fa3067be99085528e?pvs=21),No,"April 10, 2024",April 24 (https://app.notion.com/p/April-24-1b9372fac5624cfd8f3765f7d898d5c5?pvs=21),Online banking
Food,THB 50.00,🍴Eating_APR24 (https://app.notion.com/p/Eating_APR24-8696e447389a4e3fa3067be99085528e?pvs=21),No,"April 10, 2024",April 24 (https://app.notion.com/p/April-24-1b9372fac5624cfd8f3765f7d898d5c5?pvs=21),Online banking
กาแฟ+นม+ขนมปัง,THB 103.00,🍴Eating_APR24 (https://app.notion.com/p/Eating_APR24-8696e447389a4e3fa3067be99085528e?pvs=21),No,"April 10, 2024",April 24 (https://app.notion.com/p/April-24-1b9372fac5624cfd8f3765f7d898d5c5?pvs=21),Online banking
ผัดผงกะหรี่ไก่,THB 40.00,🍴Eating_APR24 (https://app.notion.com/p/Eating_APR24-8696e447389a4e3fa3067be99085528e?pvs=21),No,"April 10, 2024",April 24 (https://app.notion.com/p/April-24-1b9372fac5624cfd8f3765f7d898d5c5?pvs=21),Online banking
แคนตาลูป,THB 25.00,🍴Eating_APR24 (https://app.notion.com/p/Eating_APR24-8696e447389a4e3fa3067be99085528e?pvs=21),No,"April 11, 2024",April 24 (https://app.notion.com/p/April-24-1b9372fac5624cfd8f3765f7d898d5c5?pvs=21),Online banking
กระเพราหมูกรอบไข่ดาว,THB 60.00,🍴Eating_APR24 (https://app.notion.com/p/Eating_APR24-8696e447389a4e3fa3067be99085528e?pvs=21),No,"April 11, 2024",April 24 (https://app.notion.com/p/April-24-1b9372fac5624cfd8f3765f7d898d5c5?pvs=21),Online banking
Grab bike,THB 74.00,🛢️Transportation_APR24 (https://app.notion.com/p/Transportation_APR24-82c2f1309b784d2aae8e9c21e3bf0965?pvs=21),No,"April 12, 2024",April 24 (https://app.notion.com/p/April-24-1b9372fac5624cfd8f3765f7d898d5c5?pvs=21),Credit card
ยาเซเว่น,THB 103.00,🍴Eating_APR24 (https://app.notion.com/p/Eating_APR24-8696e447389a4e3fa3067be99085528e?pvs=21),No,"April 12, 2024",April 24 (https://app.notion.com/p/April-24-1b9372fac5624cfd8f3765f7d898d5c5?pvs=21),Online banking
น้ำพริกน้ำปลาหวาน,THB 117.00,🍴Eating_APR24 (https://app.notion.com/p/Eating_APR24-8696e447389a4e3fa3067be99085528e?pvs=21),No,"April 13, 2024",April 24 (https://app.notion.com/p/April-24-1b9372fac5624cfd8f3765f7d898d5c5?pvs=21),Online banking
ตั๋วเครื่องบิน,"THB 1,953.70",✈️Travel_APR24 (https://app.notion.com/p/Travel_APR24-617273808daa4868a895454d363f06cc?pvs=21),No,"April 15, 2024",April 24 (https://app.notion.com/p/April-24-1b9372fac5624cfd8f3765f7d898d5c5?pvs=21),Online banking
ห่อหมกชะครามปลาอินทรีย์,THB 30.00,🍴Eating_APR24 (https://app.notion.com/p/Eating_APR24-8696e447389a4e3fa3067be99085528e?pvs=21),No,"April 15, 2024",April 24 (https://app.notion.com/p/April-24-1b9372fac5624cfd8f3765f7d898d5c5?pvs=21),Online banking
ข้าวเกรียบปลาทู,THB 50.00,🍴Eating_APR24 (https://app.notion.com/p/Eating_APR24-8696e447389a4e3fa3067be99085528e?pvs=21),No,"April 15, 2024",April 24 (https://app.notion.com/p/April-24-1b9372fac5624cfd8f3765f7d898d5c5?pvs=21),Online banking
Subway,THB 515.00,🍴Eating_APR24 (https://app.notion.com/p/Eating_APR24-8696e447389a4e3fa3067be99085528e?pvs=21),No,"April 16, 2024",April 24 (https://app.notion.com/p/April-24-1b9372fac5624cfd8f3765f7d898d5c5?pvs=21),Online banking
Water,THB 10.00,🍴Eating_APR24 (https://app.notion.com/p/Eating_APR24-8696e447389a4e3fa3067be99085528e?pvs=21),No,"April 16, 2024",April 24 (https://app.notion.com/p/April-24-1b9372fac5624cfd8f3765f7d898d5c5?pvs=21),Online banking
ค่าแท็กซี่,THB 138.00,🛢️Transportation_APR24 (https://app.notion.com/p/Transportation_APR24-82c2f1309b784d2aae8e9c21e3bf0965?pvs=21),No,"April 16, 2024",April 24 (https://app.notion.com/p/April-24-1b9372fac5624cfd8f3765f7d898d5c5?pvs=21),Online banking
อาหาร ของใช้เซเว่น,THB 162.00,🍴Eating_APR24 (https://app.notion.com/p/Eating_APR24-8696e447389a4e3fa3067be99085528e?pvs=21),No,"April 16, 2024",April 24 (https://app.notion.com/p/April-24-1b9372fac5624cfd8f3765f7d898d5c5?pvs=21),Online banking
แกงกะหรี่หมูทอด,THB 104.00,🍴Eating_APR24 (https://app.notion.com/p/Eating_APR24-8696e447389a4e3fa3067be99085528e?pvs=21),No,"April 16, 2024",April 24 (https://app.notion.com/p/April-24-1b9372fac5624cfd8f3765f7d898d5c5?pvs=21),Credit card
หมูกรอบไข่ข้น,THB 60.00,🍴Eating_APR24 (https://app.notion.com/p/Eating_APR24-8696e447389a4e3fa3067be99085528e?pvs=21),No,"April 17, 2024",April 24 (https://app.notion.com/p/April-24-1b9372fac5624cfd8f3765f7d898d5c5?pvs=21),Online banking
น้ำ + ชาไต้หวัน,THB 27.00,🍴Eating_APR24 (https://app.notion.com/p/Eating_APR24-8696e447389a4e3fa3067be99085528e?pvs=21),No,"April 17, 2024",April 24 (https://app.notion.com/p/April-24-1b9372fac5624cfd8f3765f7d898d5c5?pvs=21),Online banking
กาแฟ,THB 50.00,🍴Eating_APR24 (https://app.notion.com/p/Eating_APR24-8696e447389a4e3fa3067be99085528e?pvs=21),No,"April 17, 2024",April 24 (https://app.notion.com/p/April-24-1b9372fac5624cfd8f3765f7d898d5c5?pvs=21),Online banking
โปรตีนเชค,THB 49.00,🍴Eating_APR24 (https://app.notion.com/p/Eating_APR24-8696e447389a4e3fa3067be99085528e?pvs=21),No,"April 17, 2024",April 24 (https://app.notion.com/p/April-24-1b9372fac5624cfd8f3765f7d898d5c5?pvs=21),Online banking
Sizzler,THB 270.00,🍴Eating_APR24 (https://app.notion.com/p/Eating_APR24-8696e447389a4e3fa3067be99085528e?pvs=21),No,"April 17, 2024",April 24 (https://app.notion.com/p/April-24-1b9372fac5624cfd8f3765f7d898d5c5?pvs=21),Credit card
Character illustration technique,THB 480.00,📖Education_APR24 (https://app.notion.com/p/Education_APR24-0fa7f05081cd4d96945b73a2d91b6db2?pvs=21),No,"April 17, 2024",April 24 (https://app.notion.com/p/April-24-1b9372fac5624cfd8f3765f7d898d5c5?pvs=21),Online banking
Andaman cafe - no.3,THB 50.00,🍴Eating_APR24 (https://app.notion.com/p/Eating_APR24-8696e447389a4e3fa3067be99085528e?pvs=21),No,"April 18, 2024",April 24 (https://app.notion.com/p/April-24-1b9372fac5624cfd8f3765f7d898d5c5?pvs=21),Online banking
เจียง,THB 75.33,🍴Eating_APR24 (https://app.notion.com/p/Eating_APR24-8696e447389a4e3fa3067be99085528e?pvs=21),No,"April 18, 2024",April 24 (https://app.notion.com/p/April-24-1b9372fac5624cfd8f3765f7d898d5c5?pvs=21),Online banking
แคนตาลูป,THB 25.00,🍴Eating_APR24 (https://app.notion.com/p/Eating_APR24-8696e447389a4e3fa3067be99085528e?pvs=21),No,"April 18, 2024",April 24 (https://app.notion.com/p/April-24-1b9372fac5624cfd8f3765f7d898d5c5?pvs=21),Online banking
หมูพริกเกลือไข่ดาว,THB 50.00,🍴Eating_APR24 (https://app.notion.com/p/Eating_APR24-8696e447389a4e3fa3067be99085528e?pvs=21),No,"April 18, 2024",April 24 (https://app.notion.com/p/April-24-1b9372fac5624cfd8f3765f7d898d5c5?pvs=21),Online banking
Plantae,THB 49.00,🍴Eating_APR24 (https://app.notion.com/p/Eating_APR24-8696e447389a4e3fa3067be99085528e?pvs=21),No,"April 19, 2024",April 24 (https://app.notion.com/p/April-24-1b9372fac5624cfd8f3765f7d898d5c5?pvs=21),Online banking
สับปะรด,THB 20.00,🍴Eating_APR24 (https://app.notion.com/p/Eating_APR24-8696e447389a4e3fa3067be99085528e?pvs=21),No,"April 19, 2024",April 24 (https://app.notion.com/p/April-24-1b9372fac5624cfd8f3765f7d898d5c5?pvs=21),Online banking
Texus,THB 179.00,🍴Eating_APR24 (https://app.notion.com/p/Eating_APR24-8696e447389a4e3fa3067be99085528e?pvs=21),No,"April 19, 2024",April 24 (https://app.notion.com/p/April-24-1b9372fac5624cfd8f3765f7d898d5c5?pvs=21),Credit card
หมูกระเทียมไข่ดาว,THB 50.00,🍴Eating_APR24 (https://app.notion.com/p/Eating_APR24-8696e447389a4e3fa3067be99085528e?pvs=21),No,"April 20, 2024",April 24 (https://app.notion.com/p/April-24-1b9372fac5624cfd8f3765f7d898d5c5?pvs=21),Online banking
นม ขนม,THB 74.00,🍴Eating_APR24 (https://app.notion.com/p/Eating_APR24-8696e447389a4e3fa3067be99085528e?pvs=21),No,"April 20, 2024",April 24 (https://app.notion.com/p/April-24-1b9372fac5624cfd8f3765f7d898d5c5?pvs=21),Online banking
มะละกอ,THB 20.00,🍴Eating_APR24 (https://app.notion.com/p/Eating_APR24-8696e447389a4e3fa3067be99085528e?pvs=21),No,"April 20, 2024",April 24 (https://app.notion.com/p/April-24-1b9372fac5624cfd8f3765f7d898d5c5?pvs=21),Online banking
น้ำ,THB 40.00,🍴Eating_APR24 (https://app.notion.com/p/Eating_APR24-8696e447389a4e3fa3067be99085528e?pvs=21),No,"April 20, 2024",April 24 (https://app.notion.com/p/April-24-1b9372fac5624cfd8f3765f7d898d5c5?pvs=21),Online banking
ข้าวผัดหมู,THB 50.00,🍴Eating_APR24 (https://app.notion.com/p/Eating_APR24-8696e447389a4e3fa3067be99085528e?pvs=21),No,"April 20, 2024",April 24 (https://app.notion.com/p/April-24-1b9372fac5624cfd8f3765f7d898d5c5?pvs=21),Online banking
ข้าวแกงเขียวหวานไก่กรอบ,THB 50.00,🍴Eating_APR24 (https://app.notion.com/p/Eating_APR24-8696e447389a4e3fa3067be99085528e?pvs=21),No,"April 21, 2024",April 24 (https://app.notion.com/p/April-24-1b9372fac5624cfd8f3765f7d898d5c5?pvs=21),Online banking
ผลไม้ปั่น,THB 35.00,🍴Eating_APR24 (https://app.notion.com/p/Eating_APR24-8696e447389a4e3fa3067be99085528e?pvs=21),No,"April 21, 2024",April 24 (https://app.notion.com/p/April-24-1b9372fac5624cfd8f3765f7d898d5c5?pvs=21),Online banking
Seven + ยา,THB 114.00,🍴Eating_APR24 (https://app.notion.com/p/Eating_APR24-8696e447389a4e3fa3067be99085528e?pvs=21),No,"April 21, 2024",April 24 (https://app.notion.com/p/April-24-1b9372fac5624cfd8f3765f7d898d5c5?pvs=21),Online banking
Amazon,THB 60.00,🍴Eating_APR24 (https://app.notion.com/p/Eating_APR24-8696e447389a4e3fa3067be99085528e?pvs=21),No,"April 22, 2024",April 24 (https://app.notion.com/p/April-24-1b9372fac5624cfd8f3765f7d898d5c5?pvs=21),Online banking
หมูพริกเกลือไข่ดาว,THB 45.00,🍴Eating_APR24 (https://app.notion.com/p/Eating_APR24-8696e447389a4e3fa3067be99085528e?pvs=21),No,"April 22, 2024",April 24 (https://app.notion.com/p/April-24-1b9372fac5624cfd8f3765f7d898d5c5?pvs=21),Online banking
โปรตีน,THB 49.00,🍴Eating_APR24 (https://app.notion.com/p/Eating_APR24-8696e447389a4e3fa3067be99085528e?pvs=21),No,"April 22, 2024",April 24 (https://app.notion.com/p/April-24-1b9372fac5624cfd8f3765f7d898d5c5?pvs=21),Online banking
Food,,🍴Eating_APR24 (https://app.notion.com/p/Eating_APR24-8696e447389a4e3fa3067be99085528e?pvs=21),No,"April 22, 2024",April 24 (https://app.notion.com/p/April-24-1b9372fac5624cfd8f3765f7d898d5c5?pvs=21),Online banking
ฝรั่ง,THB 20.00,🍴Eating_APR24 (https://app.notion.com/p/Eating_APR24-8696e447389a4e3fa3067be99085528e?pvs=21),No,"April 22, 2024",April 24 (https://app.notion.com/p/April-24-1b9372fac5624cfd8f3765f7d898d5c5?pvs=21),Online banking
Food,THB 59.00,🍴Eating_APR24 (https://app.notion.com/p/Eating_APR24-8696e447389a4e3fa3067be99085528e?pvs=21),No,"April 23, 2024",April 24 (https://app.notion.com/p/April-24-1b9372fac5624cfd8f3765f7d898d5c5?pvs=21),Online banking
น้ำ ฟันโอ,THB 13.00,🍴Eating_APR24 (https://app.notion.com/p/Eating_APR24-8696e447389a4e3fa3067be99085528e?pvs=21),No,"April 23, 2024",April 24 (https://app.notion.com/p/April-24-1b9372fac5624cfd8f3765f7d898d5c5?pvs=21),Online banking
ซ่อมจอคอม,"THB 7,200.00",🏠Home_APR24 (https://app.notion.com/p/Home_APR24-bfd7bb620ffd404fa98f1bc20b1d40a6?pvs=21),No,"April 23, 2024",April 24 (https://app.notion.com/p/April-24-1b9372fac5624cfd8f3765f7d898d5c5?pvs=21),Online banking
หมูกระเทียมไข่เจียว,THB 45.00,🍴Eating_APR24 (https://app.notion.com/p/Eating_APR24-8696e447389a4e3fa3067be99085528e?pvs=21),No,"April 24, 2024",April 24 (https://app.notion.com/p/April-24-1b9372fac5624cfd8f3765f7d898d5c5?pvs=21),Online banking
ขนม นม,THB 111.00,🍴Eating_APR24 (https://app.notion.com/p/Eating_APR24-8696e447389a4e3fa3067be99085528e?pvs=21),No,"April 24, 2024",April 24 (https://app.notion.com/p/April-24-1b9372fac5624cfd8f3765f7d898d5c5?pvs=21),Online banking
ฝรั่ง,THB 20.00,🍴Eating_APR24 (https://app.notion.com/p/Eating_APR24-8696e447389a4e3fa3067be99085528e?pvs=21),No,"April 24, 2024",April 24 (https://app.notion.com/p/April-24-1b9372fac5624cfd8f3765f7d898d5c5?pvs=21),Online banking
Long pizza,THB 339.00,🍴Eating_APR24 (https://app.notion.com/p/Eating_APR24-8696e447389a4e3fa3067be99085528e?pvs=21),No,"April 25, 2024",April 24 (https://app.notion.com/p/April-24-1b9372fac5624cfd8f3765f7d898d5c5?pvs=21),Online banking
นม ขนม atk,THB 96.00,🍴Eating_APR24 (https://app.notion.com/p/Eating_APR24-8696e447389a4e3fa3067be99085528e?pvs=21),No,"April 25, 2024",April 24 (https://app.notion.com/p/April-24-1b9372fac5624cfd8f3765f7d898d5c5?pvs=21),Online banking
ข้าว และยา,THB 133.00,🍴Eating_APR24 (https://app.notion.com/p/Eating_APR24-8696e447389a4e3fa3067be99085528e?pvs=21),No,"April 26, 2024",April 24 (https://app.notion.com/p/April-24-1b9372fac5624cfd8f3765f7d898d5c5?pvs=21),Online banking
กระเพราหมูสับเผ็ดน้อยไข่เจียว,THB 45.00,🍴Eating_APR24 (https://app.notion.com/p/Eating_APR24-8696e447389a4e3fa3067be99085528e?pvs=21),No,"April 26, 2024",April 24 (https://app.notion.com/p/April-24-1b9372fac5624cfd8f3765f7d898d5c5?pvs=21),Online banking
มะละกอ,THB 20.00,🍴Eating_APR24 (https://app.notion.com/p/Eating_APR24-8696e447389a4e3fa3067be99085528e?pvs=21),No,"April 26, 2024",April 24 (https://app.notion.com/p/April-24-1b9372fac5624cfd8f3765f7d898d5c5?pvs=21),Online banking
Diamond grain + soy protein + coffee beans,"THB 1,785.00",🍴Eating_APR24 (https://app.notion.com/p/Eating_APR24-8696e447389a4e3fa3067be99085528e?pvs=21),No,"April 26, 2024",April 24 (https://app.notion.com/p/April-24-1b9372fac5624cfd8f3765f7d898d5c5?pvs=21),Credit card
โจ้กเซเว่น น้ำ ซาลาเปา tofusan,THB 155.00,🍴Eating_APR24 (https://app.notion.com/p/Eating_APR24-8696e447389a4e3fa3067be99085528e?pvs=21),No,"April 27, 2024",April 24 (https://app.notion.com/p/April-24-1b9372fac5624cfd8f3765f7d898d5c5?pvs=21),Online banking
กระเพราไข่เยี่ยวม้า,THB 50.00,🍴Eating_APR24 (https://app.notion.com/p/Eating_APR24-8696e447389a4e3fa3067be99085528e?pvs=21),No,"April 27, 2024",April 24 (https://app.notion.com/p/April-24-1b9372fac5624cfd8f3765f7d898d5c5?pvs=21),Online banking
มะละกอ,THB 20.00,🍴Eating_APR24 (https://app.notion.com/p/Eating_APR24-8696e447389a4e3fa3067be99085528e?pvs=21),No,"April 27, 2024",April 24 (https://app.notion.com/p/April-24-1b9372fac5624cfd8f3765f7d898d5c5?pvs=21),Online banking
หมูคั่วพริกเกลือไข่ดาว,THB 45.00,🍴Eating_APR24 (https://app.notion.com/p/Eating_APR24-8696e447389a4e3fa3067be99085528e?pvs=21),No,"April 28, 2024",April 24 (https://app.notion.com/p/April-24-1b9372fac5624cfd8f3765f7d898d5c5?pvs=21),Online banking
นม ขนม ยา,THB 91.00,🍴Eating_APR24 (https://app.notion.com/p/Eating_APR24-8696e447389a4e3fa3067be99085528e?pvs=21),No,"April 28, 2024",April 24 (https://app.notion.com/p/April-24-1b9372fac5624cfd8f3765f7d898d5c5?pvs=21),Online banking
ข้าวผัดหมู,THB 40.00,🍴Eating_APR24 (https://app.notion.com/p/Eating_APR24-8696e447389a4e3fa3067be99085528e?pvs=21),No,"April 28, 2024",April 24 (https://app.notion.com/p/April-24-1b9372fac5624cfd8f3765f7d898d5c5?pvs=21),Online banking
กระเพราหมูสับไข่ดาว,THB 45.00,🍴Eating_APR24 (https://app.notion.com/p/Eating_APR24-8696e447389a4e3fa3067be99085528e?pvs=21),No,"April 29, 2024",April 24 (https://app.notion.com/p/April-24-1b9372fac5624cfd8f3765f7d898d5c5?pvs=21),Online banking
นม ยา,THB 61.00,🍴Eating_APR24 (https://app.notion.com/p/Eating_APR24-8696e447389a4e3fa3067be99085528e?pvs=21),No,"April 29, 2024",April 24 (https://app.notion.com/p/April-24-1b9372fac5624cfd8f3765f7d898d5c5?pvs=21),Online banking
ข้าวผัด,THB 40.00,🍴Eating_APR24 (https://app.notion.com/p/Eating_APR24-8696e447389a4e3fa3067be99085528e?pvs=21),No,"April 29, 2024",April 24 (https://app.notion.com/p/April-24-1b9372fac5624cfd8f3765f7d898d5c5?pvs=21),Online banking
Grab,THB 139.00,🛢️Transportation_APR24 (https://app.notion.com/p/Transportation_APR24-82c2f1309b784d2aae8e9c21e3bf0965?pvs=21),No,"April 30, 2024",April 24 (https://app.notion.com/p/April-24-1b9372fac5624cfd8f3765f7d898d5c5?pvs=21),Credit card
แซนวิช,THB 30.00,🍴Eating_APR24 (https://app.notion.com/p/Eating_APR24-8696e447389a4e3fa3067be99085528e?pvs=21),No,"April 30, 2024",April 24 (https://app.notion.com/p/April-24-1b9372fac5624cfd8f3765f7d898d5c5?pvs=21),Online banking
ของฝาก,THB 415.00,❤️Lover_APR24 (https://app.notion.com/p/Lover_APR24-08936a7862764786adc8844f180380f0?pvs=21),No,"April 30, 2024",April 24 (https://app.notion.com/p/April-24-1b9372fac5624cfd8f3765f7d898d5c5?pvs=21),Online banking
" โอนิกิริ",THB 33.00,🍴Eating_APR24 (https://app.notion.com/p/Eating_APR24-8696e447389a4e3fa3067be99085528e?pvs=21),No,"April 30, 2024",April 24 (https://app.notion.com/p/April-24-1b9372fac5624cfd8f3765f7d898d5c5?pvs=21),Online banking
สลัดคุณนาย,THB 154.00,🍴Eating_APR24 (https://app.notion.com/p/Eating_APR24-8696e447389a4e3fa3067be99085528e?pvs=21),No,"April 30, 2024",April 24 (https://app.notion.com/p/April-24-1b9372fac5624cfd8f3765f7d898d5c5?pvs=21),Credit card
Salad terrace,THB 313.00,🍴Eating_MAY24 (https://app.notion.com/p/Eating_MAY24-279f7cf8b6c1418c8b0e5e00c5b1b938?pvs=21),No,"May 1, 2024",May 24 (https://app.notion.com/p/May-24-f03b6239b22b4b36b8d524541799d9be?pvs=21),Online banking
ข้าวไข่ข้นกระเพราหมูสับ,THB 86.00,🍴Eating_MAY24 (https://app.notion.com/p/Eating_MAY24-279f7cf8b6c1418c8b0e5e00c5b1b938?pvs=21),No,"May 2, 2024",May 24 (https://app.notion.com/p/May-24-f03b6239b22b4b36b8d524541799d9be?pvs=21),Credit card
ไก่จ้อ,THB 20.00,🍴Eating_MAY24 (https://app.notion.com/p/Eating_MAY24-279f7cf8b6c1418c8b0e5e00c5b1b938?pvs=21),No,"May 3, 2024",May 24 (https://app.notion.com/p/May-24-f03b6239b22b4b36b8d524541799d9be?pvs=21),Online banking
Salad khunnai,THB 313.00,🍴Eating_MAY24 (https://app.notion.com/p/Eating_MAY24-279f7cf8b6c1418c8b0e5e00c5b1b938?pvs=21),No,"May 3, 2024",May 24 (https://app.notion.com/p/May-24-f03b6239b22b4b36b8d524541799d9be?pvs=21),Online banking
Oil,"THB 1,020.00",🛢️Transportation_MAY24 (https://app.notion.com/p/Transportation_MAY24-406e8377590e453dbf2d195fa2ed3cf4?pvs=21),No,"May 4, 2024",May 24 (https://app.notion.com/p/May-24-f03b6239b22b4b36b8d524541799d9be?pvs=21),Credit card
กับข้าว กับปลา,THB 597.00,🍴Eating_MAY24 (https://app.notion.com/p/Eating_MAY24-279f7cf8b6c1418c8b0e5e00c5b1b938?pvs=21),No,"May 4, 2024",May 24 (https://app.notion.com/p/May-24-f03b6239b22b4b36b8d524541799d9be?pvs=21),Online banking
ชาเย็น,THB 109.00,🍴Eating_MAY24 (https://app.notion.com/p/Eating_MAY24-279f7cf8b6c1418c8b0e5e00c5b1b938?pvs=21),No,"May 4, 2024",May 24 (https://app.notion.com/p/May-24-f03b6239b22b4b36b8d524541799d9be?pvs=21),Credit card
โคมไฟ นมโอ๊ต,"THB 1,199.00",🛍️Shopping_MAY24 (https://app.notion.com/p/Shopping_MAY24-8e9c7ba7b6ae454c919579bd9389f07b?pvs=21),No,"May 5, 2024",May 24 (https://app.notion.com/p/May-24-f03b6239b22b4b36b8d524541799d9be?pvs=21),Credit card
ของฝาก,THB 100.00,❤️Lover_MAY24 (https://app.notion.com/p/Lover_MAY24-c2405464296b4905a4cf92bff871939a?pvs=21),No,"May 5, 2024",May 24 (https://app.notion.com/p/May-24-f03b6239b22b4b36b8d524541799d9be?pvs=21),Online banking
NT coffee,THB 180.00,🍴Eating_MAY24 (https://app.notion.com/p/Eating_MAY24-279f7cf8b6c1418c8b0e5e00c5b1b938?pvs=21),No,"May 5, 2024",May 24 (https://app.notion.com/p/May-24-f03b6239b22b4b36b8d524541799d9be?pvs=21),Online banking
หนังสือ,THB 256.50,📖Education_MAY24 (https://app.notion.com/p/Education_MAY24-8310df161b5b456dab0a6d21f75945a8?pvs=21),No,"May 5, 2024",May 24 (https://app.notion.com/p/May-24-f03b6239b22b4b36b8d524541799d9be?pvs=21),Credit card
GQ underpants x6,"THB 1,472.00",🛍️Shopping_MAY24 (https://app.notion.com/p/Shopping_MAY24-8e9c7ba7b6ae454c919579bd9389f07b?pvs=21),No,"May 5, 2024",May 24 (https://app.notion.com/p/May-24-f03b6239b22b4b36b8d524541799d9be?pvs=21),Credit card
Salad concept,THB 70.00,🍴Eating_MAY24 (https://app.notion.com/p/Eating_MAY24-279f7cf8b6c1418c8b0e5e00c5b1b938?pvs=21),No,"May 6, 2024",May 24 (https://app.notion.com/p/May-24-f03b6239b22b4b36b8d524541799d9be?pvs=21),Credit card
Salad khunnai,THB 268.00,🍴Eating_MAY24 (https://app.notion.com/p/Eating_MAY24-279f7cf8b6c1418c8b0e5e00c5b1b938?pvs=21),No,"May 6, 2024",May 24 (https://app.notion.com/p/May-24-f03b6239b22b4b36b8d524541799d9be?pvs=21),Online banking
Salad farm,THB 86.00,🍴Eating_MAY24 (https://app.notion.com/p/Eating_MAY24-279f7cf8b6c1418c8b0e5e00c5b1b938?pvs=21),No,"May 8, 2024",May 24 (https://app.notion.com/p/May-24-f03b6239b22b4b36b8d524541799d9be?pvs=21),Credit card
หมี่สามเหลือง,THB 90.25,🍴Eating_MAY24 (https://app.notion.com/p/Eating_MAY24-279f7cf8b6c1418c8b0e5e00c5b1b938?pvs=21),No,"May 9, 2024",May 24 (https://app.notion.com/p/May-24-f03b6239b22b4b36b8d524541799d9be?pvs=21),Credit card
สายนาฬิกา + ฟิล์ม,THB 100.00,❤️Lover_MAY24 (https://app.notion.com/p/Lover_MAY24-c2405464296b4905a4cf92bff871939a?pvs=21),No,"May 9, 2024",May 24 (https://app.notion.com/p/May-24-f03b6239b22b4b36b8d524541799d9be?pvs=21),Credit card
Kare rice,THB 423.00,🍴Eating_MAY24 (https://app.notion.com/p/Eating_MAY24-279f7cf8b6c1418c8b0e5e00c5b1b938?pvs=21),No,"May 10, 2024",May 24 (https://app.notion.com/p/May-24-f03b6239b22b4b36b8d524541799d9be?pvs=21),Online banking
โกเหลียง,THB 50.00,🍴Eating_MAY24 (https://app.notion.com/p/Eating_MAY24-279f7cf8b6c1418c8b0e5e00c5b1b938?pvs=21),No,"May 11, 2024",May 24 (https://app.notion.com/p/May-24-f03b6239b22b4b36b8d524541799d9be?pvs=21),Online banking
Volcano,THB 97.50,🍴Eating_MAY24 (https://app.notion.com/p/Eating_MAY24-279f7cf8b6c1418c8b0e5e00c5b1b938?pvs=21),No,"May 11, 2024",May 24 (https://app.notion.com/p/May-24-f03b6239b22b4b36b8d524541799d9be?pvs=21),Online banking
Pari-,THB 289.00,🍴Eating_MAY24 (https://app.notion.com/p/Eating_MAY24-279f7cf8b6c1418c8b0e5e00c5b1b938?pvs=21),No,"May 11, 2024",May 24 (https://app.notion.com/p/May-24-f03b6239b22b4b36b8d524541799d9be?pvs=21),Online banking
Blue coffee,THB 150.00,🍴Eating_MAY24 (https://app.notion.com/p/Eating_MAY24-279f7cf8b6c1418c8b0e5e00c5b1b938?pvs=21),No,"May 12, 2024",May 24 (https://app.notion.com/p/May-24-f03b6239b22b4b36b8d524541799d9be?pvs=21),Online banking
เคบับ,THB 120.00,🍴Eating_MAY24 (https://app.notion.com/p/Eating_MAY24-279f7cf8b6c1418c8b0e5e00c5b1b938?pvs=21),No,"May 12, 2024",May 24 (https://app.notion.com/p/May-24-f03b6239b22b4b36b8d524541799d9be?pvs=21),Online banking
ไส้กรอกอีสาน,THB 60.00,🍴Eating_MAY24 (https://app.notion.com/p/Eating_MAY24-279f7cf8b6c1418c8b0e5e00c5b1b938?pvs=21),No,"May 12, 2024",May 24 (https://app.notion.com/p/May-24-f03b6239b22b4b36b8d524541799d9be?pvs=21),Online banking
ถ่ายเอกสารวิจัย,THB 100.00,📖Education_MAY24 (https://app.notion.com/p/Education_MAY24-8310df161b5b456dab0a6d21f75945a8?pvs=21),No,"May 13, 2024",May 24 (https://app.notion.com/p/May-24-f03b6239b22b4b36b8d524541799d9be?pvs=21),Online banking
ข้าวหมูกรอบ,THB 50.00,🍴Eating_MAY24 (https://app.notion.com/p/Eating_MAY24-279f7cf8b6c1418c8b0e5e00c5b1b938?pvs=21),No,"May 13, 2024",May 24 (https://app.notion.com/p/May-24-f03b6239b22b4b36b8d524541799d9be?pvs=21),Online banking
" กระเพรากระด้ง",THB 96.00,🍴Eating_MAY24 (https://app.notion.com/p/Eating_MAY24-279f7cf8b6c1418c8b0e5e00c5b1b938?pvs=21),No,"May 14, 2024",May 24 (https://app.notion.com/p/May-24-f03b6239b22b4b36b8d524541799d9be?pvs=21),Credit card
Refill กรองอากาศ,THB 717.00,🏠Home_MAY24 (https://app.notion.com/p/Home_MAY24-590180b7eccb49b0bfa8c83fe6f8e6fe?pvs=21),No,"May 15, 2024",May 24 (https://app.notion.com/p/May-24-f03b6239b22b4b36b8d524541799d9be?pvs=21),Credit card
สุกี้โคคา,THB 100.00,🍴Eating_MAY24 (https://app.notion.com/p/Eating_MAY24-279f7cf8b6c1418c8b0e5e00c5b1b938?pvs=21),No,"May 15, 2024",May 24 (https://app.notion.com/p/May-24-f03b6239b22b4b36b8d524541799d9be?pvs=21),Online banking
กระเพราหมูสับไข่ดาว,THB 61.00,🍴Eating_MAY24 (https://app.notion.com/p/Eating_MAY24-279f7cf8b6c1418c8b0e5e00c5b1b938?pvs=21),No,"May 16, 2024",May 24 (https://app.notion.com/p/May-24-f03b6239b22b4b36b8d524541799d9be?pvs=21),Online banking
Dimond grain,"THB 1,039.00",🍴Eating_MAY24 (https://app.notion.com/p/Eating_MAY24-279f7cf8b6c1418c8b0e5e00c5b1b938?pvs=21),No,"May 16, 2024",May 24 (https://app.notion.com/p/May-24-f03b6239b22b4b36b8d524541799d9be?pvs=21),Credit card
Pasta Ama,THB 456.00,🍴Eating_MAY24 (https://app.notion.com/p/Eating_MAY24-279f7cf8b6c1418c8b0e5e00c5b1b938?pvs=21),No,"May 17, 2024",May 24 (https://app.notion.com/p/May-24-f03b6239b22b4b36b8d524541799d9be?pvs=21),Online banking
Seven,THB 78.00,🍴Eating_MAY24 (https://app.notion.com/p/Eating_MAY24-279f7cf8b6c1418c8b0e5e00c5b1b938?pvs=21),No,"May 17, 2024",May 24 (https://app.notion.com/p/May-24-f03b6239b22b4b36b8d524541799d9be?pvs=21),Online banking
ก๋วยเตี๋ยว,THB 50.00,🍴Eating_MAY24 (https://app.notion.com/p/Eating_MAY24-279f7cf8b6c1418c8b0e5e00c5b1b938?pvs=21),No,"May 18, 2024",May 24 (https://app.notion.com/p/May-24-f03b6239b22b4b36b8d524541799d9be?pvs=21),Online banking
ของให้อ.ตาล,THB 26.00,❤️Lover_MAY24 (https://app.notion.com/p/Lover_MAY24-c2405464296b4905a4cf92bff871939a?pvs=21),No,"May 18, 2024",May 24 (https://app.notion.com/p/May-24-f03b6239b22b4b36b8d524541799d9be?pvs=21),Online banking
Mask,THB 105.00,🛍️Shopping_MAY24 (https://app.notion.com/p/Shopping_MAY24-8e9c7ba7b6ae454c919579bd9389f07b?pvs=21),No,"May 18, 2024",May 24 (https://app.notion.com/p/May-24-f03b6239b22b4b36b8d524541799d9be?pvs=21),Online banking
โจ๊ก,THB 98.00,🍴Eating_MAY24 (https://app.notion.com/p/Eating_MAY24-279f7cf8b6c1418c8b0e5e00c5b1b938?pvs=21),No,"May 19, 2024",May 24 (https://app.notion.com/p/May-24-f03b6239b22b4b36b8d524541799d9be?pvs=21),Online banking
กระเพรา,THB 80.00,🍴Eating_MAY24 (https://app.notion.com/p/Eating_MAY24-279f7cf8b6c1418c8b0e5e00c5b1b938?pvs=21),No,"May 19, 2024",May 24 (https://app.notion.com/p/May-24-f03b6239b22b4b36b8d524541799d9be?pvs=21),Credit card
ตัดผม,THB 130.00,💊Health & Fitness_MAY24 (https://app.notion.com/p/Health-Fitness_MAY24-5a623c79faef45c880912faa439c0b46?pvs=21),No,"May 19, 2024",May 24 (https://app.notion.com/p/May-24-f03b6239b22b4b36b8d524541799d9be?pvs=21),Online banking
สเต๊กเด็กแนว,THB 138.00,🍴Eating_MAY24 (https://app.notion.com/p/Eating_MAY24-279f7cf8b6c1418c8b0e5e00c5b1b938?pvs=21),No,"May 19, 2024",May 24 (https://app.notion.com/p/May-24-f03b6239b22b4b36b8d524541799d9be?pvs=21),Online banking
Oil,THB 100.00,🛢️Transportation_MAY24 (https://app.notion.com/p/Transportation_MAY24-406e8377590e453dbf2d195fa2ed3cf4?pvs=21),No,"May 19, 2024",May 24 (https://app.notion.com/p/May-24-f03b6239b22b4b36b8d524541799d9be?pvs=21),Online banking
กาแฟชั้น3,THB 95.00,🍴Eating_MAY24 (https://app.notion.com/p/Eating_MAY24-279f7cf8b6c1418c8b0e5e00c5b1b938?pvs=21),No,"May 21, 2024",May 24 (https://app.notion.com/p/May-24-f03b6239b22b4b36b8d524541799d9be?pvs=21),Online banking
Salad farm,THB 77.50,🍴Eating_MAY24 (https://app.notion.com/p/Eating_MAY24-279f7cf8b6c1418c8b0e5e00c5b1b938?pvs=21),No,"May 21, 2024",May 24 (https://app.notion.com/p/May-24-f03b6239b22b4b36b8d524541799d9be?pvs=21),Credit card
Bayday,THB 189.00,🍴Eating_MAY24 (https://app.notion.com/p/Eating_MAY24-279f7cf8b6c1418c8b0e5e00c5b1b938?pvs=21),No,"May 21, 2024",May 24 (https://app.notion.com/p/May-24-f03b6239b22b4b36b8d524541799d9be?pvs=21),Online banking
Sookson,THB 60.00,🍴Eating_MAY24 (https://app.notion.com/p/Eating_MAY24-279f7cf8b6c1418c8b0e5e00c5b1b938?pvs=21),No,"May 22, 2024",May 24 (https://app.notion.com/p/May-24-f03b6239b22b4b36b8d524541799d9be?pvs=21),Online banking
ขายเวร,THB 430.00,📖Education_MAY24 (https://app.notion.com/p/Education_MAY24-8310df161b5b456dab0a6d21f75945a8?pvs=21),No,"May 22, 2024",May 24 (https://app.notion.com/p/May-24-f03b6239b22b4b36b8d524541799d9be?pvs=21),Online banking
สุกี้ช้างเผือก,THB 74.00,🍴Eating_MAY24 (https://app.notion.com/p/Eating_MAY24-279f7cf8b6c1418c8b0e5e00c5b1b938?pvs=21),No,"May 22, 2024",May 24 (https://app.notion.com/p/May-24-f03b6239b22b4b36b8d524541799d9be?pvs=21),Credit card
Thymetime,THB 432.00,🍴Eating_MAY24 (https://app.notion.com/p/Eating_MAY24-279f7cf8b6c1418c8b0e5e00c5b1b938?pvs=21),No,"May 23, 2024",May 24 (https://app.notion.com/p/May-24-f03b6239b22b4b36b8d524541799d9be?pvs=21),Online banking
Afteryou,THB 82.00,🍴Eating_MAY24 (https://app.notion.com/p/Eating_MAY24-279f7cf8b6c1418c8b0e5e00c5b1b938?pvs=21),No,"May 23, 2024",May 24 (https://app.notion.com/p/May-24-f03b6239b22b4b36b8d524541799d9be?pvs=21),Online banking
ส่งไปรษณีย์,THB 27.00,📖Education_MAY24 (https://app.notion.com/p/Education_MAY24-8310df161b5b456dab0a6d21f75945a8?pvs=21),No,"May 24, 2024",May 24 (https://app.notion.com/p/May-24-f03b6239b22b4b36b8d524541799d9be?pvs=21),Online banking
สุกี้โคคา,THB 100.00,🍴Eating_MAY24 (https://app.notion.com/p/Eating_MAY24-279f7cf8b6c1418c8b0e5e00c5b1b938?pvs=21),No,"May 24, 2024",May 24 (https://app.notion.com/p/May-24-f03b6239b22b4b36b8d524541799d9be?pvs=21),Online banking
Poker,THB 49.00,🎮Entertainment_MAY24 (https://app.notion.com/p/Entertainment_MAY24-e54bf2d500e84046b7affcf6a96af23a?pvs=21),No,"May 26, 2024",May 24 (https://app.notion.com/p/May-24-f03b6239b22b4b36b8d524541799d9be?pvs=21),Online banking
Seven  สนามบิน,THB 59.00,🍴Eating_MAY24 (https://app.notion.com/p/Eating_MAY24-279f7cf8b6c1418c8b0e5e00c5b1b938?pvs=21),No,"May 26, 2024",May 24 (https://app.notion.com/p/May-24-f03b6239b22b4b36b8d524541799d9be?pvs=21),Online banking
Salad khunnai,THB 280.00,🍴Eating_MAY24 (https://app.notion.com/p/Eating_MAY24-279f7cf8b6c1418c8b0e5e00c5b1b938?pvs=21),No,"May 26, 2024",May 24 (https://app.notion.com/p/May-24-f03b6239b22b4b36b8d524541799d9be?pvs=21),Online banking
Grab,THB 139.00,🛢️Transportation_MAY24 (https://app.notion.com/p/Transportation_MAY24-406e8377590e453dbf2d195fa2ed3cf4?pvs=21),No,"May 27, 2024",May 24 (https://app.notion.com/p/May-24-f03b6239b22b4b36b8d524541799d9be?pvs=21),Credit card
Food,THB 100.00,🍴Eating_MAY24 (https://app.notion.com/p/Eating_MAY24-279f7cf8b6c1418c8b0e5e00c5b1b938?pvs=21),No,"May 27, 2024",May 24 (https://app.notion.com/p/May-24-f03b6239b22b4b36b8d524541799d9be?pvs=21),Online banking
ขนม + ถุงขยะ seven,THB 91.00,🍴Eating_MAY24 (https://app.notion.com/p/Eating_MAY24-279f7cf8b6c1418c8b0e5e00c5b1b938?pvs=21),No,"May 27, 2024",May 24 (https://app.notion.com/p/May-24-f03b6239b22b4b36b8d524541799d9be?pvs=21),Online banking
Kantary,THB 160.00,🍴Eating_MAY24 (https://app.notion.com/p/Eating_MAY24-279f7cf8b6c1418c8b0e5e00c5b1b938?pvs=21),No,"May 28, 2024",May 24 (https://app.notion.com/p/May-24-f03b6239b22b4b36b8d524541799d9be?pvs=21),Online banking
Seven pp,THB 69.00,🍴Eating_MAY24 (https://app.notion.com/p/Eating_MAY24-279f7cf8b6c1418c8b0e5e00c5b1b938?pvs=21),No,"May 30, 2024",May 24 (https://app.notion.com/p/May-24-f03b6239b22b4b36b8d524541799d9be?pvs=21),Online banking
กะเพราหมู,THB 75.00,🍴Eating_MAY24 (https://app.notion.com/p/Eating_MAY24-279f7cf8b6c1418c8b0e5e00c5b1b938?pvs=21),No,"May 30, 2024",May 24 (https://app.notion.com/p/May-24-f03b6239b22b4b36b8d524541799d9be?pvs=21),Credit card
Wako bake,THB 209.00,🍴Eating_MAY24 (https://app.notion.com/p/Eating_MAY24-279f7cf8b6c1418c8b0e5e00c5b1b938?pvs=21),No,"May 31, 2024",May 24 (https://app.notion.com/p/May-24-f03b6239b22b4b36b8d524541799d9be?pvs=21),Credit card
กระเพรา,THB 71.00,🍴Eating_JUN24 (https://app.notion.com/p/Eating_JUN24-f34123ee166d420f9ebace5ad55a2794?pvs=21),No,"June 1, 2024",June 24 (https://app.notion.com/p/June-24-f0a893fb46524332a4cc44e0f7215b9f?pvs=21),Credit card
Pasta pesto,THB 318.43,🍴Eating_JUN24 (https://app.notion.com/p/Eating_JUN24-f34123ee166d420f9ebace5ad55a2794?pvs=21),No,"June 1, 2024",June 24 (https://app.notion.com/p/June-24-f0a893fb46524332a4cc44e0f7215b9f?pvs=21),Online banking
,,,No,,May 24 (https://app.notion.com/p/May-24-f03b6239b22b4b36b8d524541799d9be?pvs=21),
Top ซื้อของใช้ในบ้าน,THB 296.00,🏠Home_MAY24 (https://app.notion.com/p/Home_MAY24-590180b7eccb49b0bfa8c83fe6f8e6fe?pvs=21),No,"May 23, 2024",May 24 (https://app.notion.com/p/May-24-f03b6239b22b4b36b8d524541799d9be?pvs=21),Credit card
Free bird cafe,THB 590.00,🍴Eating_JUN24 (https://app.notion.com/p/Eating_JUN24-f34123ee166d420f9ebace5ad55a2794?pvs=21),No,"June 2, 2024",June 24 (https://app.notion.com/p/June-24-f0a893fb46524332a4cc44e0f7215b9f?pvs=21),Online banking
ของขวัญ R3+F,THB 166.00,❤️Lover_JUN24 (https://app.notion.com/p/Lover_JUN24-06192c407e2b4193bf361bd15e74db11?pvs=21),No,"June 2, 2024",June 24 (https://app.notion.com/p/June-24-f0a893fb46524332a4cc44e0f7215b9f?pvs=21),Online banking
Single origin store,THB 575.00,🍴Eating_JUN24 (https://app.notion.com/p/Eating_JUN24-f34123ee166d420f9ebace5ad55a2794?pvs=21),No,"June 3, 2024",June 24 (https://app.notion.com/p/June-24-f0a893fb46524332a4cc44e0f7215b9f?pvs=21),Online banking
ข้าว or,THB 55.00,🍴Eating_JUN24 (https://app.notion.com/p/Eating_JUN24-f34123ee166d420f9ebace5ad55a2794?pvs=21),No,"June 5, 2024",June 24 (https://app.notion.com/p/June-24-f0a893fb46524332a4cc44e0f7215b9f?pvs=21),Online banking
สุกี้หมูแห้ง,THB 65.00,🍴Eating_JUN24 (https://app.notion.com/p/Eating_JUN24-f34123ee166d420f9ebace5ad55a2794?pvs=21),No,"June 5, 2024",June 24 (https://app.notion.com/p/June-24-f0a893fb46524332a4cc44e0f7215b9f?pvs=21),Credit card
Yuzu,"THB 1,209.00",🐱Cat_JUN24 (https://app.notion.com/p/Cat_JUN24-c7a70515d2574d99a7e5d3fd289470f6?pvs=21),No,"June 6, 2024",June 24 (https://app.notion.com/p/June-24-f0a893fb46524332a4cc44e0f7215b9f?pvs=21),Credit card
กางเกงไข่เย็น,THB 780.00,❤️Lover_JUN24 (https://app.notion.com/p/Lover_JUN24-06192c407e2b4193bf361bd15e74db11?pvs=21),No,"June 6, 2024",June 24 (https://app.notion.com/p/June-24-f0a893fb46524332a4cc44e0f7215b9f?pvs=21),Credit card
Oatside,"THB 1,272.00",🍴Eating_JUN24 (https://app.notion.com/p/Eating_JUN24-f34123ee166d420f9ebace5ad55a2794?pvs=21),No,"June 6, 2024",June 24 (https://app.notion.com/p/June-24-f0a893fb46524332a4cc44e0f7215b9f?pvs=21),Credit card
ชั้นวางรองเท้า,THB 168.00,🏠Home_JUN24 (https://app.notion.com/p/Home_JUN24-e01194d94a594cfd8741dcb40f112429?pvs=21),No,"June 6, 2024",June 24 (https://app.notion.com/p/June-24-f0a893fb46524332a4cc44e0f7215b9f?pvs=21),Credit card
Zenzen pool villa,"THB 1,160.20",🍴Eating_JUN24 (https://app.notion.com/p/Eating_JUN24-f34123ee166d420f9ebace5ad55a2794?pvs=21),No,"June 1, 2024",June 24 (https://app.notion.com/p/June-24-f0a893fb46524332a4cc44e0f7215b9f?pvs=21),Online banking
ข้าวซอยนิมมาน,THB 257.50,🍴Eating_JUN24 (https://app.notion.com/p/Eating_JUN24-f34123ee166d420f9ebace5ad55a2794?pvs=21),No,"June 6, 2024",June 24 (https://app.notion.com/p/June-24-f0a893fb46524332a4cc44e0f7215b9f?pvs=21),Online banking
กระเพรา ไข่ดาว,THB 40.00,🍴Eating_JUN24 (https://app.notion.com/p/Eating_JUN24-f34123ee166d420f9ebace5ad55a2794?pvs=21),No,"June 7, 2024",June 24 (https://app.notion.com/p/June-24-f0a893fb46524332a4cc44e0f7215b9f?pvs=21),Online banking
Fresh and mild,THB 110.00,🍴Eating_JUN24 (https://app.notion.com/p/Eating_JUN24-f34123ee166d420f9ebace5ad55a2794?pvs=21),No,"June 7, 2024",June 24 (https://app.notion.com/p/June-24-f0a893fb46524332a4cc44e0f7215b9f?pvs=21),Online banking
Oil,THB 900.00,🛢️Transportation_JUN24 (https://app.notion.com/p/Transportation_JUN24-4bf634f4a2d74bf4a732b3989e8781ef?pvs=21),No,"June 8, 2024",June 24 (https://app.notion.com/p/June-24-f0a893fb46524332a4cc44e0f7215b9f?pvs=21),Credit card
พันธุ์ไทย,THB 60.00,🍴Eating_JUN24 (https://app.notion.com/p/Eating_JUN24-f34123ee166d420f9ebace5ad55a2794?pvs=21),No,"June 8, 2024",June 24 (https://app.notion.com/p/June-24-f0a893fb46524332a4cc44e0f7215b9f?pvs=21),Online banking
Realme 12+ 5G,"THB 10,999.00",❤️Lover_JUN24 (https://app.notion.com/p/Lover_JUN24-06192c407e2b4193bf361bd15e74db11?pvs=21),No,"June 8, 2024",June 24 (https://app.notion.com/p/June-24-f0a893fb46524332a4cc44e0f7215b9f?pvs=21),Credit card
Galaxy fit3 + charger,"THB 2,380.00",❤️Lover_JUN24 (https://app.notion.com/p/Lover_JUN24-06192c407e2b4193bf361bd15e74db11?pvs=21),No,"June 8, 2024",June 24 (https://app.notion.com/p/June-24-f0a893fb46524332a4cc44e0f7215b9f?pvs=21),Credit card
กระเพรา,THB 100.00,🍴Eating_JUN24 (https://app.notion.com/p/Eating_JUN24-f34123ee166d420f9ebace5ad55a2794?pvs=21),No,"June 12, 2024",June 24 (https://app.notion.com/p/June-24-f0a893fb46524332a4cc44e0f7215b9f?pvs=21),Credit card
Snacks,THB 82.00,🍴Eating_JUN24 (https://app.notion.com/p/Eating_JUN24-f34123ee166d420f9ebace5ad55a2794?pvs=21),No,"June 13, 2024",June 24 (https://app.notion.com/p/June-24-f0a893fb46524332a4cc44e0f7215b9f?pvs=21),Online banking
ก๋วยเตี๋ยวคั่วไก่,THB 115.50,🍴Eating_JUN24 (https://app.notion.com/p/Eating_JUN24-f34123ee166d420f9ebace5ad55a2794?pvs=21),No,"June 13, 2024",June 24 (https://app.notion.com/p/June-24-f0a893fb46524332a4cc44e0f7215b9f?pvs=21),Credit card
ชาบู,THB 229.00,🍴Eating_JUN24 (https://app.notion.com/p/Eating_JUN24-f34123ee166d420f9ebace5ad55a2794?pvs=21),No,"June 14, 2024",June 24 (https://app.notion.com/p/June-24-f0a893fb46524332a4cc44e0f7215b9f?pvs=21),Online banking
ของใช้ แจ่มฟ้า,THB 481.00,🛍️Shopping_JUN24 (https://app.notion.com/p/Shopping_JUN24-69254f5356cc4b64adfac64ac946bc2f?pvs=21),No,"June 15, 2024",June 24 (https://app.notion.com/p/June-24-f0a893fb46524332a4cc44e0f7215b9f?pvs=21),Online banking
เจียวดาว,THB 70.00,🍴Eating_JUN24 (https://app.notion.com/p/Eating_JUN24-f34123ee166d420f9ebace5ad55a2794?pvs=21),No,"June 15, 2024",June 24 (https://app.notion.com/p/June-24-f0a893fb46524332a4cc44e0f7215b9f?pvs=21),Online banking
ข้าวหมกไก่,THB 60.00,🍴Eating_JUN24 (https://app.notion.com/p/Eating_JUN24-f34123ee166d420f9ebace5ad55a2794?pvs=21),No,"June 16, 2024",June 24 (https://app.notion.com/p/June-24-f0a893fb46524332a4cc44e0f7215b9f?pvs=21),Online banking
Muji cafe,THB 160.00,🍴Eating_JUN24 (https://app.notion.com/p/Eating_JUN24-f34123ee166d420f9ebace5ad55a2794?pvs=21),No,"June 16, 2024",June 24 (https://app.notion.com/p/June-24-f0a893fb46524332a4cc44e0f7215b9f?pvs=21),Online banking
Santa fe,THB 366.00,🍴Eating_JUN24 (https://app.notion.com/p/Eating_JUN24-f34123ee166d420f9ebace5ad55a2794?pvs=21),No,"June 16, 2024",June 24 (https://app.notion.com/p/June-24-f0a893fb46524332a4cc44e0f7215b9f?pvs=21),Credit card
กระเพราไข่ดาว,THB 78.30,🍴Eating_JUN24 (https://app.notion.com/p/Eating_JUN24-f34123ee166d420f9ebace5ad55a2794?pvs=21),No,"June 17, 2024",June 24 (https://app.notion.com/p/June-24-f0a893fb46524332a4cc44e0f7215b9f?pvs=21),Credit card
Yuzu,"THB 1,000.00",🐱Cat_JUN24 (https://app.notion.com/p/Cat_JUN24-c7a70515d2574d99a7e5d3fd289470f6?pvs=21),No,"June 18, 2024",June 24 (https://app.notion.com/p/June-24-f0a893fb46524332a4cc44e0f7215b9f?pvs=21),Online banking
Salad farm,THB 176.00,🍴Eating_JUN24 (https://app.notion.com/p/Eating_JUN24-f34123ee166d420f9ebace5ad55a2794?pvs=21),No,"June 18, 2024",June 24 (https://app.notion.com/p/June-24-f0a893fb46524332a4cc44e0f7215b9f?pvs=21),Credit card
Diamond grain + SOS,"THB 1,931.00",🍴Eating_JUN24 (https://app.notion.com/p/Eating_JUN24-f34123ee166d420f9ebace5ad55a2794?pvs=21),No,"June 18, 2024",June 24 (https://app.notion.com/p/June-24-f0a893fb46524332a4cc44e0f7215b9f?pvs=21),Online banking
Salad terrace,THB 318.00,🍴Eating_JUN24 (https://app.notion.com/p/Eating_JUN24-f34123ee166d420f9ebace5ad55a2794?pvs=21),No,"June 20, 2024",June 24 (https://app.notion.com/p/June-24-f0a893fb46524332a4cc44e0f7215b9f?pvs=21),Online banking
Top,THB 87.25,🍴Eating_JUN24 (https://app.notion.com/p/Eating_JUN24-f34123ee166d420f9ebace5ad55a2794?pvs=21),No,"June 20, 2024",June 24 (https://app.notion.com/p/June-24-f0a893fb46524332a4cc44e0f7215b9f?pvs=21),Online banking
Or,THB 62.00,🍴Eating_JUN24 (https://app.notion.com/p/Eating_JUN24-f34123ee166d420f9ebace5ad55a2794?pvs=21),No,"June 21, 2024",June 24 (https://app.notion.com/p/June-24-f0a893fb46524332a4cc44e0f7215b9f?pvs=21),Online banking
Snack,THB 70.00,🍴Eating_JUN24 (https://app.notion.com/p/Eating_JUN24-f34123ee166d420f9ebace5ad55a2794?pvs=21),No,"June 21, 2024",June 24 (https://app.notion.com/p/June-24-f0a893fb46524332a4cc44e0f7215b9f?pvs=21),Online banking
ก๋วยเตี๋ยว,THB 164.00,🍴Eating_JUN24 (https://app.notion.com/p/Eating_JUN24-f34123ee166d420f9ebace5ad55a2794?pvs=21),No,"June 21, 2024",June 24 (https://app.notion.com/p/June-24-f0a893fb46524332a4cc44e0f7215b9f?pvs=21),Online banking
กระเพรากระด้ง,THB 71.00,🍴Eating_JUN24 (https://app.notion.com/p/Eating_JUN24-f34123ee166d420f9ebace5ad55a2794?pvs=21),No,"June 22, 2024",June 24 (https://app.notion.com/p/June-24-f0a893fb46524332a4cc44e0f7215b9f?pvs=21),Credit card
สลัดคุณนาย,THB 114.00,🍴Eating_JUN24 (https://app.notion.com/p/Eating_JUN24-f34123ee166d420f9ebace5ad55a2794?pvs=21),No,"June 22, 2024",June 24 (https://app.notion.com/p/June-24-f0a893fb46524332a4cc44e0f7215b9f?pvs=21),Credit card
Akai8,THB 73.00,🍴Eating_JUN24 (https://app.notion.com/p/Eating_JUN24-f34123ee166d420f9ebace5ad55a2794?pvs=21),No,"June 23, 2024",June 24 (https://app.notion.com/p/June-24-f0a893fb46524332a4cc44e0f7215b9f?pvs=21),Online banking
กระเพรากระด้ง,THB 132.00,🍴Eating_JUN24 (https://app.notion.com/p/Eating_JUN24-f34123ee166d420f9ebace5ad55a2794?pvs=21),No,"June 23, 2024",June 24 (https://app.notion.com/p/June-24-f0a893fb46524332a4cc44e0f7215b9f?pvs=21),Online banking
เคลมฟิล์มมือถือ,THB 50.00,🛍️Shopping_JUN24 (https://app.notion.com/p/Shopping_JUN24-69254f5356cc4b64adfac64ac946bc2f?pvs=21),No,"June 23, 2024",June 24 (https://app.notion.com/p/June-24-f0a893fb46524332a4cc44e0f7215b9f?pvs=21),Online banking
ก๋วยเตี๋ยวคั่วไก่,THB 55.00,🍴Eating_JUN24 (https://app.notion.com/p/Eating_JUN24-f34123ee166d420f9ebace5ad55a2794?pvs=21),No,"June 23, 2024",June 24 (https://app.notion.com/p/June-24-f0a893fb46524332a4cc44e0f7215b9f?pvs=21),Online banking
สุกี้ช้างเผือก,THB 69.00,🍴Eating_JUN24 (https://app.notion.com/p/Eating_JUN24-f34123ee166d420f9ebace5ad55a2794?pvs=21),No,"June 24, 2024",June 24 (https://app.notion.com/p/June-24-f0a893fb46524332a4cc44e0f7215b9f?pvs=21),Credit card
Food,THB 45.00,🍴Eating_JUN24 (https://app.notion.com/p/Eating_JUN24-f34123ee166d420f9ebace5ad55a2794?pvs=21),No,"June 25, 2024",June 24 (https://app.notion.com/p/June-24-f0a893fb46524332a4cc44e0f7215b9f?pvs=21),Online banking
Fruit,THB 20.00,🍴Eating_JUN24 (https://app.notion.com/p/Eating_JUN24-f34123ee166d420f9ebace5ad55a2794?pvs=21),No,"June 25, 2024",June 24 (https://app.notion.com/p/June-24-f0a893fb46524332a4cc44e0f7215b9f?pvs=21),Online banking
Salad khunnai,THB 316.00,🍴Eating_JUN24 (https://app.notion.com/p/Eating_JUN24-f34123ee166d420f9ebace5ad55a2794?pvs=21),No,"June 25, 2024",June 24 (https://app.notion.com/p/June-24-f0a893fb46524332a4cc44e0f7215b9f?pvs=21),Online banking
Food,THB 109.00,🍴Eating_JUN24 (https://app.notion.com/p/Eating_JUN24-f34123ee166d420f9ebace5ad55a2794?pvs=21),No,"June 26, 2024",June 24 (https://app.notion.com/p/June-24-f0a893fb46524332a4cc44e0f7215b9f?pvs=21),Online banking
กระเพรากระด้ง,THB 71.00,🍴Eating_JUN24 (https://app.notion.com/p/Eating_JUN24-f34123ee166d420f9ebace5ad55a2794?pvs=21),No,"June 26, 2024",June 24 (https://app.notion.com/p/June-24-f0a893fb46524332a4cc44e0f7215b9f?pvs=21),Credit card
Seven,THB 35.00,🍴Eating_JUN24 (https://app.notion.com/p/Eating_JUN24-f34123ee166d420f9ebace5ad55a2794?pvs=21),No,"June 27, 2024",June 24 (https://app.notion.com/p/June-24-f0a893fb46524332a4cc44e0f7215b9f?pvs=21),Online banking
สหภาพสเต็ก,THB 209.00,🍴Eating_JUN24 (https://app.notion.com/p/Eating_JUN24-f34123ee166d420f9ebace5ad55a2794?pvs=21),No,"June 27, 2024",June 24 (https://app.notion.com/p/June-24-f0a893fb46524332a4cc44e0f7215b9f?pvs=21),Credit card
Adirak,THB 321.00,🍴Eating_JUN24 (https://app.notion.com/p/Eating_JUN24-f34123ee166d420f9ebace5ad55a2794?pvs=21),No,"June 28, 2024",June 24 (https://app.notion.com/p/June-24-f0a893fb46524332a4cc44e0f7215b9f?pvs=21),Online banking
อัง โอ นิ,THB 158.00,🍴Eating_JUN24 (https://app.notion.com/p/Eating_JUN24-f34123ee166d420f9ebace5ad55a2794?pvs=21),No,"June 28, 2024",June 24 (https://app.notion.com/p/June-24-f0a893fb46524332a4cc44e0f7215b9f?pvs=21),Online banking
ครัวอมร,THB 55.00,🍴Eating_JUN24 (https://app.notion.com/p/Eating_JUN24-f34123ee166d420f9ebace5ad55a2794?pvs=21),No,"June 29, 2024",June 24 (https://app.notion.com/p/June-24-f0a893fb46524332a4cc44e0f7215b9f?pvs=21),Online banking
Fern espresso,THB 75.00,🍴Eating_JUN24 (https://app.notion.com/p/Eating_JUN24-f34123ee166d420f9ebace5ad55a2794?pvs=21),No,"June 29, 2024",June 24 (https://app.notion.com/p/June-24-f0a893fb46524332a4cc44e0f7215b9f?pvs=21),Online banking
Grain cafe,THB 200.00,🍴Eating_JUN24 (https://app.notion.com/p/Eating_JUN24-f34123ee166d420f9ebace5ad55a2794?pvs=21),No,"June 30, 2024",June 24 (https://app.notion.com/p/June-24-f0a893fb46524332a4cc44e0f7215b9f?pvs=21),Online banking
Food,THB 232.00,🍴Eating_JUN24 (https://app.notion.com/p/Eating_JUN24-f34123ee166d420f9ebace5ad55a2794?pvs=21),No,"June 30, 2024",June 24 (https://app.notion.com/p/June-24-f0a893fb46524332a4cc44e0f7215b9f?pvs=21),Online banking
Food,THB 29.00,🍴Eating_JUN24 (https://app.notion.com/p/Eating_JUN24-f34123ee166d420f9ebace5ad55a2794?pvs=21),No,"June 30, 2024",June 24 (https://app.notion.com/p/June-24-f0a893fb46524332a4cc44e0f7215b9f?pvs=21),Online banking
Barber,THB 130.00,💊Health & Fitness_JUN24 (https://app.notion.com/p/Health-Fitness_JUN24-3dc2ea0a79a54197b2c5c6be9925c843?pvs=21),No,"June 30, 2024",June 24 (https://app.notion.com/p/June-24-f0a893fb46524332a4cc44e0f7215b9f?pvs=21),Online banking
คัตสึด้ง,THB 109.00,🍴Eating_JUN24 (https://app.notion.com/p/Eating_JUN24-f34123ee166d420f9ebace5ad55a2794?pvs=21),No,"June 30, 2024",June 24 (https://app.notion.com/p/June-24-f0a893fb46524332a4cc44e0f7215b9f?pvs=21),Online banking
กระเพราหมูสับไข่ดาว,THB 50.00,🍴Eating_JUL24 (https://app.notion.com/p/Eating_JUL24-7cb7fc69c9d643ac8fba3056fe0f0a0e?pvs=21),No,"July 1, 2024",July 24 (https://app.notion.com/p/July-24-f8bc5305397e49e194ac2b0f1fc1ddd9?pvs=21),Online banking
Seven,THB 157.00,🛍️Shopping_JUL24 (https://app.notion.com/p/Shopping_JUL24-981cbd7749454e7f9c54d800762a9351?pvs=21),No,"July 1, 2024",July 24 (https://app.notion.com/p/July-24-f8bc5305397e49e194ac2b0f1fc1ddd9?pvs=21),Online banking
กินที่วัด,THB 120.00,🍴Eating_JUL24 (https://app.notion.com/p/Eating_JUL24-7cb7fc69c9d643ac8fba3056fe0f0a0e?pvs=21),No,"July 2, 2024",July 24 (https://app.notion.com/p/July-24-f8bc5305397e49e194ac2b0f1fc1ddd9?pvs=21),Online banking
Food,THB 35.00,🍴Eating_JUL24 (https://app.notion.com/p/Eating_JUL24-7cb7fc69c9d643ac8fba3056fe0f0a0e?pvs=21),No,"July 2, 2024",July 24 (https://app.notion.com/p/July-24-f8bc5305397e49e194ac2b0f1fc1ddd9?pvs=21),Online banking
Water,THB 47.00,🍴Eating_JUL24 (https://app.notion.com/p/Eating_JUL24-7cb7fc69c9d643ac8fba3056fe0f0a0e?pvs=21),No,"July 2, 2024",July 24 (https://app.notion.com/p/July-24-f8bc5305397e49e194ac2b0f1fc1ddd9?pvs=21),Online banking
Seven,THB 74.00,🍴Eating_JUL24 (https://app.notion.com/p/Eating_JUL24-7cb7fc69c9d643ac8fba3056fe0f0a0e?pvs=21),No,"July 3, 2024",July 24 (https://app.notion.com/p/July-24-f8bc5305397e49e194ac2b0f1fc1ddd9?pvs=21),Online banking
Meji,THB 49.00,🍴Eating_JUL24 (https://app.notion.com/p/Eating_JUL24-7cb7fc69c9d643ac8fba3056fe0f0a0e?pvs=21),No,"July 4, 2024",July 24 (https://app.notion.com/p/July-24-f8bc5305397e49e194ac2b0f1fc1ddd9?pvs=21),Online banking
Food,THB 50.00,🍴Eating_JUL24 (https://app.notion.com/p/Eating_JUL24-7cb7fc69c9d643ac8fba3056fe0f0a0e?pvs=21),No,"July 4, 2024",July 24 (https://app.notion.com/p/July-24-f8bc5305397e49e194ac2b0f1fc1ddd9?pvs=21),Online banking
ถ่ายเอกสาร,THB 135.00,📖Education_JUL24 (https://app.notion.com/p/Education_JUL24-cd442492189a44bbab16137055333f00?pvs=21),No,"July 4, 2024",July 24 (https://app.notion.com/p/July-24-f8bc5305397e49e194ac2b0f1fc1ddd9?pvs=21),Online banking
" ข้าวไข่ข้น",THB 65.00,🍴Eating_JUL24 (https://app.notion.com/p/Eating_JUL24-7cb7fc69c9d643ac8fba3056fe0f0a0e?pvs=21),No,"July 3, 2024",July 24 (https://app.notion.com/p/July-24-f8bc5305397e49e194ac2b0f1fc1ddd9?pvs=21),Credit card
ข้าวต้มย้ง,THB 140.00,🍴Eating_JUL24 (https://app.notion.com/p/Eating_JUL24-7cb7fc69c9d643ac8fba3056fe0f0a0e?pvs=21),No,"July 5, 2024",July 24 (https://app.notion.com/p/July-24-f8bc5305397e49e194ac2b0f1fc1ddd9?pvs=21),Online banking
เต้าทึง,THB 50.00,🍴Eating_JUL24 (https://app.notion.com/p/Eating_JUL24-7cb7fc69c9d643ac8fba3056fe0f0a0e?pvs=21),No,"July 5, 2024",July 24 (https://app.notion.com/p/July-24-f8bc5305397e49e194ac2b0f1fc1ddd9?pvs=21),Online banking
กาแฟห้องสมุด,THB 45.00,🍴Eating_JUL24 (https://app.notion.com/p/Eating_JUL24-7cb7fc69c9d643ac8fba3056fe0f0a0e?pvs=21),No,"July 6, 2024",July 24 (https://app.notion.com/p/July-24-f8bc5305397e49e194ac2b0f1fc1ddd9?pvs=21),Online banking
Food,THB 40.00,🍴Eating_JUL24 (https://app.notion.com/p/Eating_JUL24-7cb7fc69c9d643ac8fba3056fe0f0a0e?pvs=21),No,"July 6, 2024",July 24 (https://app.notion.com/p/July-24-f8bc5305397e49e194ac2b0f1fc1ddd9?pvs=21),Online banking
ขนมฝากพี่เคน,THB 40.00,🍴Eating_JUL24 (https://app.notion.com/p/Eating_JUL24-7cb7fc69c9d643ac8fba3056fe0f0a0e?pvs=21),No,"July 6, 2024",July 24 (https://app.notion.com/p/July-24-f8bc5305397e49e194ac2b0f1fc1ddd9?pvs=21),Online banking
SF,THB 240.00,🎮Entertainment_JUL24 (https://app.notion.com/p/Entertainment_JUL24-89ce976ac3ff434c9ae6df0d64a5b0e0?pvs=21),No,"July 6, 2024",July 24 (https://app.notion.com/p/July-24-f8bc5305397e49e194ac2b0f1fc1ddd9?pvs=21),Online banking
เกม,THB 20.00,🎮Entertainment_JUL24 (https://app.notion.com/p/Entertainment_JUL24-89ce976ac3ff434c9ae6df0d64a5b0e0?pvs=21),No,"July 6, 2024",July 24 (https://app.notion.com/p/July-24-f8bc5305397e49e194ac2b0f1fc1ddd9?pvs=21),Online banking
Yayoi,THB 521.60,🍴Eating_JUL24 (https://app.notion.com/p/Eating_JUL24-7cb7fc69c9d643ac8fba3056fe0f0a0e?pvs=21),No,"July 6, 2024",July 24 (https://app.notion.com/p/July-24-f8bc5305397e49e194ac2b0f1fc1ddd9?pvs=21),Online banking
ข้าวหอดอก,THB 105.00,🍴Eating_JUL24 (https://app.notion.com/p/Eating_JUL24-7cb7fc69c9d643ac8fba3056fe0f0a0e?pvs=21),No,"July 7, 2024",July 24 (https://app.notion.com/p/July-24-f8bc5305397e49e194ac2b0f1fc1ddd9?pvs=21),Online banking
Seven,THB 52.00,🍴Eating_JUL24 (https://app.notion.com/p/Eating_JUL24-7cb7fc69c9d643ac8fba3056fe0f0a0e?pvs=21),No,"July 7, 2024",July 24 (https://app.notion.com/p/July-24-f8bc5305397e49e194ac2b0f1fc1ddd9?pvs=21),Online banking
Thyme Time,THB 410.00,🍴Eating_JUL24 (https://app.notion.com/p/Eating_JUL24-7cb7fc69c9d643ac8fba3056fe0f0a0e?pvs=21),No,"July 7, 2024",July 24 (https://app.notion.com/p/July-24-f8bc5305397e49e194ac2b0f1fc1ddd9?pvs=21),Online banking
Mcdonale,THB 70.00,🍴Eating_JUL24 (https://app.notion.com/p/Eating_JUL24-7cb7fc69c9d643ac8fba3056fe0f0a0e?pvs=21),No,"July 8, 2024",July 24 (https://app.notion.com/p/July-24-f8bc5305397e49e194ac2b0f1fc1ddd9?pvs=21),Online banking
Book,THB 888.00,📖Education_JUL24 (https://app.notion.com/p/Education_JUL24-cd442492189a44bbab16137055333f00?pvs=21),No,"July 8, 2024",July 24 (https://app.notion.com/p/July-24-f8bc5305397e49e194ac2b0f1fc1ddd9?pvs=21),Online banking
กระเพราหมู,THB 54.00,🍴Eating_JUL24 (https://app.notion.com/p/Eating_JUL24-7cb7fc69c9d643ac8fba3056fe0f0a0e?pvs=21),No,"July 8, 2024",July 24 (https://app.notion.com/p/July-24-f8bc5305397e49e194ac2b0f1fc1ddd9?pvs=21),Credit card
Grab,THB 107.00,🛢️Transportation_JUL24 (https://app.notion.com/p/Transportation_JUL24-e3d71bbca8c84a489b522209134c058a?pvs=21),No,"July 9, 2024",July 24 (https://app.notion.com/p/July-24-f8bc5305397e49e194ac2b0f1fc1ddd9?pvs=21),Credit card
Food,THB 22.00,🍴Eating_JUL24 (https://app.notion.com/p/Eating_JUL24-7cb7fc69c9d643ac8fba3056fe0f0a0e?pvs=21),No,"July 9, 2024",July 24 (https://app.notion.com/p/July-24-f8bc5305397e49e194ac2b0f1fc1ddd9?pvs=21),Online banking
ผัดไทย,THB 62.00,🍴Eating_JUL24 (https://app.notion.com/p/Eating_JUL24-7cb7fc69c9d643ac8fba3056fe0f0a0e?pvs=21),No,"July 9, 2024",July 24 (https://app.notion.com/p/July-24-f8bc5305397e49e194ac2b0f1fc1ddd9?pvs=21),Credit card
Shopping,THB 79.00,🛍️Shopping_JUL24 (https://app.notion.com/p/Shopping_JUL24-981cbd7749454e7f9c54d800762a9351?pvs=21),No,"July 9, 2024",July 24 (https://app.notion.com/p/July-24-f8bc5305397e49e194ac2b0f1fc1ddd9?pvs=21),Online banking
กระเพราหมูสับไข่ดาว,THB 50.00,🍴Eating_JUL24 (https://app.notion.com/p/Eating_JUL24-7cb7fc69c9d643ac8fba3056fe0f0a0e?pvs=21),No,"July 10, 2024",July 24 (https://app.notion.com/p/July-24-f8bc5305397e49e194ac2b0f1fc1ddd9?pvs=21),Online banking
สุกี้หมู,THB 35.00,🍴Eating_JUL24 (https://app.notion.com/p/Eating_JUL24-7cb7fc69c9d643ac8fba3056fe0f0a0e?pvs=21),No,"July 10, 2024",July 24 (https://app.notion.com/p/July-24-f8bc5305397e49e194ac2b0f1fc1ddd9?pvs=21),Online banking
Food,THB 57.00,🍴Eating_JUL24 (https://app.notion.com/p/Eating_JUL24-7cb7fc69c9d643ac8fba3056fe0f0a0e?pvs=21),No,"July 10, 2024",July 24 (https://app.notion.com/p/July-24-f8bc5305397e49e194ac2b0f1fc1ddd9?pvs=21),Online banking
กระเพรา,THB 61.00,🍴Eating_JUL24 (https://app.notion.com/p/Eating_JUL24-7cb7fc69c9d643ac8fba3056fe0f0a0e?pvs=21),No,"July 11, 2024",July 24 (https://app.notion.com/p/July-24-f8bc5305397e49e194ac2b0f1fc1ddd9?pvs=21),Credit card
ข้าวผัด,THB 35.00,🍴Eating_JUL24 (https://app.notion.com/p/Eating_JUL24-7cb7fc69c9d643ac8fba3056fe0f0a0e?pvs=21),No,"July 11, 2024",July 24 (https://app.notion.com/p/July-24-f8bc5305397e49e194ac2b0f1fc1ddd9?pvs=21),Online banking
Coffee,THB 17.00,🍴Eating_JUL24 (https://app.notion.com/p/Eating_JUL24-7cb7fc69c9d643ac8fba3056fe0f0a0e?pvs=21),No,"July 12, 2024",July 24 (https://app.notion.com/p/July-24-f8bc5305397e49e194ac2b0f1fc1ddd9?pvs=21),Online banking
Food,THB 30.00,🍴Eating_JUL24 (https://app.notion.com/p/Eating_JUL24-7cb7fc69c9d643ac8fba3056fe0f0a0e?pvs=21),No,"July 12, 2024",July 24 (https://app.notion.com/p/July-24-f8bc5305397e49e194ac2b0f1fc1ddd9?pvs=21),Online banking
Salad khunnai,THB 121.00,🍴Eating_JUL24 (https://app.notion.com/p/Eating_JUL24-7cb7fc69c9d643ac8fba3056fe0f0a0e?pvs=21),No,"July 12, 2024",July 24 (https://app.notion.com/p/July-24-f8bc5305397e49e194ac2b0f1fc1ddd9?pvs=21),Credit card
ไอติม ขนมพีลพีล,THB 84.00,🍴Eating_JUL24 (https://app.notion.com/p/Eating_JUL24-7cb7fc69c9d643ac8fba3056fe0f0a0e?pvs=21),No,"July 12, 2024",July 24 (https://app.notion.com/p/July-24-f8bc5305397e49e194ac2b0f1fc1ddd9?pvs=21),Online banking
กาแฟห้องสมุด,THB 45.00,🍴Eating_JUL24 (https://app.notion.com/p/Eating_JUL24-7cb7fc69c9d643ac8fba3056fe0f0a0e?pvs=21),No,"July 13, 2024",July 24 (https://app.notion.com/p/July-24-f8bc5305397e49e194ac2b0f1fc1ddd9?pvs=21),Online banking
ข้าวราดแกง,THB 90.00,🍴Eating_JUL24 (https://app.notion.com/p/Eating_JUL24-7cb7fc69c9d643ac8fba3056fe0f0a0e?pvs=21),No,"July 13, 2024",July 24 (https://app.notion.com/p/July-24-f8bc5305397e49e194ac2b0f1fc1ddd9?pvs=21),Online banking
สลัดคุนนาย,THB 289.00,🍴Eating_JUL24 (https://app.notion.com/p/Eating_JUL24-7cb7fc69c9d643ac8fba3056fe0f0a0e?pvs=21),No,"July 13, 2024",July 24 (https://app.notion.com/p/July-24-f8bc5305397e49e194ac2b0f1fc1ddd9?pvs=21),Online banking
Seven กาแฟ น้ำ ขนม,THB 41.00,🍴Eating_JUL24 (https://app.notion.com/p/Eating_JUL24-7cb7fc69c9d643ac8fba3056fe0f0a0e?pvs=21),No,"July 14, 2024",July 24 (https://app.notion.com/p/July-24-f8bc5305397e49e194ac2b0f1fc1ddd9?pvs=21),Online banking
ข้าวซอยหมูตุ๋น,THB 60.00,🍴Eating_JUL24 (https://app.notion.com/p/Eating_JUL24-7cb7fc69c9d643ac8fba3056fe0f0a0e?pvs=21),No,"July 14, 2024",July 24 (https://app.notion.com/p/July-24-f8bc5305397e49e194ac2b0f1fc1ddd9?pvs=21),Online banking
Fernpresso,THB 150.00,🍴Eating_JUL24 (https://app.notion.com/p/Eating_JUL24-7cb7fc69c9d643ac8fba3056fe0f0a0e?pvs=21),No,"July 14, 2024",July 24 (https://app.notion.com/p/July-24-f8bc5305397e49e194ac2b0f1fc1ddd9?pvs=21),Online banking
Maxim,THB 85.00,🛢️Transportation_JUL24 (https://app.notion.com/p/Transportation_JUL24-e3d71bbca8c84a489b522209134c058a?pvs=21),No,"July 15, 2024",July 24 (https://app.notion.com/p/July-24-f8bc5305397e49e194ac2b0f1fc1ddd9?pvs=21),Credit card
ข้าวผัด,THB 40.00,🍴Eating_JUL24 (https://app.notion.com/p/Eating_JUL24-7cb7fc69c9d643ac8fba3056fe0f0a0e?pvs=21),No,"July 15, 2024",July 24 (https://app.notion.com/p/July-24-f8bc5305397e49e194ac2b0f1fc1ddd9?pvs=21),Online banking
Food,THB 50.00,🍴Eating_JUL24 (https://app.notion.com/p/Eating_JUL24-7cb7fc69c9d643ac8fba3056fe0f0a0e?pvs=21),No,"July 15, 2024",July 24 (https://app.notion.com/p/July-24-f8bc5305397e49e194ac2b0f1fc1ddd9?pvs=21),Online banking
Food,THB 35.00,🍴Eating_JUL24 (https://app.notion.com/p/Eating_JUL24-7cb7fc69c9d643ac8fba3056fe0f0a0e?pvs=21),No,"July 15, 2024",July 24 (https://app.notion.com/p/July-24-f8bc5305397e49e194ac2b0f1fc1ddd9?pvs=21),Online banking
ข้าวผัดหมู,THB 40.00,🍴Eating_JUL24 (https://app.notion.com/p/Eating_JUL24-7cb7fc69c9d643ac8fba3056fe0f0a0e?pvs=21),No,"July 16, 2024",July 24 (https://app.notion.com/p/July-24-f8bc5305397e49e194ac2b0f1fc1ddd9?pvs=21),Online banking
กระเพราหมูสับไข่ดาว,THB 50.00,🍴Eating_JUL24 (https://app.notion.com/p/Eating_JUL24-7cb7fc69c9d643ac8fba3056fe0f0a0e?pvs=21),No,"July 16, 2024",July 24 (https://app.notion.com/p/July-24-f8bc5305397e49e194ac2b0f1fc1ddd9?pvs=21),Online banking
Seven,THB 35.00,🍴Eating_JUL24 (https://app.notion.com/p/Eating_JUL24-7cb7fc69c9d643ac8fba3056fe0f0a0e?pvs=21),No,"July 16, 2024",July 24 (https://app.notion.com/p/July-24-f8bc5305397e49e194ac2b0f1fc1ddd9?pvs=21),Online banking
ข้าวผัดหมู,THB 50.00,🍴Eating_JUL24 (https://app.notion.com/p/Eating_JUL24-7cb7fc69c9d643ac8fba3056fe0f0a0e?pvs=21),No,"July 17, 2024",July 24 (https://app.notion.com/p/July-24-f8bc5305397e49e194ac2b0f1fc1ddd9?pvs=21),Online banking
คะน้าหมูสับ,THB 65.00,🍴Eating_JUL24 (https://app.notion.com/p/Eating_JUL24-7cb7fc69c9d643ac8fba3056fe0f0a0e?pvs=21),No,"July 17, 2024",July 24 (https://app.notion.com/p/July-24-f8bc5305397e49e194ac2b0f1fc1ddd9?pvs=21),Credit card
กระเพราหมูสับไข่ดาว,THB 60.00,🍴Eating_JUL24 (https://app.notion.com/p/Eating_JUL24-7cb7fc69c9d643ac8fba3056fe0f0a0e?pvs=21),No,"July 18, 2024",July 24 (https://app.notion.com/p/July-24-f8bc5305397e49e194ac2b0f1fc1ddd9?pvs=21),Credit card
Food,THB 69.00,🍴Eating_JUL24 (https://app.notion.com/p/Eating_JUL24-7cb7fc69c9d643ac8fba3056fe0f0a0e?pvs=21),No,"July 19, 2024",July 24 (https://app.notion.com/p/July-24-f8bc5305397e49e194ac2b0f1fc1ddd9?pvs=21),Online banking
Salad khunnai,THB 224.00,🍴Eating_JUL24 (https://app.notion.com/p/Eating_JUL24-7cb7fc69c9d643ac8fba3056fe0f0a0e?pvs=21),No,"July 19, 2024",July 24 (https://app.notion.com/p/July-24-f8bc5305397e49e194ac2b0f1fc1ddd9?pvs=21),Online banking
Principle + mask,THB 847.00,📖Education_JUL24 (https://app.notion.com/p/Education_JUL24-cd442492189a44bbab16137055333f00?pvs=21),No,"July 19, 2024",July 24 (https://app.notion.com/p/July-24-f8bc5305397e49e194ac2b0f1fc1ddd9?pvs=21),Credit card
Cafe,THB 110.00,🍴Eating_JUL24 (https://app.notion.com/p/Eating_JUL24-7cb7fc69c9d643ac8fba3056fe0f0a0e?pvs=21),No,"July 20, 2024",July 24 (https://app.notion.com/p/July-24-f8bc5305397e49e194ac2b0f1fc1ddd9?pvs=21),Online banking
ข้าวอุทยาน,THB 290.00,🍴Eating_JUL24 (https://app.notion.com/p/Eating_JUL24-7cb7fc69c9d643ac8fba3056fe0f0a0e?pvs=21),No,"July 21, 2024",July 24 (https://app.notion.com/p/July-24-f8bc5305397e49e194ac2b0f1fc1ddd9?pvs=21),Online banking
ถั่วทอด,THB 240.00,❤️Lover_JUL24 (https://app.notion.com/p/Lover_JUL24-3fd21a018438432f89fa05b41f7d53b8?pvs=21),No,"July 21, 2024",July 24 (https://app.notion.com/p/July-24-f8bc5305397e49e194ac2b0f1fc1ddd9?pvs=21),Online banking
หมาล่าทั่ง,"THB 1,083.00",🍴Eating_JUL24 (https://app.notion.com/p/Eating_JUL24-7cb7fc69c9d643ac8fba3056fe0f0a0e?pvs=21),No,"July 21, 2024",July 24 (https://app.notion.com/p/July-24-f8bc5305397e49e194ac2b0f1fc1ddd9?pvs=21),Online banking
Oil,THB 850.00,🛢️Transportation_JUL24 (https://app.notion.com/p/Transportation_JUL24-e3d71bbca8c84a489b522209134c058a?pvs=21),No,"July 22, 2024",July 24 (https://app.notion.com/p/July-24-f8bc5305397e49e194ac2b0f1fc1ddd9?pvs=21),Credit card
กาว,THB 20.00,🛍️Shopping_JUL24 (https://app.notion.com/p/Shopping_JUL24-981cbd7749454e7f9c54d800762a9351?pvs=21),No,"July 22, 2024",July 24 (https://app.notion.com/p/July-24-f8bc5305397e49e194ac2b0f1fc1ddd9?pvs=21),Online banking
ผลไม้,THB 50.00,🍴Eating_JUL24 (https://app.notion.com/p/Eating_JUL24-7cb7fc69c9d643ac8fba3056fe0f0a0e?pvs=21),No,"July 22, 2024",July 24 (https://app.notion.com/p/July-24-f8bc5305397e49e194ac2b0f1fc1ddd9?pvs=21),Online banking
Food,THB 35.00,🍴Eating_JUL24 (https://app.notion.com/p/Eating_JUL24-7cb7fc69c9d643ac8fba3056fe0f0a0e?pvs=21),No,"July 23, 2024",July 24 (https://app.notion.com/p/July-24-f8bc5305397e49e194ac2b0f1fc1ddd9?pvs=21),Online banking
Wong cafe,THB 69.00,🍴Eating_JUL24 (https://app.notion.com/p/Eating_JUL24-7cb7fc69c9d643ac8fba3056fe0f0a0e?pvs=21),No,"July 23, 2024",July 24 (https://app.notion.com/p/July-24-f8bc5305397e49e194ac2b0f1fc1ddd9?pvs=21),Online banking
ข้าวผัดหมู,THB 40.00,🍴Eating_JUL24 (https://app.notion.com/p/Eating_JUL24-7cb7fc69c9d643ac8fba3056fe0f0a0e?pvs=21),No,"July 23, 2024",July 24 (https://app.notion.com/p/July-24-f8bc5305397e49e194ac2b0f1fc1ddd9?pvs=21),Online banking
ผัดไท,THB 45.00,🍴Eating_JUL24 (https://app.notion.com/p/Eating_JUL24-7cb7fc69c9d643ac8fba3056fe0f0a0e?pvs=21),No,"July 24, 2024",July 24 (https://app.notion.com/p/July-24-f8bc5305397e49e194ac2b0f1fc1ddd9?pvs=21),Online banking
Coffee,THB 50.00,🍴Eating_JUL24 (https://app.notion.com/p/Eating_JUL24-7cb7fc69c9d643ac8fba3056fe0f0a0e?pvs=21),No,"July 24, 2024",July 24 (https://app.notion.com/p/July-24-f8bc5305397e49e194ac2b0f1fc1ddd9?pvs=21),Online banking
น้ำ ข้าวเซเว่น,THB 95.00,🍴Eating_JUL24 (https://app.notion.com/p/Eating_JUL24-7cb7fc69c9d643ac8fba3056fe0f0a0e?pvs=21),No,"July 24, 2024",July 24 (https://app.notion.com/p/July-24-f8bc5305397e49e194ac2b0f1fc1ddd9?pvs=21),Online banking
กระเพราไข่ดาว,THB 50.00,🍴Eating_JUL24 (https://app.notion.com/p/Eating_JUL24-7cb7fc69c9d643ac8fba3056fe0f0a0e?pvs=21),No,"July 25, 2024",July 24 (https://app.notion.com/p/July-24-f8bc5305397e49e194ac2b0f1fc1ddd9?pvs=21),Online banking
คะน้าหมูสับไข่เจียว,THB 61.00,🍴Eating_JUL24 (https://app.notion.com/p/Eating_JUL24-7cb7fc69c9d643ac8fba3056fe0f0a0e?pvs=21),No,"July 25, 2024",July 24 (https://app.notion.com/p/July-24-f8bc5305397e49e194ac2b0f1fc1ddd9?pvs=21),Credit card
Food,THB 74.00,🍴Eating_JUL24 (https://app.notion.com/p/Eating_JUL24-7cb7fc69c9d643ac8fba3056fe0f0a0e?pvs=21),No,"July 26, 2024",July 24 (https://app.notion.com/p/July-24-f8bc5305397e49e194ac2b0f1fc1ddd9?pvs=21),Credit card
Food,THB 25.00,🍴Eating_JUL24 (https://app.notion.com/p/Eating_JUL24-7cb7fc69c9d643ac8fba3056fe0f0a0e?pvs=21),No,"July 27, 2024",July 24 (https://app.notion.com/p/July-24-f8bc5305397e49e194ac2b0f1fc1ddd9?pvs=21),Online banking
สลัดคุณนาย,THB 115.00,🍴Eating_JUL24 (https://app.notion.com/p/Eating_JUL24-7cb7fc69c9d643ac8fba3056fe0f0a0e?pvs=21),No,"July 27, 2024",July 24 (https://app.notion.com/p/July-24-f8bc5305397e49e194ac2b0f1fc1ddd9?pvs=21),Credit card
Food,THB 25.00,🍴Eating_JUL24 (https://app.notion.com/p/Eating_JUL24-7cb7fc69c9d643ac8fba3056fe0f0a0e?pvs=21),No,"July 28, 2024",July 24 (https://app.notion.com/p/July-24-f8bc5305397e49e194ac2b0f1fc1ddd9?pvs=21),Online banking
กระเพรากระด้ง,THB 61.00,🍴Eating_JUL24 (https://app.notion.com/p/Eating_JUL24-7cb7fc69c9d643ac8fba3056fe0f0a0e?pvs=21),No,"July 28, 2024",July 24 (https://app.notion.com/p/July-24-f8bc5305397e49e194ac2b0f1fc1ddd9?pvs=21),Online banking
General coffee,THB 150.00,🍴Eating_JUL24 (https://app.notion.com/p/Eating_JUL24-7cb7fc69c9d643ac8fba3056fe0f0a0e?pvs=21),No,"July 29, 2024",July 24 (https://app.notion.com/p/July-24-f8bc5305397e49e194ac2b0f1fc1ddd9?pvs=21),Online banking
Crazy curry,THB 200.00,🍴Eating_JUL24 (https://app.notion.com/p/Eating_JUL24-7cb7fc69c9d643ac8fba3056fe0f0a0e?pvs=21),No,"July 29, 2024",July 24 (https://app.notion.com/p/July-24-f8bc5305397e49e194ac2b0f1fc1ddd9?pvs=21),Online banking
Rose salie,THB 65.00,🍴Eating_JUL24 (https://app.notion.com/p/Eating_JUL24-7cb7fc69c9d643ac8fba3056fe0f0a0e?pvs=21),No,"July 30, 2024",July 24 (https://app.notion.com/p/July-24-f8bc5305397e49e194ac2b0f1fc1ddd9?pvs=21),Online banking
กระเพรา ไข่เจียว,THB 75.00,🍴Eating_JUL24 (https://app.notion.com/p/Eating_JUL24-7cb7fc69c9d643ac8fba3056fe0f0a0e?pvs=21),No,"July 30, 2024",July 24 (https://app.notion.com/p/July-24-f8bc5305397e49e194ac2b0f1fc1ddd9?pvs=21),Credit card
Food,THB 45.00,🍴Eating_JUL24 (https://app.notion.com/p/Eating_JUL24-7cb7fc69c9d643ac8fba3056fe0f0a0e?pvs=21),No,"July 31, 2024",July 24 (https://app.notion.com/p/July-24-f8bc5305397e49e194ac2b0f1fc1ddd9?pvs=21),Online banking
กระเพราหมูสับไข่ดาว,THB 50.00,🍴Eating_AUG24 (https://app.notion.com/p/Eating_AUG24-e889ac00c5824f6586259ea090b2ec89?pvs=21),No,"August 1, 2024",August 24 (https://app.notion.com/p/August-24-e7a234e3dd654ea6abe42c7c1413082e?pvs=21),Online banking
Seven,THB 49.00,🍴Eating_AUG24 (https://app.notion.com/p/Eating_AUG24-e889ac00c5824f6586259ea090b2ec89?pvs=21),No,"August 1, 2024",August 24 (https://app.notion.com/p/August-24-e7a234e3dd654ea6abe42c7c1413082e?pvs=21),Online banking
Food,THB 50.00,🍴Eating_AUG24 (https://app.notion.com/p/Eating_AUG24-e889ac00c5824f6586259ea090b2ec89?pvs=21),No,"August 2, 2024",August 24 (https://app.notion.com/p/August-24-e7a234e3dd654ea6abe42c7c1413082e?pvs=21),Online banking
Soul,THB 420.00,🍴Eating_AUG24 (https://app.notion.com/p/Eating_AUG24-e889ac00c5824f6586259ea090b2ec89?pvs=21),No,"August 2, 2024",August 24 (https://app.notion.com/p/August-24-e7a234e3dd654ea6abe42c7c1413082e?pvs=21),Online banking
Grab,THB 98.00,🛢️Transportation_JUL24 (https://app.notion.com/p/Transportation_JUL24-e3d71bbca8c84a489b522209134c058a?pvs=21),No,"July 23, 2024",July 24 (https://app.notion.com/p/July-24-f8bc5305397e49e194ac2b0f1fc1ddd9?pvs=21),Credit card
ปอเปี๊ยะ,THB 25.00,🍴Eating_AUG24 (https://app.notion.com/p/Eating_AUG24-e889ac00c5824f6586259ea090b2ec89?pvs=21),No,"August 3, 2024",August 24 (https://app.notion.com/p/August-24-e7a234e3dd654ea6abe42c7c1413082e?pvs=21),Online banking
Salad farm,THB 255.00,🍴Eating_AUG24 (https://app.notion.com/p/Eating_AUG24-e889ac00c5824f6586259ea090b2ec89?pvs=21),No,"August 3, 2024",August 24 (https://app.notion.com/p/August-24-e7a234e3dd654ea6abe42c7c1413082e?pvs=21),Online banking
Coffee,THB 45.00,🍴Eating_AUG24 (https://app.notion.com/p/Eating_AUG24-e889ac00c5824f6586259ea090b2ec89?pvs=21),No,"August 3, 2024",August 24 (https://app.notion.com/p/August-24-e7a234e3dd654ea6abe42c7c1413082e?pvs=21),Online banking
ปากกา commu,THB 90.00,🛍️Shopping_AUG24 (https://app.notion.com/p/Shopping_AUG24-014b88b92ce846cb84b01550d5a209ae?pvs=21),No,"August 4, 2024",August 24 (https://app.notion.com/p/August-24-e7a234e3dd654ea6abe42c7c1413082e?pvs=21),Credit card
Oil,THB 900.00,🛢️Transportation_AUG24 (https://app.notion.com/p/Transportation_AUG24-fc5178b1e2fb4c319054273953fbb96f?pvs=21),No,"August 5, 2024",August 24 (https://app.notion.com/p/August-24-e7a234e3dd654ea6abe42c7c1413082e?pvs=21),Credit card
ผัดไท,THB 40.00,🍴Eating_AUG24 (https://app.notion.com/p/Eating_AUG24-e889ac00c5824f6586259ea090b2ec89?pvs=21),No,"August 6, 2024",August 24 (https://app.notion.com/p/August-24-e7a234e3dd654ea6abe42c7c1413082e?pvs=21),Online banking
กระเพรา,THB 76.00,🍴Eating_AUG24 (https://app.notion.com/p/Eating_AUG24-e889ac00c5824f6586259ea090b2ec89?pvs=21),No,"August 6, 2024",August 24 (https://app.notion.com/p/August-24-e7a234e3dd654ea6abe42c7c1413082e?pvs=21),Credit card
ข้าว + กาแฟ,THB 130.00,🍴Eating_AUG24 (https://app.notion.com/p/Eating_AUG24-e889ac00c5824f6586259ea090b2ec89?pvs=21),No,"August 7, 2024",August 24 (https://app.notion.com/p/August-24-e7a234e3dd654ea6abe42c7c1413082e?pvs=21),Online banking
ปากกา,THB 110.00,🛍️Shopping_AUG24 (https://app.notion.com/p/Shopping_AUG24-014b88b92ce846cb84b01550d5a209ae?pvs=21),No,"August 7, 2024",August 24 (https://app.notion.com/p/August-24-e7a234e3dd654ea6abe42c7c1413082e?pvs=21),Online banking
Coffee Oatside Granola,"THB 2,147.28",🛍️Shopping_AUG24 (https://app.notion.com/p/Shopping_AUG24-014b88b92ce846cb84b01550d5a209ae?pvs=21),No,"August 8, 2024",August 24 (https://app.notion.com/p/August-24-e7a234e3dd654ea6abe42c7c1413082e?pvs=21),Credit card
Yuzu ยาหยอด,THB 384.00,🐱Cat_AUG24 (https://app.notion.com/p/Cat_AUG24-e8d521bd8dec4177958dde979fbabe1c?pvs=21),No,"August 8, 2024",August 24 (https://app.notion.com/p/August-24-e7a234e3dd654ea6abe42c7c1413082e?pvs=21),Credit card
ขนมปังปิ้ง,THB 70.00,🍴Eating_AUG24 (https://app.notion.com/p/Eating_AUG24-e889ac00c5824f6586259ea090b2ec89?pvs=21),No,"August 8, 2024",August 24 (https://app.notion.com/p/August-24-e7a234e3dd654ea6abe42c7c1413082e?pvs=21),Online banking
เสื้อวันเกิด,THB 589.00,🛍️Shopping_AUG24 (https://app.notion.com/p/Shopping_AUG24-014b88b92ce846cb84b01550d5a209ae?pvs=21),No,"August 8, 2024",August 24 (https://app.notion.com/p/August-24-e7a234e3dd654ea6abe42c7c1413082e?pvs=21),Credit card
Seven,THB 87.00,🍴Eating_AUG24 (https://app.notion.com/p/Eating_AUG24-e889ac00c5824f6586259ea090b2ec89?pvs=21),No,"August 9, 2024",August 24 (https://app.notion.com/p/August-24-e7a234e3dd654ea6abe42c7c1413082e?pvs=21),Online banking
Oil,THB 770.00,🛢️Transportation_AUG24 (https://app.notion.com/p/Transportation_AUG24-fc5178b1e2fb4c319054273953fbb96f?pvs=21),No,"August 10, 2024",August 24 (https://app.notion.com/p/August-24-e7a234e3dd654ea6abe42c7c1413082e?pvs=21),Credit card
Seven,THB 90.00,🍴Eating_AUG24 (https://app.notion.com/p/Eating_AUG24-e889ac00c5824f6586259ea090b2ec89?pvs=21),No,"August 10, 2024",August 24 (https://app.notion.com/p/August-24-e7a234e3dd654ea6abe42c7c1413082e?pvs=21),Online banking
ของฝาก,THB 120.00,🍴Eating_AUG24 (https://app.notion.com/p/Eating_AUG24-e889ac00c5824f6586259ea090b2ec89?pvs=21),No,"August 10, 2024",August 24 (https://app.notion.com/p/August-24-e7a234e3dd654ea6abe42c7c1413082e?pvs=21),Online banking
Coffee,THB 160.00,🍴Eating_AUG24 (https://app.notion.com/p/Eating_AUG24-e889ac00c5824f6586259ea090b2ec89?pvs=21),No,"August 10, 2024",August 24 (https://app.notion.com/p/August-24-e7a234e3dd654ea6abe42c7c1413082e?pvs=21),Online banking
กกน,THB 73.00,🛍️Shopping_AUG24 (https://app.notion.com/p/Shopping_AUG24-014b88b92ce846cb84b01550d5a209ae?pvs=21),No,"August 11, 2024",August 24 (https://app.notion.com/p/August-24-e7a234e3dd654ea6abe42c7c1413082e?pvs=21),Online banking
แว่นตา,"THB 13,000.00",🛍️Shopping_AUG24 (https://app.notion.com/p/Shopping_AUG24-014b88b92ce846cb84b01550d5a209ae?pvs=21),No,"August 11, 2024",August 24 (https://app.notion.com/p/August-24-e7a234e3dd654ea6abe42c7c1413082e?pvs=21),Online banking
เครื่องบิน,"THB 3,289.76",✈️Travel_AUG24 (https://app.notion.com/p/Travel_AUG24-b76c573e33354ae6a9eb5aeb49bad2db?pvs=21),No,"August 11, 2024",August 24 (https://app.notion.com/p/August-24-e7a234e3dd654ea6abe42c7c1413082e?pvs=21),Credit card
โกปี้ฮับ,THB 500.00,🍴Eating_AUG24 (https://app.notion.com/p/Eating_AUG24-e889ac00c5824f6586259ea090b2ec89?pvs=21),No,"August 11, 2024",August 24 (https://app.notion.com/p/August-24-e7a234e3dd654ea6abe42c7c1413082e?pvs=21),Online banking
Food,THB 30.00,🍴Eating_AUG24 (https://app.notion.com/p/Eating_AUG24-e889ac00c5824f6586259ea090b2ec89?pvs=21),No,"August 11, 2024",August 24 (https://app.notion.com/p/August-24-e7a234e3dd654ea6abe42c7c1413082e?pvs=21),Online banking
Hop,THB 40.00,🍴Eating_AUG24 (https://app.notion.com/p/Eating_AUG24-e889ac00c5824f6586259ea090b2ec89?pvs=21),No,"August 12, 2024",August 24 (https://app.notion.com/p/August-24-e7a234e3dd654ea6abe42c7c1413082e?pvs=21),Online banking
ก๋วยเตี๋ยว,THB 100.00,🍴Eating_AUG24 (https://app.notion.com/p/Eating_AUG24-e889ac00c5824f6586259ea090b2ec89?pvs=21),No,"August 12, 2024",August 24 (https://app.notion.com/p/August-24-e7a234e3dd654ea6abe42c7c1413082e?pvs=21),Online banking
ตัดผม,THB 130.00,💊Health & Fitness_AUG24 (https://app.notion.com/p/Health-Fitness_AUG24-158b409778c14ca6986ef6d59b2f96c8?pvs=21),No,"August 12, 2024",August 24 (https://app.notion.com/p/August-24-e7a234e3dd654ea6abe42c7c1413082e?pvs=21),
หมูกระเทียมไข่ดาว,THB 50.00,🍴Eating_AUG24 (https://app.notion.com/p/Eating_AUG24-e889ac00c5824f6586259ea090b2ec89?pvs=21),No,"August 13, 2024",August 24 (https://app.notion.com/p/August-24-e7a234e3dd654ea6abe42c7c1413082e?pvs=21),Online banking
คะน้าปลากระป๋องไข่เจียว,THB 75.00,🍴Eating_AUG24 (https://app.notion.com/p/Eating_AUG24-e889ac00c5824f6586259ea090b2ec89?pvs=21),No,"August 13, 2024",August 24 (https://app.notion.com/p/August-24-e7a234e3dd654ea6abe42c7c1413082e?pvs=21),Credit card
Kahoot,THB 85.00,📖Education_AUG24 (https://app.notion.com/p/Education_AUG24-bbc0366051cc469fb042d3a838de7497?pvs=21),No,"August 15, 2024",August 24 (https://app.notion.com/p/August-24-e7a234e3dd654ea6abe42c7c1413082e?pvs=21),
กระเพราหมู ไข่ดาว,THB 50.00,🍴Eating_AUG24 (https://app.notion.com/p/Eating_AUG24-e889ac00c5824f6586259ea090b2ec89?pvs=21),No,"August 15, 2024",August 24 (https://app.notion.com/p/August-24-e7a234e3dd654ea6abe42c7c1413082e?pvs=21),Online banking
ข้าวผัดไข่,THB 50.00,🍴Eating_AUG24 (https://app.notion.com/p/Eating_AUG24-e889ac00c5824f6586259ea090b2ec89?pvs=21),No,"August 16, 2024",August 24 (https://app.notion.com/p/August-24-e7a234e3dd654ea6abe42c7c1413082e?pvs=21),Online banking
Food,THB 21.00,🍴Eating_AUG24 (https://app.notion.com/p/Eating_AUG24-e889ac00c5824f6586259ea090b2ec89?pvs=21),No,"August 16, 2024",August 24 (https://app.notion.com/p/August-24-e7a234e3dd654ea6abe42c7c1413082e?pvs=21),Online banking
" สลัดคุณนาย",THB 309.00,🍴Eating_AUG24 (https://app.notion.com/p/Eating_AUG24-e889ac00c5824f6586259ea090b2ec89?pvs=21),No,"August 16, 2024",August 24 (https://app.notion.com/p/August-24-e7a234e3dd654ea6abe42c7c1413082e?pvs=21),Online banking
ของใช้,THB 414.00,🏠Home_AUG24 (https://app.notion.com/p/Home_AUG24-41c63b2f3f1b4c39b64d2d385e6e3e02?pvs=21),No,"August 16, 2024",August 24 (https://app.notion.com/p/August-24-e7a234e3dd654ea6abe42c7c1413082e?pvs=21),Online banking
Fresh fix,THB 330.00,🍴Eating_AUG24 (https://app.notion.com/p/Eating_AUG24-e889ac00c5824f6586259ea090b2ec89?pvs=21),No,"August 17, 2024",August 24 (https://app.notion.com/p/August-24-e7a234e3dd654ea6abe42c7c1413082e?pvs=21),Online banking
Oil,THB 980.00,🛢️Transportation_AUG24 (https://app.notion.com/p/Transportation_AUG24-fc5178b1e2fb4c319054273953fbb96f?pvs=21),No,"August 18, 2024",August 24 (https://app.notion.com/p/August-24-e7a234e3dd654ea6abe42c7c1413082e?pvs=21),Credit card
กะเพรากระด้ง,THB 120.00,🍴Eating_AUG24 (https://app.notion.com/p/Eating_AUG24-e889ac00c5824f6586259ea090b2ec89?pvs=21),No,"August 18, 2024",August 24 (https://app.notion.com/p/August-24-e7a234e3dd654ea6abe42c7c1413082e?pvs=21),Online banking
Thymetime,THB 230.00,🍴Eating_AUG24 (https://app.notion.com/p/Eating_AUG24-e889ac00c5824f6586259ea090b2ec89?pvs=21),No,"August 18, 2024",August 24 (https://app.notion.com/p/August-24-e7a234e3dd654ea6abe42c7c1413082e?pvs=21),Online banking
Food,THB 50.00,🍴Eating_AUG24 (https://app.notion.com/p/Eating_AUG24-e889ac00c5824f6586259ea090b2ec89?pvs=21),No,"August 19, 2024",August 24 (https://app.notion.com/p/August-24-e7a234e3dd654ea6abe42c7c1413082e?pvs=21),Online banking
ปลาแกะ,THB 70.00,🍴Eating_AUG24 (https://app.notion.com/p/Eating_AUG24-e889ac00c5824f6586259ea090b2ec89?pvs=21),No,"August 19, 2024",August 24 (https://app.notion.com/p/August-24-e7a234e3dd654ea6abe42c7c1413082e?pvs=21),Credit card
ก๋วยเตี๋ยว,THB 30.00,🍴Eating_AUG24 (https://app.notion.com/p/Eating_AUG24-e889ac00c5824f6586259ea090b2ec89?pvs=21),No,"August 20, 2024",August 24 (https://app.notion.com/p/August-24-e7a234e3dd654ea6abe42c7c1413082e?pvs=21),Online banking
KFC,THB 183.00,🍴Eating_AUG24 (https://app.notion.com/p/Eating_AUG24-e889ac00c5824f6586259ea090b2ec89?pvs=21),No,"August 20, 2024",August 24 (https://app.notion.com/p/August-24-e7a234e3dd654ea6abe42c7c1413082e?pvs=21),Credit card
"กระเพราไข่เจียว ",THB 50.00,🍴Eating_AUG24 (https://app.notion.com/p/Eating_AUG24-e889ac00c5824f6586259ea090b2ec89?pvs=21),No,"August 21, 2024",August 24 (https://app.notion.com/p/August-24-e7a234e3dd654ea6abe42c7c1413082e?pvs=21),Online banking
ข้าวต้มย้ง,THB 245.00,🍴Eating_AUG24 (https://app.notion.com/p/Eating_AUG24-e889ac00c5824f6586259ea090b2ec89?pvs=21),No,"August 22, 2024",August 24 (https://app.notion.com/p/August-24-e7a234e3dd654ea6abe42c7c1413082e?pvs=21),Online banking
Enai,THB 235.00,🍴Eating_AUG24 (https://app.notion.com/p/Eating_AUG24-e889ac00c5824f6586259ea090b2ec89?pvs=21),No,"August 23, 2024",August 24 (https://app.notion.com/p/August-24-e7a234e3dd654ea6abe42c7c1413082e?pvs=21),Online banking
แจ่มฟ้า,THB 347.00,🍴Eating_AUG24 (https://app.notion.com/p/Eating_AUG24-e889ac00c5824f6586259ea090b2ec89?pvs=21),No,"August 23, 2024",August 24 (https://app.notion.com/p/August-24-e7a234e3dd654ea6abe42c7c1413082e?pvs=21),Online banking
ก๋วยเตี๋ยวคั่วไก่,THB 79.00,🍴Eating_AUG24 (https://app.notion.com/p/Eating_AUG24-e889ac00c5824f6586259ea090b2ec89?pvs=21),No,"August 24, 2024",August 24 (https://app.notion.com/p/August-24-e7a234e3dd654ea6abe42c7c1413082e?pvs=21),Credit card
ไส้กรองน้ำพุ,THB 505.00,🐱Cat_AUG24 (https://app.notion.com/p/Cat_AUG24-e8d521bd8dec4177958dde979fbabe1c?pvs=21),No,"August 24, 2024",August 24 (https://app.notion.com/p/August-24-e7a234e3dd654ea6abe42c7c1413082e?pvs=21),Credit card
Kin udon,THB 302.00,🍴Eating_AUG24 (https://app.notion.com/p/Eating_AUG24-e889ac00c5824f6586259ea090b2ec89?pvs=21),No,"August 24, 2024",August 24 (https://app.notion.com/p/August-24-e7a234e3dd654ea6abe42c7c1413082e?pvs=21),Online banking
แดนข้าวมันไก่,THB 115.00,🍴Eating_AUG24 (https://app.notion.com/p/Eating_AUG24-e889ac00c5824f6586259ea090b2ec89?pvs=21),No,"August 25, 2024",August 24 (https://app.notion.com/p/August-24-e7a234e3dd654ea6abe42c7c1413082e?pvs=21),Online banking
ไส้ดินสอ,THB 15.00,🛍️Shopping_AUG24 (https://app.notion.com/p/Shopping_AUG24-014b88b92ce846cb84b01550d5a209ae?pvs=21),No,"August 25, 2024",August 24 (https://app.notion.com/p/August-24-e7a234e3dd654ea6abe42c7c1413082e?pvs=21),Online banking
เวฬาดี + Sointo + แดน,THB 528.00,🍴Eating_AUG24 (https://app.notion.com/p/Eating_AUG24-e889ac00c5824f6586259ea090b2ec89?pvs=21),No,"August 25, 2024",August 24 (https://app.notion.com/p/August-24-e7a234e3dd654ea6abe42c7c1413082e?pvs=21),Online banking
บริจาคน้ำท่วม,THB 200.00,❤️Lover_AUG24 (https://app.notion.com/p/Lover_AUG24-adc6c6039cae419283f013b4d7b203eb?pvs=21),No,"August 26, 2024",August 24 (https://app.notion.com/p/August-24-e7a234e3dd654ea6abe42c7c1413082e?pvs=21),Online banking
Next level,THB 60.00,🍴Eating_AUG24 (https://app.notion.com/p/Eating_AUG24-e889ac00c5824f6586259ea090b2ec89?pvs=21),No,"August 27, 2024",August 24 (https://app.notion.com/p/August-24-e7a234e3dd654ea6abe42c7c1413082e?pvs=21),Online banking
Food,THB 55.00,🍴Eating_AUG24 (https://app.notion.com/p/Eating_AUG24-e889ac00c5824f6586259ea090b2ec89?pvs=21),No,"August 28, 2024",August 24 (https://app.notion.com/p/August-24-e7a234e3dd654ea6abe42c7c1413082e?pvs=21),Online banking
Food,THB 79.00,🍴Eating_AUG24 (https://app.notion.com/p/Eating_AUG24-e889ac00c5824f6586259ea090b2ec89?pvs=21),No,"August 28, 2024",August 24 (https://app.notion.com/p/August-24-e7a234e3dd654ea6abe42c7c1413082e?pvs=21),Online banking
แดง2 ข้าวต้ม + ติ๋มนมสด,THB 217.50,🍴Eating_AUG24 (https://app.notion.com/p/Eating_AUG24-e889ac00c5824f6586259ea090b2ec89?pvs=21),No,"August 28, 2024",August 24 (https://app.notion.com/p/August-24-e7a234e3dd654ea6abe42c7c1413082e?pvs=21),Online banking
Food,THB 50.00,🍴Eating_AUG24 (https://app.notion.com/p/Eating_AUG24-e889ac00c5824f6586259ea090b2ec89?pvs=21),No,"August 29, 2024",August 24 (https://app.notion.com/p/August-24-e7a234e3dd654ea6abe42c7c1413082e?pvs=21),Online banking
Enai,THB 95.00,🍴Eating_AUG24 (https://app.notion.com/p/Eating_AUG24-e889ac00c5824f6586259ea090b2ec89?pvs=21),No,"August 30, 2024",August 24 (https://app.notion.com/p/August-24-e7a234e3dd654ea6abe42c7c1413082e?pvs=21),Online banking
ข้าวต้มย้ง,THB 210.00,🍴Eating_AUG24 (https://app.notion.com/p/Eating_AUG24-e889ac00c5824f6586259ea090b2ec89?pvs=21),No,"August 30, 2024",August 24 (https://app.notion.com/p/August-24-e7a234e3dd654ea6abe42c7c1413082e?pvs=21),Online banking
Greek yogurt,THB 100.00,🍴Eating_AUG24 (https://app.notion.com/p/Eating_AUG24-e889ac00c5824f6586259ea090b2ec89?pvs=21),No,"August 30, 2024",August 24 (https://app.notion.com/p/August-24-e7a234e3dd654ea6abe42c7c1413082e?pvs=21),Online banking
Food,THB 32.00,🍴Eating_AUG24 (https://app.notion.com/p/Eating_AUG24-e889ac00c5824f6586259ea090b2ec89?pvs=21),No,"August 31, 2024",August 24 (https://app.notion.com/p/August-24-e7a234e3dd654ea6abe42c7c1413082e?pvs=21),Online banking
ของขวัญกันต์,THB 79.00,❤️Lover_SEP24 (https://app.notion.com/p/Lover_SEP24-591b2830bfb248d38e03812e305c4461?pvs=21),No,"September 1, 2024",September 24 (https://app.notion.com/p/September-24-2acf86f7c3554a70b26f5e740fab86b1?pvs=21),Online banking
เชฟนนท์,THB 190.00,🍴Eating_SEP24 (https://app.notion.com/p/Eating_SEP24-9835241a92fb4fc39804a48987c515a3?pvs=21),No,"September 1, 2024",September 24 (https://app.notion.com/p/September-24-2acf86f7c3554a70b26f5e740fab86b1?pvs=21),Online banking
Salad khunnai,THB 124.00,🍴Eating_SEP24 (https://app.notion.com/p/Eating_SEP24-9835241a92fb4fc39804a48987c515a3?pvs=21),No,"September 1, 2024",September 24 (https://app.notion.com/p/September-24-2acf86f7c3554a70b26f5e740fab86b1?pvs=21),Online banking
Dorle,THB 180.00,🍴Eating_SEP24 (https://app.notion.com/p/Eating_SEP24-9835241a92fb4fc39804a48987c515a3?pvs=21),No,"September 1, 2024",September 24 (https://app.notion.com/p/September-24-2acf86f7c3554a70b26f5e740fab86b1?pvs=21),Online banking
Oil,THB 80.00,🛢️Transportation_SEP24 (https://app.notion.com/p/Transportation_SEP24-439333bd2daa4de79ad0c9a287f4adb8?pvs=21),No,"September 2, 2024",September 24 (https://app.notion.com/p/September-24-2acf86f7c3554a70b26f5e740fab86b1?pvs=21),Online banking
Food,THB 50.00,🍴Eating_SEP24 (https://app.notion.com/p/Eating_SEP24-9835241a92fb4fc39804a48987c515a3?pvs=21),No,"September 3, 2024",September 24 (https://app.notion.com/p/September-24-2acf86f7c3554a70b26f5e740fab86b1?pvs=21),Online banking
Food,THB 30.00,🍴Eating_SEP24 (https://app.notion.com/p/Eating_SEP24-9835241a92fb4fc39804a48987c515a3?pvs=21),No,"September 3, 2024",September 24 (https://app.notion.com/p/September-24-2acf86f7c3554a70b26f5e740fab86b1?pvs=21),Online banking
Food,THB 258.00,🍴Eating_SEP24 (https://app.notion.com/p/Eating_SEP24-9835241a92fb4fc39804a48987c515a3?pvs=21),No,"September 3, 2024",September 24 (https://app.notion.com/p/September-24-2acf86f7c3554a70b26f5e740fab86b1?pvs=21),Credit card
กระเพราหมูกรอบไข่ดาว,THB 52.00,🍴Eating_SEP24 (https://app.notion.com/p/Eating_SEP24-9835241a92fb4fc39804a48987c515a3?pvs=21),No,"September 4, 2024",September 24 (https://app.notion.com/p/September-24-2acf86f7c3554a70b26f5e740fab86b1?pvs=21),Online banking
Fernpresso,THB 75.00,🍴Eating_SEP24 (https://app.notion.com/p/Eating_SEP24-9835241a92fb4fc39804a48987c515a3?pvs=21),No,"September 4, 2024",September 24 (https://app.notion.com/p/September-24-2acf86f7c3554a70b26f5e740fab86b1?pvs=21),Online banking
Food,THB 7.00,🍴Eating_SEP24 (https://app.notion.com/p/Eating_SEP24-9835241a92fb4fc39804a48987c515a3?pvs=21),No,"September 4, 2024",September 24 (https://app.notion.com/p/September-24-2acf86f7c3554a70b26f5e740fab86b1?pvs=21),Online banking
ป้าเครือ,THB 40.00,🍴Eating_SEP24 (https://app.notion.com/p/Eating_SEP24-9835241a92fb4fc39804a48987c515a3?pvs=21),No,"September 5, 2024",September 24 (https://app.notion.com/p/September-24-2acf86f7c3554a70b26f5e740fab86b1?pvs=21),Online banking
บร็อคโคลี่+ฉู่ฉี่ไข่ดาว,THB 42.00,🍴Eating_SEP24 (https://app.notion.com/p/Eating_SEP24-9835241a92fb4fc39804a48987c515a3?pvs=21),No,"September 6, 2024",September 24 (https://app.notion.com/p/September-24-2acf86f7c3554a70b26f5e740fab86b1?pvs=21),Online banking
ข้าวต้มพุ้ย,THB 121.00,🍴Eating_SEP24 (https://app.notion.com/p/Eating_SEP24-9835241a92fb4fc39804a48987c515a3?pvs=21),No,"September 6, 2024",September 24 (https://app.notion.com/p/September-24-2acf86f7c3554a70b26f5e740fab86b1?pvs=21),Online banking
กันขอบเตียง,THB 70.00,❤️Lover_SEP24 (https://app.notion.com/p/Lover_SEP24-591b2830bfb248d38e03812e305c4461?pvs=21),No,"September 6, 2024",September 24 (https://app.notion.com/p/September-24-2acf86f7c3554a70b26f5e740fab86b1?pvs=21),Online banking
กระเพราหมูสับไข่เจียว,THB 75.00,🍴Eating_SEP24 (https://app.notion.com/p/Eating_SEP24-9835241a92fb4fc39804a48987c515a3?pvs=21),No,"September 7, 2024",September 24 (https://app.notion.com/p/September-24-2acf86f7c3554a70b26f5e740fab86b1?pvs=21),Credit card
86 ramen,THB 120.00,🍴Eating_SEP24 (https://app.notion.com/p/Eating_SEP24-9835241a92fb4fc39804a48987c515a3?pvs=21),No,"September 8, 2024",September 24 (https://app.notion.com/p/September-24-2acf86f7c3554a70b26f5e740fab86b1?pvs=21),Online banking
Salad khunnai,THB 206.00,🍴Eating_SEP24 (https://app.notion.com/p/Eating_SEP24-9835241a92fb4fc39804a48987c515a3?pvs=21),No,"September 8, 2024",September 24 (https://app.notion.com/p/September-24-2acf86f7c3554a70b26f5e740fab86b1?pvs=21),Credit card
ตะกร้าผ้า,THB 76.00,🛍️Shopping_SEP24 (https://app.notion.com/p/Shopping_SEP24-2658b70cd6b349e3ac2b41482b619ff4?pvs=21),No,"September 9, 2024",September 24 (https://app.notion.com/p/September-24-2acf86f7c3554a70b26f5e740fab86b1?pvs=21),Credit card
สุกี้ช้างเผือก,THB 70.00,🍴Eating_SEP24 (https://app.notion.com/p/Eating_SEP24-9835241a92fb4fc39804a48987c515a3?pvs=21),No,"September 9, 2024",September 24 (https://app.notion.com/p/September-24-2acf86f7c3554a70b26f5e740fab86b1?pvs=21),Credit card
ข้าวมันไก่ต้มทอด,THB 50.00,🍴Eating_SEP24 (https://app.notion.com/p/Eating_SEP24-9835241a92fb4fc39804a48987c515a3?pvs=21),No,"September 10, 2024",September 24 (https://app.notion.com/p/September-24-2acf86f7c3554a70b26f5e740fab86b1?pvs=21),Online banking
กระเพราหมูสับไข่เจียว,THB 75.00,🍴Eating_SEP24 (https://app.notion.com/p/Eating_SEP24-9835241a92fb4fc39804a48987c515a3?pvs=21),No,"September 11, 2024",September 24 (https://app.notion.com/p/September-24-2acf86f7c3554a70b26f5e740fab86b1?pvs=21),Credit card
ก๋วยเตี๋ยวเจ๊ศรี,THB 129.00,🍴Eating_SEP24 (https://app.notion.com/p/Eating_SEP24-9835241a92fb4fc39804a48987c515a3?pvs=21),No,"September 11, 2024",September 24 (https://app.notion.com/p/September-24-2acf86f7c3554a70b26f5e740fab86b1?pvs=21),Online banking
เสื้อกันฝน,THB 148.00,🛍️Shopping_SEP24 (https://app.notion.com/p/Shopping_SEP24-2658b70cd6b349e3ac2b41482b619ff4?pvs=21),No,"September 11, 2024",September 24 (https://app.notion.com/p/September-24-2acf86f7c3554a70b26f5e740fab86b1?pvs=21),Online banking
Food,THB 35.00,🍴Eating_SEP24 (https://app.notion.com/p/Eating_SEP24-9835241a92fb4fc39804a48987c515a3?pvs=21),No,"September 12, 2024",September 24 (https://app.notion.com/p/September-24-2acf86f7c3554a70b26f5e740fab86b1?pvs=21),Online banking
Steak union,THB 220.00,🍴Eating_SEP24 (https://app.notion.com/p/Eating_SEP24-9835241a92fb4fc39804a48987c515a3?pvs=21),No,"September 12, 2024",September 24 (https://app.notion.com/p/September-24-2acf86f7c3554a70b26f5e740fab86b1?pvs=21),Online banking
Yogurt,THB 45.00,🍴Eating_SEP24 (https://app.notion.com/p/Eating_SEP24-9835241a92fb4fc39804a48987c515a3?pvs=21),No,"September 12, 2024",September 24 (https://app.notion.com/p/September-24-2acf86f7c3554a70b26f5e740fab86b1?pvs=21),Online banking
ไก่ผัดขิงหมูทอด,THB 45.00,🍴Eating_SEP24 (https://app.notion.com/p/Eating_SEP24-9835241a92fb4fc39804a48987c515a3?pvs=21),No,"September 13, 2024",September 24 (https://app.notion.com/p/September-24-2acf86f7c3554a70b26f5e740fab86b1?pvs=21),Online banking
ปังปิ้ง,THB 20.00,🍴Eating_SEP24 (https://app.notion.com/p/Eating_SEP24-9835241a92fb4fc39804a48987c515a3?pvs=21),No,"September 13, 2024",September 24 (https://app.notion.com/p/September-24-2acf86f7c3554a70b26f5e740fab86b1?pvs=21),Online banking
ขายเวร 7โมง,THB 200.00,📖Education_SEP24 (https://app.notion.com/p/Education_SEP24-206d3733a4a142cf9d695a64239d0c50?pvs=21),No,"September 13, 2024",September 24 (https://app.notion.com/p/September-24-2acf86f7c3554a70b26f5e740fab86b1?pvs=21),Online banking
สุกี้ช้างเผือก,THB 135.00,🍴Eating_SEP24 (https://app.notion.com/p/Eating_SEP24-9835241a92fb4fc39804a48987c515a3?pvs=21),No,"September 13, 2024",September 24 (https://app.notion.com/p/September-24-2acf86f7c3554a70b26f5e740fab86b1?pvs=21),Credit card
Oil,THB 770.00,🛢️Transportation_SEP24 (https://app.notion.com/p/Transportation_SEP24-439333bd2daa4de79ad0c9a287f4adb8?pvs=21),No,"September 14, 2024",September 24 (https://app.notion.com/p/September-24-2acf86f7c3554a70b26f5e740fab86b1?pvs=21),Credit card
กระเพราเต้าหู้ไข่ข้น,THB 65.00,🍴Eating_SEP24 (https://app.notion.com/p/Eating_SEP24-9835241a92fb4fc39804a48987c515a3?pvs=21),No,"September 15, 2024",September 24 (https://app.notion.com/p/September-24-2acf86f7c3554a70b26f5e740fab86b1?pvs=21),Credit card
Salad khunnai,THB 248.00,🍴Eating_SEP24 (https://app.notion.com/p/Eating_SEP24-9835241a92fb4fc39804a48987c515a3?pvs=21),No,"September 15, 2024",September 24 (https://app.notion.com/p/September-24-2acf86f7c3554a70b26f5e740fab86b1?pvs=21),Online banking
Food,THB 45.00,🍴Eating_SEP24 (https://app.notion.com/p/Eating_SEP24-9835241a92fb4fc39804a48987c515a3?pvs=21),No,"September 16, 2024",September 24 (https://app.notion.com/p/September-24-2acf86f7c3554a70b26f5e740fab86b1?pvs=21),Online banking
เต่าบิน,THB 45.00,🍴Eating_SEP24 (https://app.notion.com/p/Eating_SEP24-9835241a92fb4fc39804a48987c515a3?pvs=21),No,"September 16, 2024",September 24 (https://app.notion.com/p/September-24-2acf86f7c3554a70b26f5e740fab86b1?pvs=21),Online banking
Food,THB 65.00,🍴Eating_SEP24 (https://app.notion.com/p/Eating_SEP24-9835241a92fb4fc39804a48987c515a3?pvs=21),No,"September 16, 2024",September 24 (https://app.notion.com/p/September-24-2acf86f7c3554a70b26f5e740fab86b1?pvs=21),Online banking
KFC,THB 257.00,🍴Eating_SEP24 (https://app.notion.com/p/Eating_SEP24-9835241a92fb4fc39804a48987c515a3?pvs=21),No,"September 17, 2024",September 24 (https://app.notion.com/p/September-24-2acf86f7c3554a70b26f5e740fab86b1?pvs=21),Online banking
Swensen,THB 368.00,🍴Eating_SEP24 (https://app.notion.com/p/Eating_SEP24-9835241a92fb4fc39804a48987c515a3?pvs=21),No,"September 17, 2024",September 24 (https://app.notion.com/p/September-24-2acf86f7c3554a70b26f5e740fab86b1?pvs=21),Online banking
Terrace,THB 109.00,🍴Eating_SEP24 (https://app.notion.com/p/Eating_SEP24-9835241a92fb4fc39804a48987c515a3?pvs=21),No,"September 18, 2024",September 24 (https://app.notion.com/p/September-24-2acf86f7c3554a70b26f5e740fab86b1?pvs=21),Online banking
ข้าวเทคนิค,THB 55.00,🍴Eating_SEP24 (https://app.notion.com/p/Eating_SEP24-9835241a92fb4fc39804a48987c515a3?pvs=21),No,"September 19, 2024",September 24 (https://app.notion.com/p/September-24-2acf86f7c3554a70b26f5e740fab86b1?pvs=21),Online banking
ปังสิงโต,THB 20.00,🍴Eating_SEP24 (https://app.notion.com/p/Eating_SEP24-9835241a92fb4fc39804a48987c515a3?pvs=21),No,"September 19, 2024",September 24 (https://app.notion.com/p/September-24-2acf86f7c3554a70b26f5e740fab86b1?pvs=21),Online banking
Food,THB 74.00,🍴Eating_SEP24 (https://app.notion.com/p/Eating_SEP24-9835241a92fb4fc39804a48987c515a3?pvs=21),No,"September 19, 2024",September 24 (https://app.notion.com/p/September-24-2acf86f7c3554a70b26f5e740fab86b1?pvs=21),Credit card
Roastniyom,THB 140.00,🍴Eating_SEP24 (https://app.notion.com/p/Eating_SEP24-9835241a92fb4fc39804a48987c515a3?pvs=21),No,"September 21, 2024",September 24 (https://app.notion.com/p/September-24-2acf86f7c3554a70b26f5e740fab86b1?pvs=21),Online banking
86 ramen,THB 260.00,🍴Eating_SEP24 (https://app.notion.com/p/Eating_SEP24-9835241a92fb4fc39804a48987c515a3?pvs=21),No,"September 21, 2024",September 24 (https://app.notion.com/p/September-24-2acf86f7c3554a70b26f5e740fab86b1?pvs=21),Online banking
หินปูน,"THB 1,000.00",💊Health & Fitness_SEP24 (https://app.notion.com/p/Health-Fitness_SEP24-098be5816d1a4f13b2cda7722d8a6344?pvs=21),No,"September 22, 2024",September 24 (https://app.notion.com/p/September-24-2acf86f7c3554a70b26f5e740fab86b1?pvs=21),Online banking
The barn,THB 140.00,🍴Eating_SEP24 (https://app.notion.com/p/Eating_SEP24-9835241a92fb4fc39804a48987c515a3?pvs=21),No,"September 22, 2024",September 24 (https://app.notion.com/p/September-24-2acf86f7c3554a70b26f5e740fab86b1?pvs=21),Online banking
ร้านปูซ่าส์,THB 80.00,🍴Eating_SEP24 (https://app.notion.com/p/Eating_SEP24-9835241a92fb4fc39804a48987c515a3?pvs=21),No,"September 22, 2024",September 24 (https://app.notion.com/p/September-24-2acf86f7c3554a70b26f5e740fab86b1?pvs=21),Online banking
Food,THB 25.00,🍴Eating_SEP24 (https://app.notion.com/p/Eating_SEP24-9835241a92fb4fc39804a48987c515a3?pvs=21),No,"September 22, 2024",September 24 (https://app.notion.com/p/September-24-2acf86f7c3554a70b26f5e740fab86b1?pvs=21),Online banking
Oil,THB 80.00,🛢️Transportation_SEP24 (https://app.notion.com/p/Transportation_SEP24-439333bd2daa4de79ad0c9a287f4adb8?pvs=21),No,"September 23, 2024",September 24 (https://app.notion.com/p/September-24-2acf86f7c3554a70b26f5e740fab86b1?pvs=21),Online banking
Food,THB 50.00,🍴Eating_SEP24 (https://app.notion.com/p/Eating_SEP24-9835241a92fb4fc39804a48987c515a3?pvs=21),No,"September 24, 2024",September 24 (https://app.notion.com/p/September-24-2acf86f7c3554a70b26f5e740fab86b1?pvs=21),Online banking
Salad khunnai,THB 308.00,🍴Eating_SEP24 (https://app.notion.com/p/Eating_SEP24-9835241a92fb4fc39804a48987c515a3?pvs=21),No,"September 24, 2024",September 24 (https://app.notion.com/p/September-24-2acf86f7c3554a70b26f5e740fab86b1?pvs=21),Credit card
Food,THB 90.00,🍴Eating_SEP24 (https://app.notion.com/p/Eating_SEP24-9835241a92fb4fc39804a48987c515a3?pvs=21),No,"September 25, 2024",September 24 (https://app.notion.com/p/September-24-2acf86f7c3554a70b26f5e740fab86b1?pvs=21),Online banking
ฉู่ฉี่,THB 65.00,🍴Eating_SEP24 (https://app.notion.com/p/Eating_SEP24-9835241a92fb4fc39804a48987c515a3?pvs=21),No,"September 26, 2024",September 24 (https://app.notion.com/p/September-24-2acf86f7c3554a70b26f5e740fab86b1?pvs=21),Online banking
Food,THB 49.00,🍴Eating_SEP24 (https://app.notion.com/p/Eating_SEP24-9835241a92fb4fc39804a48987c515a3?pvs=21),No,"September 26, 2024",September 24 (https://app.notion.com/p/September-24-2acf86f7c3554a70b26f5e740fab86b1?pvs=21),Online banking
Food,THB 80.00,🍴Eating_SEP24 (https://app.notion.com/p/Eating_SEP24-9835241a92fb4fc39804a48987c515a3?pvs=21),No,"September 26, 2024",September 24 (https://app.notion.com/p/September-24-2acf86f7c3554a70b26f5e740fab86b1?pvs=21),Online banking
Drug,THB 50.00,💊Health & Fitness_SEP24 (https://app.notion.com/p/Health-Fitness_SEP24-098be5816d1a4f13b2cda7722d8a6344?pvs=21),No,"September 27, 2024",September 24 (https://app.notion.com/p/September-24-2acf86f7c3554a70b26f5e740fab86b1?pvs=21),Online banking
Crazy curry,THB 385.00,🍴Eating_SEP24 (https://app.notion.com/p/Eating_SEP24-9835241a92fb4fc39804a48987c515a3?pvs=21),No,"September 28, 2024",September 24 (https://app.notion.com/p/September-24-2acf86f7c3554a70b26f5e740fab86b1?pvs=21),Online banking
CAFE ARTE,THB 175.00,🍴Eating_SEP24 (https://app.notion.com/p/Eating_SEP24-9835241a92fb4fc39804a48987c515a3?pvs=21),No,"September 28, 2024",September 24 (https://app.notion.com/p/September-24-2acf86f7c3554a70b26f5e740fab86b1?pvs=21),Online banking
Cross,"THB 1,883.00",❤️Lover_SEP24 (https://app.notion.com/p/Lover_SEP24-591b2830bfb248d38e03812e305c4461?pvs=21),No,"September 28, 2024",September 24 (https://app.notion.com/p/September-24-2acf86f7c3554a70b26f5e740fab86b1?pvs=21),Credit card
ของใช้ กาแฟ,THB 479.00,🛍️Shopping_SEP24 (https://app.notion.com/p/Shopping_SEP24-2658b70cd6b349e3ac2b41482b619ff4?pvs=21),No,"September 28, 2024",September 24 (https://app.notion.com/p/September-24-2acf86f7c3554a70b26f5e740fab86b1?pvs=21),Credit card
Laundry,THB 45.00,🏠Home_SEP24 (https://app.notion.com/p/Home_SEP24-ddb3f7538d7e46009c40ae8a28f43ba5?pvs=21),No,"September 29, 2024",September 24 (https://app.notion.com/p/September-24-2acf86f7c3554a70b26f5e740fab86b1?pvs=21),Online banking
Food,THB 10.00,🍴Eating_SEP24 (https://app.notion.com/p/Eating_SEP24-9835241a92fb4fc39804a48987c515a3?pvs=21),No,"September 29, 2024",September 24 (https://app.notion.com/p/September-24-2acf86f7c3554a70b26f5e740fab86b1?pvs=21),Online banking
กระเพราไก่กรอบ,THB 75.00,🍴Eating_SEP24 (https://app.notion.com/p/Eating_SEP24-9835241a92fb4fc39804a48987c515a3?pvs=21),No,"September 29, 2024",September 24 (https://app.notion.com/p/September-24-2acf86f7c3554a70b26f5e740fab86b1?pvs=21),Online banking
เค้กญี่ปุ่น,THB 100.00,🍴Eating_SEP24 (https://app.notion.com/p/Eating_SEP24-9835241a92fb4fc39804a48987c515a3?pvs=21),No,"September 29, 2024",September 24 (https://app.notion.com/p/September-24-2acf86f7c3554a70b26f5e740fab86b1?pvs=21),Online banking
Lady fruit,THB 55.00,🍴Eating_SEP24 (https://app.notion.com/p/Eating_SEP24-9835241a92fb4fc39804a48987c515a3?pvs=21),No,"September 29, 2024",September 24 (https://app.notion.com/p/September-24-2acf86f7c3554a70b26f5e740fab86b1?pvs=21),Online banking
ของขวัญป๊า,THB 586.00,❤️Lover_SEP24 (https://app.notion.com/p/Lover_SEP24-591b2830bfb248d38e03812e305c4461?pvs=21),No,"September 29, 2024",September 24 (https://app.notion.com/p/September-24-2acf86f7c3554a70b26f5e740fab86b1?pvs=21),Credit card
Food,THB 50.00,🍴Eating_OCT24 (https://app.notion.com/p/Eating_OCT24-639cb528afcc4790b8976f485eb8cd1d?pvs=21),No,"October 1, 2024",October 24 (https://app.notion.com/p/October-24-7b27bbe68af04055a4f2277bec8a90be?pvs=21),Online banking
Food,THB 71.00,🍴Eating_OCT24 (https://app.notion.com/p/Eating_OCT24-639cb528afcc4790b8976f485eb8cd1d?pvs=21),No,"October 1, 2024",October 24 (https://app.notion.com/p/October-24-7b27bbe68af04055a4f2277bec8a90be?pvs=21),Online banking
Food,THB 136.00,🍴Eating_OCT24 (https://app.notion.com/p/Eating_OCT24-639cb528afcc4790b8976f485eb8cd1d?pvs=21),No,"October 1, 2024",October 24 (https://app.notion.com/p/October-24-7b27bbe68af04055a4f2277bec8a90be?pvs=21),Online banking
Food,THB 57.00,🍴Eating_OCT24 (https://app.notion.com/p/Eating_OCT24-639cb528afcc4790b8976f485eb8cd1d?pvs=21),No,"October 2, 2024",October 24 (https://app.notion.com/p/October-24-7b27bbe68af04055a4f2277bec8a90be?pvs=21),Online banking
Serve sook,THB 234.00,🍴Eating_OCT24 (https://app.notion.com/p/Eating_OCT24-639cb528afcc4790b8976f485eb8cd1d?pvs=21),No,"October 2, 2024",October 24 (https://app.notion.com/p/October-24-7b27bbe68af04055a4f2277bec8a90be?pvs=21),Online banking
ข้าวปลาแกะ + ปังปิ้ง,THB 70.00,🍴Eating_OCT24 (https://app.notion.com/p/Eating_OCT24-639cb528afcc4790b8976f485eb8cd1d?pvs=21),No,"October 3, 2024",October 24 (https://app.notion.com/p/October-24-7b27bbe68af04055a4f2277bec8a90be?pvs=21),Online banking
กระเพราแชมป์โลก,THB 110.00,🍴Eating_OCT24 (https://app.notion.com/p/Eating_OCT24-639cb528afcc4790b8976f485eb8cd1d?pvs=21),No,"October 3, 2024",October 24 (https://app.notion.com/p/October-24-7b27bbe68af04055a4f2277bec8a90be?pvs=21),Credit card
My vietnum,THB 208.00,🍴Eating_OCT24 (https://app.notion.com/p/Eating_OCT24-639cb528afcc4790b8976f485eb8cd1d?pvs=21),No,"October 4, 2024",October 24 (https://app.notion.com/p/October-24-7b27bbe68af04055a4f2277bec8a90be?pvs=21),Online banking
ตัดผม,THB 130.00,💊Health & Fitness_OCT24 (https://app.notion.com/p/Health-Fitness_OCT24-239b731e6af4414b859e9c5e4adbd8f8?pvs=21),No,"October 4, 2024",October 24 (https://app.notion.com/p/October-24-7b27bbe68af04055a4f2277bec8a90be?pvs=21),Online banking
กะเพราถาดคุณยาย,THB 138.00,🍴Eating_OCT24 (https://app.notion.com/p/Eating_OCT24-639cb528afcc4790b8976f485eb8cd1d?pvs=21),No,"October 4, 2024",October 24 (https://app.notion.com/p/October-24-7b27bbe68af04055a4f2277bec8a90be?pvs=21),Online banking
กระเพราพริกแห้ง,THB 74.00,🍴Eating_SEP24 (https://app.notion.com/p/Eating_SEP24-9835241a92fb4fc39804a48987c515a3?pvs=21),No,"September 23, 2024",September 24 (https://app.notion.com/p/September-24-2acf86f7c3554a70b26f5e740fab86b1?pvs=21),Credit card
สุกี้โคคา,THB 110.00,🍴Eating_OCT24 (https://app.notion.com/p/Eating_OCT24-639cb528afcc4790b8976f485eb8cd1d?pvs=21),No,"October 5, 2024",October 24 (https://app.notion.com/p/October-24-7b27bbe68af04055a4f2277bec8a90be?pvs=21),Online banking
โรตี,THB 45.00,🍴Eating_OCT24 (https://app.notion.com/p/Eating_OCT24-639cb528afcc4790b8976f485eb8cd1d?pvs=21),No,"October 5, 2024",October 24 (https://app.notion.com/p/October-24-7b27bbe68af04055a4f2277bec8a90be?pvs=21),Online banking
โจ๊ก,THB 113.00,🍴Eating_OCT24 (https://app.notion.com/p/Eating_OCT24-639cb528afcc4790b8976f485eb8cd1d?pvs=21),No,"October 6, 2024",October 24 (https://app.notion.com/p/October-24-7b27bbe68af04055a4f2277bec8a90be?pvs=21),Credit card
ชาลี,THB 66.00,🍴Eating_OCT24 (https://app.notion.com/p/Eating_OCT24-639cb528afcc4790b8976f485eb8cd1d?pvs=21),No,"October 6, 2024",October 24 (https://app.notion.com/p/October-24-7b27bbe68af04055a4f2277bec8a90be?pvs=21),Credit card
สามเหลือง,THB 105.00,🍴Eating_OCT24 (https://app.notion.com/p/Eating_OCT24-639cb528afcc4790b8976f485eb8cd1d?pvs=21),No,"October 6, 2024",October 24 (https://app.notion.com/p/October-24-7b27bbe68af04055a4f2277bec8a90be?pvs=21),Online banking
ผลไม้,THB 25.00,🍴Eating_OCT24 (https://app.notion.com/p/Eating_OCT24-639cb528afcc4790b8976f485eb8cd1d?pvs=21),No,"October 6, 2024",October 24 (https://app.notion.com/p/October-24-7b27bbe68af04055a4f2277bec8a90be?pvs=21),Online banking
ครัวอมร,THB 125.00,🍴Eating_OCT24 (https://app.notion.com/p/Eating_OCT24-639cb528afcc4790b8976f485eb8cd1d?pvs=21),No,"October 7, 2024",October 24 (https://app.notion.com/p/October-24-7b27bbe68af04055a4f2277bec8a90be?pvs=21),Online banking
Seven,THB 234.00,🍴Eating_OCT24 (https://app.notion.com/p/Eating_OCT24-639cb528afcc4790b8976f485eb8cd1d?pvs=21),No,"October 7, 2024",October 24 (https://app.notion.com/p/October-24-7b27bbe68af04055a4f2277bec8a90be?pvs=21),Online banking
ข้าวเทคนิค,THB 45.00,🍴Eating_OCT24 (https://app.notion.com/p/Eating_OCT24-639cb528afcc4790b8976f485eb8cd1d?pvs=21),No,"October 8, 2024",October 24 (https://app.notion.com/p/October-24-7b27bbe68af04055a4f2277bec8a90be?pvs=21),Online banking
เซเว่น,THB 15.00,🍴Eating_OCT24 (https://app.notion.com/p/Eating_OCT24-639cb528afcc4790b8976f485eb8cd1d?pvs=21),No,"October 8, 2024",October 24 (https://app.notion.com/p/October-24-7b27bbe68af04055a4f2277bec8a90be?pvs=21),Online banking
Oil,THB 70.00,🛢️Transportation_OCT24 (https://app.notion.com/p/Transportation_OCT24-e6ea67045545483f95752a53ffffac98?pvs=21),No,"October 8, 2024",October 24 (https://app.notion.com/p/October-24-7b27bbe68af04055a4f2277bec8a90be?pvs=21),Online banking
Food,THB 50.00,🍴Eating_OCT24 (https://app.notion.com/p/Eating_OCT24-639cb528afcc4790b8976f485eb8cd1d?pvs=21),No,"October 9, 2024",October 24 (https://app.notion.com/p/October-24-7b27bbe68af04055a4f2277bec8a90be?pvs=21),Online banking
ป้ารุณ,THB 80.00,🍴Eating_OCT24 (https://app.notion.com/p/Eating_OCT24-639cb528afcc4790b8976f485eb8cd1d?pvs=21),No,"October 9, 2024",October 24 (https://app.notion.com/p/October-24-7b27bbe68af04055a4f2277bec8a90be?pvs=21),Online banking
Salad terrace,THB 278.00,🍴Eating_OCT24 (https://app.notion.com/p/Eating_OCT24-639cb528afcc4790b8976f485eb8cd1d?pvs=21),No,"October 9, 2024",October 24 (https://app.notion.com/p/October-24-7b27bbe68af04055a4f2277bec8a90be?pvs=21),Online banking
Food,THB 60.00,🍴Eating_OCT24 (https://app.notion.com/p/Eating_OCT24-639cb528afcc4790b8976f485eb8cd1d?pvs=21),No,"October 10, 2024",October 24 (https://app.notion.com/p/October-24-7b27bbe68af04055a4f2277bec8a90be?pvs=21),Online banking
ข้าวต้ม,THB 110.00,🍴Eating_OCT24 (https://app.notion.com/p/Eating_OCT24-639cb528afcc4790b8976f485eb8cd1d?pvs=21),No,"October 11, 2024",October 24 (https://app.notion.com/p/October-24-7b27bbe68af04055a4f2277bec8a90be?pvs=21),Online banking
Food,THB 34.00,🍴Eating_OCT24 (https://app.notion.com/p/Eating_OCT24-639cb528afcc4790b8976f485eb8cd1d?pvs=21),No,"October 11, 2024",October 24 (https://app.notion.com/p/October-24-7b27bbe68af04055a4f2277bec8a90be?pvs=21),Online banking
สหภาพสเต๊ก,THB 158.00,🍴Eating_OCT24 (https://app.notion.com/p/Eating_OCT24-639cb528afcc4790b8976f485eb8cd1d?pvs=21),No,"October 12, 2024",October 24 (https://app.notion.com/p/October-24-7b27bbe68af04055a4f2277bec8a90be?pvs=21),Credit card
Shoshin+Mother cow,THB 508.00,🍴Eating_OCT24 (https://app.notion.com/p/Eating_OCT24-639cb528afcc4790b8976f485eb8cd1d?pvs=21),No,"October 13, 2024",October 24 (https://app.notion.com/p/October-24-7b27bbe68af04055a4f2277bec8a90be?pvs=21),Online banking
ซื้อของแมคโคร,THB 637.00,🛍️Shopping_OCT24 (https://app.notion.com/p/Shopping_OCT24-198b69f37f524547bd5bea425e70e042?pvs=21),No,"October 13, 2024",October 24 (https://app.notion.com/p/October-24-7b27bbe68af04055a4f2277bec8a90be?pvs=21),Online banking
พรบ ภาษี เช็คสภาพ ซ่อมไฟ,THB 604.00,🚗Car_OCT24 (https://app.notion.com/p/Car_OCT24-eae5847115564a16bbe3e45b0fdb847e?pvs=21),No,"October 14, 2024",October 24 (https://app.notion.com/p/October-24-7b27bbe68af04055a4f2277bec8a90be?pvs=21),Online banking
Food,THB 75.00,🍴Eating_OCT24 (https://app.notion.com/p/Eating_OCT24-639cb528afcc4790b8976f485eb8cd1d?pvs=21),No,"October 14, 2024",October 24 (https://app.notion.com/p/October-24-7b27bbe68af04055a4f2277bec8a90be?pvs=21),Online banking
Swensen,THB 110.00,🍴Eating_OCT24 (https://app.notion.com/p/Eating_OCT24-639cb528afcc4790b8976f485eb8cd1d?pvs=21),No,"October 14, 2024",October 24 (https://app.notion.com/p/October-24-7b27bbe68af04055a4f2277bec8a90be?pvs=21),Online banking
Food,THB 80.00,🍴Eating_OCT24 (https://app.notion.com/p/Eating_OCT24-639cb528afcc4790b8976f485eb8cd1d?pvs=21),No,"October 15, 2024",October 24 (https://app.notion.com/p/October-24-7b27bbe68af04055a4f2277bec8a90be?pvs=21),Online banking
Salad farm,THB 255.00,🍴Eating_OCT24 (https://app.notion.com/p/Eating_OCT24-639cb528afcc4790b8976f485eb8cd1d?pvs=21),No,"October 15, 2024",October 24 (https://app.notion.com/p/October-24-7b27bbe68af04055a4f2277bec8a90be?pvs=21),Online banking
Food,THB 47.00,🍴Eating_OCT24 (https://app.notion.com/p/Eating_OCT24-639cb528afcc4790b8976f485eb8cd1d?pvs=21),No,"October 16, 2024",October 24 (https://app.notion.com/p/October-24-7b27bbe68af04055a4f2277bec8a90be?pvs=21),Online banking
Food,THB 205.00,🍴Eating_OCT24 (https://app.notion.com/p/Eating_OCT24-639cb528afcc4790b8976f485eb8cd1d?pvs=21),No,"October 16, 2024",October 24 (https://app.notion.com/p/October-24-7b27bbe68af04055a4f2277bec8a90be?pvs=21),Online banking
หอ1,THB 47.00,🍴Eating_OCT24 (https://app.notion.com/p/Eating_OCT24-639cb528afcc4790b8976f485eb8cd1d?pvs=21),No,"October 17, 2024",October 24 (https://app.notion.com/p/October-24-7b27bbe68af04055a4f2277bec8a90be?pvs=21),Online banking
ส้มตำอีสาน,THB 117.00,🍴Eating_OCT24 (https://app.notion.com/p/Eating_OCT24-639cb528afcc4790b8976f485eb8cd1d?pvs=21),No,"October 18, 2024",October 24 (https://app.notion.com/p/October-24-7b27bbe68af04055a4f2277bec8a90be?pvs=21),Online banking
เจียวดาว,THB 100.00,🍴Eating_OCT24 (https://app.notion.com/p/Eating_OCT24-639cb528afcc4790b8976f485eb8cd1d?pvs=21),No,"October 18, 2024",October 24 (https://app.notion.com/p/October-24-7b27bbe68af04055a4f2277bec8a90be?pvs=21),Online banking
คีบตุ๊กตา,THB 50.00,🎮Entertainment_OCT24 (https://app.notion.com/p/Entertainment_OCT24-5c0ed29bc0784ab9896aa42fb74abbde?pvs=21),No,"October 19, 2024",October 24 (https://app.notion.com/p/October-24-7b27bbe68af04055a4f2277bec8a90be?pvs=21),Online banking
แปรงครอบครัว,THB 189.00,🛍️Shopping_OCT24 (https://app.notion.com/p/Shopping_OCT24-198b69f37f524547bd5bea425e70e042?pvs=21),No,"October 19, 2024",October 24 (https://app.notion.com/p/October-24-7b27bbe68af04055a4f2277bec8a90be?pvs=21),Online banking
Swensen,THB 578.00,🍴Eating_OCT24 (https://app.notion.com/p/Eating_OCT24-639cb528afcc4790b8976f485eb8cd1d?pvs=21),No,"October 19, 2024",October 24 (https://app.notion.com/p/October-24-7b27bbe68af04055a4f2277bec8a90be?pvs=21),Online banking
ถ่ายเอกสาร,THB 14.00,📖Education_OCT24 (https://app.notion.com/p/Education_OCT24-7dd894c6e66d4ed3b7b644999203476a?pvs=21),No,"October 19, 2024",October 24 (https://app.notion.com/p/October-24-7b27bbe68af04055a4f2277bec8a90be?pvs=21),Online banking
กระเพราแชมป์โลก,THB 149.00,🍴Eating_OCT24 (https://app.notion.com/p/Eating_OCT24-639cb528afcc4790b8976f485eb8cd1d?pvs=21),Yes,"October 20, 2024",October 24 (https://app.notion.com/p/October-24-7b27bbe68af04055a4f2277bec8a90be?pvs=21),Credit card
Diamond grain,THB 119.00,🍴Eating_OCT24 (https://app.notion.com/p/Eating_OCT24-639cb528afcc4790b8976f485eb8cd1d?pvs=21),No,"October 21, 2024",October 24 (https://app.notion.com/p/October-24-7b27bbe68af04055a4f2277bec8a90be?pvs=21),Online banking
ส่งเอกสาร,THB 46.00,📖Education_OCT24 (https://app.notion.com/p/Education_OCT24-7dd894c6e66d4ed3b7b644999203476a?pvs=21),No,"October 21, 2024",October 24 (https://app.notion.com/p/October-24-7b27bbe68af04055a4f2277bec8a90be?pvs=21),Online banking
ก๋วยเตี๋ยวคั่วไก่,THB 55.00,🍴Eating_OCT24 (https://app.notion.com/p/Eating_OCT24-639cb528afcc4790b8976f485eb8cd1d?pvs=21),Yes,"October 21, 2024",October 24 (https://app.notion.com/p/October-24-7b27bbe68af04055a4f2277bec8a90be?pvs=21),Credit card
Food,THB 94.00,🍴Eating_OCT24 (https://app.notion.com/p/Eating_OCT24-639cb528afcc4790b8976f485eb8cd1d?pvs=21),No,"October 22, 2024",October 24 (https://app.notion.com/p/October-24-7b27bbe68af04055a4f2277bec8a90be?pvs=21),Online banking
Costo,THB 70.00,🍴Eating_OCT24 (https://app.notion.com/p/Eating_OCT24-639cb528afcc4790b8976f485eb8cd1d?pvs=21),No,"October 22, 2024",October 24 (https://app.notion.com/p/October-24-7b27bbe68af04055a4f2277bec8a90be?pvs=21),Online banking
Top,THB 321.75,🍴Eating_OCT24 (https://app.notion.com/p/Eating_OCT24-639cb528afcc4790b8976f485eb8cd1d?pvs=21),No,"October 22, 2024",October 24 (https://app.notion.com/p/October-24-7b27bbe68af04055a4f2277bec8a90be?pvs=21),Online banking
Kingdom rush,THB 179.00,🎮Entertainment_OCT24 (https://app.notion.com/p/Entertainment_OCT24-5c0ed29bc0784ab9896aa42fb74abbde?pvs=21),No,"October 22, 2024",October 24 (https://app.notion.com/p/October-24-7b27bbe68af04055a4f2277bec8a90be?pvs=21),Online banking
เนยเค็ม,THB 70.00,🍴Eating_OCT24 (https://app.notion.com/p/Eating_OCT24-639cb528afcc4790b8976f485eb8cd1d?pvs=21),No,"October 23, 2024",October 24 (https://app.notion.com/p/October-24-7b27bbe68af04055a4f2277bec8a90be?pvs=21),Online banking
มหาลาบ,THB 139.00,🍴Eating_OCT24 (https://app.notion.com/p/Eating_OCT24-639cb528afcc4790b8976f485eb8cd1d?pvs=21),No,"October 23, 2024",October 24 (https://app.notion.com/p/October-24-7b27bbe68af04055a4f2277bec8a90be?pvs=21),Online banking
แจ่มฟ้า,THB 321.00,🛍️Shopping_OCT24 (https://app.notion.com/p/Shopping_OCT24-198b69f37f524547bd5bea425e70e042?pvs=21),No,"October 23, 2024",October 24 (https://app.notion.com/p/October-24-7b27bbe68af04055a4f2277bec8a90be?pvs=21),Online banking
กระเพราหมูสับไข่ดาว,THB 73.00,🍴Eating_OCT24 (https://app.notion.com/p/Eating_OCT24-639cb528afcc4790b8976f485eb8cd1d?pvs=21),No,"October 25, 2024",October 24 (https://app.notion.com/p/October-24-7b27bbe68af04055a4f2277bec8a90be?pvs=21),Online banking
Durex,THB 490.00,💊Health & Fitness_OCT24 (https://app.notion.com/p/Health-Fitness_OCT24-239b731e6af4414b859e9c5e4adbd8f8?pvs=21),No,"October 26, 2024",October 24 (https://app.notion.com/p/October-24-7b27bbe68af04055a4f2277bec8a90be?pvs=21),Online banking
Food,THB 40.00,🍴Eating_OCT24 (https://app.notion.com/p/Eating_OCT24-639cb528afcc4790b8976f485eb8cd1d?pvs=21),No,"October 26, 2024",October 24 (https://app.notion.com/p/October-24-7b27bbe68af04055a4f2277bec8a90be?pvs=21),Online banking
O ring Flair neo,THB 238.00,🏠Home_OCT24 (https://app.notion.com/p/Home_OCT24-9c289a7916a84a11aefa84b4da5c7650?pvs=21),No,"October 26, 2024",October 24 (https://app.notion.com/p/October-24-7b27bbe68af04055a4f2277bec8a90be?pvs=21),Online banking
สลัดฟาร์ม,THB 90.00,🍴Eating_OCT24 (https://app.notion.com/p/Eating_OCT24-639cb528afcc4790b8976f485eb8cd1d?pvs=21),Yes,"October 26, 2024",October 24 (https://app.notion.com/p/October-24-7b27bbe68af04055a4f2277bec8a90be?pvs=21),Credit card
คั่วไก่นิมมาน,THB 70.00,🍴Eating_OCT24 (https://app.notion.com/p/Eating_OCT24-639cb528afcc4790b8976f485eb8cd1d?pvs=21),Yes,"October 26, 2024",October 24 (https://app.notion.com/p/October-24-7b27bbe68af04055a4f2277bec8a90be?pvs=21),Credit card
Maxim,THB 58.00,🛢️Transportation_OCT24 (https://app.notion.com/p/Transportation_OCT24-e6ea67045545483f95752a53ffffac98?pvs=21),No,"October 27, 2024",October 24 (https://app.notion.com/p/October-24-7b27bbe68af04055a4f2277bec8a90be?pvs=21),Credit card
ที่พักงานราชฯ,"THB 2,009.00",✈️Travel_OCT24 (https://app.notion.com/p/Travel_OCT24-9fdd8bbc05194ce881f9d2253f7ad79f?pvs=21),No,"October 27, 2024",October 24 (https://app.notion.com/p/October-24-7b27bbe68af04055a4f2277bec8a90be?pvs=21),Credit card
Grabvan,THB 78.00,🛢️Transportation_OCT24 (https://app.notion.com/p/Transportation_OCT24-e6ea67045545483f95752a53ffffac98?pvs=21),No,"October 27, 2024",October 24 (https://app.notion.com/p/October-24-7b27bbe68af04055a4f2277bec8a90be?pvs=21),Credit card
99/100,THB 55.00,🍴Eating_OCT24 (https://app.notion.com/p/Eating_OCT24-639cb528afcc4790b8976f485eb8cd1d?pvs=21),No,"October 27, 2024",October 24 (https://app.notion.com/p/October-24-7b27bbe68af04055a4f2277bec8a90be?pvs=21),Online banking
Piccolo vicolo,THB 140.00,🍴Eating_OCT24 (https://app.notion.com/p/Eating_OCT24-639cb528afcc4790b8976f485eb8cd1d?pvs=21),No,"October 27, 2024",October 24 (https://app.notion.com/p/October-24-7b27bbe68af04055a4f2277bec8a90be?pvs=21),Online banking
Grab MOCA,THB 74.00,🛢️Transportation_OCT24 (https://app.notion.com/p/Transportation_OCT24-e6ea67045545483f95752a53ffffac98?pvs=21),No,"October 27, 2024",October 24 (https://app.notion.com/p/October-24-7b27bbe68af04055a4f2277bec8a90be?pvs=21),Credit card
Zimt.,THB 304.00,🍴Eating_OCT24 (https://app.notion.com/p/Eating_OCT24-639cb528afcc4790b8976f485eb8cd1d?pvs=21),No,"October 27, 2024",October 24 (https://app.notion.com/p/October-24-7b27bbe68af04055a4f2277bec8a90be?pvs=21),Online banking
MOCA,THB 280.00,✈️Travel_OCT24 (https://app.notion.com/p/Travel_OCT24-9fdd8bbc05194ce881f9d2253f7ad79f?pvs=21),No,"October 27, 2024",October 24 (https://app.notion.com/p/October-24-7b27bbe68af04055a4f2277bec8a90be?pvs=21),Online banking
Loster city,THB 370.00,🍴Eating_OCT24 (https://app.notion.com/p/Eating_OCT24-639cb528afcc4790b8976f485eb8cd1d?pvs=21),No,"October 27, 2024",October 24 (https://app.notion.com/p/October-24-7b27bbe68af04055a4f2277bec8a90be?pvs=21),Online banking
ต้องปัง,THB 54.00,🍴Eating_OCT24 (https://app.notion.com/p/Eating_OCT24-639cb528afcc4790b8976f485eb8cd1d?pvs=21),No,"October 27, 2024",October 24 (https://app.notion.com/p/October-24-7b27bbe68af04055a4f2277bec8a90be?pvs=21),Online banking
Food,THB 66.00,🛢️Transportation_OCT24 (https://app.notion.com/p/Transportation_OCT24-e6ea67045545483f95752a53ffffac98?pvs=21),No,"October 27, 2024",October 24 (https://app.notion.com/p/October-24-7b27bbe68af04055a4f2277bec8a90be?pvs=21),Online banking
Food,THB 593.00,🍴Eating_OCT24 (https://app.notion.com/p/Eating_OCT24-639cb528afcc4790b8976f485eb8cd1d?pvs=21),No,"October 28, 2024",October 24 (https://app.notion.com/p/October-24-7b27bbe68af04055a4f2277bec8a90be?pvs=21),Credit card
BTS,THB 34.00,🛢️Transportation_OCT24 (https://app.notion.com/p/Transportation_OCT24-e6ea67045545483f95752a53ffffac98?pvs=21),No,"October 28, 2024",October 24 (https://app.notion.com/p/October-24-7b27bbe68af04055a4f2277bec8a90be?pvs=21),Online banking
B story,THB 92.00,🍴Eating_OCT24 (https://app.notion.com/p/Eating_OCT24-639cb528afcc4790b8976f485eb8cd1d?pvs=21),No,"October 29, 2024",October 24 (https://app.notion.com/p/October-24-7b27bbe68af04055a4f2277bec8a90be?pvs=21),Online banking
BTS,THB 34.00,🛢️Transportation_OCT24 (https://app.notion.com/p/Transportation_OCT24-e6ea67045545483f95752a53ffffac98?pvs=21),No,"October 29, 2024",October 24 (https://app.notion.com/p/October-24-7b27bbe68af04055a4f2277bec8a90be?pvs=21),Credit card
Fam time,THB 267.00,🍴Eating_OCT24 (https://app.notion.com/p/Eating_OCT24-639cb528afcc4790b8976f485eb8cd1d?pvs=21),No,"October 29, 2024",October 24 (https://app.notion.com/p/October-24-7b27bbe68af04055a4f2277bec8a90be?pvs=21),Online banking
Keurim,THB 172.00,🍴Eating_OCT24 (https://app.notion.com/p/Eating_OCT24-639cb528afcc4790b8976f485eb8cd1d?pvs=21),No,"October 29, 2024",October 24 (https://app.notion.com/p/October-24-7b27bbe68af04055a4f2277bec8a90be?pvs=21),Online banking
Grab van,THB 117.00,🛢️Transportation_OCT24 (https://app.notion.com/p/Transportation_OCT24-e6ea67045545483f95752a53ffffac98?pvs=21),No,"October 30, 2024",October 24 (https://app.notion.com/p/October-24-7b27bbe68af04055a4f2277bec8a90be?pvs=21),Credit card
Food,THB 84.00,🍴Eating_OCT24 (https://app.notion.com/p/Eating_OCT24-639cb528afcc4790b8976f485eb8cd1d?pvs=21),No,"October 31, 2024",October 24 (https://app.notion.com/p/October-24-7b27bbe68af04055a4f2277bec8a90be?pvs=21),Online banking
Tumbler,THB 70.00,🍴Eating_OCT24 (https://app.notion.com/p/Eating_OCT24-639cb528afcc4790b8976f485eb8cd1d?pvs=21),No,"October 31, 2024",October 24 (https://app.notion.com/p/October-24-7b27bbe68af04055a4f2277bec8a90be?pvs=21),Online banking
กระเพราเต้าหู้,THB 45.00,🍴Eating_OCT24 (https://app.notion.com/p/Eating_OCT24-639cb528afcc4790b8976f485eb8cd1d?pvs=21),No,"October 31, 2024",October 24 (https://app.notion.com/p/October-24-7b27bbe68af04055a4f2277bec8a90be?pvs=21),Online banking
Food,THB 55.00,🍴Eating_NOV24 (https://app.notion.com/p/Eating_NOV24-816059dabac3413aa9279284784a2b01?pvs=21),No,"November 1, 2024",November 24 (https://app.notion.com/p/November-24-7790540498364ce4ac20fa0ec6bea9f7?pvs=21),Online banking
Food,THB 158.00,🍴Eating_NOV24 (https://app.notion.com/p/Eating_NOV24-816059dabac3413aa9279284784a2b01?pvs=21),Yes,"November 1, 2024",November 24 (https://app.notion.com/p/November-24-7790540498364ce4ac20fa0ec6bea9f7?pvs=21),Credit card
เจียวดาว,THB 130.00,🍴Eating_NOV24 (https://app.notion.com/p/Eating_NOV24-816059dabac3413aa9279284784a2b01?pvs=21),No,"November 2, 2024",November 24 (https://app.notion.com/p/November-24-7790540498364ce4ac20fa0ec6bea9f7?pvs=21),Online banking
Groon,THB 425.00,🍴Eating_NOV24 (https://app.notion.com/p/Eating_NOV24-816059dabac3413aa9279284784a2b01?pvs=21),No,"November 3, 2024",November 24 (https://app.notion.com/p/November-24-7790540498364ce4ac20fa0ec6bea9f7?pvs=21),Online banking
เพราด้ง,THB 164.00,🍴Eating_NOV24 (https://app.notion.com/p/Eating_NOV24-816059dabac3413aa9279284784a2b01?pvs=21),No,"November 3, 2024",November 24 (https://app.notion.com/p/November-24-7790540498364ce4ac20fa0ec6bea9f7?pvs=21),Online banking
Potato corner,THB 74.00,🍴Eating_NOV24 (https://app.notion.com/p/Eating_NOV24-816059dabac3413aa9279284784a2b01?pvs=21),No,"November 3, 2024",November 24 (https://app.notion.com/p/November-24-7790540498364ce4ac20fa0ec6bea9f7?pvs=21),Online banking
Zelda,"THB 1,890.00",🎮Entertainment_NOV24 (https://app.notion.com/p/Entertainment_NOV24-482ce3e7848642039d6c001780f46f08?pvs=21),No,"November 3, 2024",November 24 (https://app.notion.com/p/November-24-7790540498364ce4ac20fa0ec6bea9f7?pvs=21),Online banking
Shopping - top,THB 556.70,🛍️Shopping_NOV24 (https://app.notion.com/p/Shopping_NOV24-a119a98bc31e46f3b1981e43df719692?pvs=21),No,"November 3, 2024",November 24 (https://app.notion.com/p/November-24-7790540498364ce4ac20fa0ec6bea9f7?pvs=21),Online banking
ก๋วยเตี๋ยวคั่วไก่,THB 51.00,🍴Eating_NOV24 (https://app.notion.com/p/Eating_NOV24-816059dabac3413aa9279284784a2b01?pvs=21),Yes,"November 4, 2024",November 24 (https://app.notion.com/p/November-24-7790540498364ce4ac20fa0ec6bea9f7?pvs=21),Credit card
สุกี้หมูแห้ง,THB 40.00,🍴Eating_NOV24 (https://app.notion.com/p/Eating_NOV24-816059dabac3413aa9279284784a2b01?pvs=21),No,"November 5, 2024",November 24 (https://app.notion.com/p/November-24-7790540498364ce4ac20fa0ec6bea9f7?pvs=21),Online banking
Food,THB 16.00,🍴Eating_NOV24 (https://app.notion.com/p/Eating_NOV24-816059dabac3413aa9279284784a2b01?pvs=21),No,"November 5, 2024",November 24 (https://app.notion.com/p/November-24-7790540498364ce4ac20fa0ec6bea9f7?pvs=21),Online banking
ปลาแกะ,THB 152.00,🍴Eating_NOV24 (https://app.notion.com/p/Eating_NOV24-816059dabac3413aa9279284784a2b01?pvs=21),Yes,"November 5, 2024",November 24 (https://app.notion.com/p/November-24-7790540498364ce4ac20fa0ec6bea9f7?pvs=21),Credit card
Food,THB 40.00,🍴Eating_NOV24 (https://app.notion.com/p/Eating_NOV24-816059dabac3413aa9279284784a2b01?pvs=21),No,"November 6, 2024",November 24 (https://app.notion.com/p/November-24-7790540498364ce4ac20fa0ec6bea9f7?pvs=21),Online banking
Food,THB 40.00,🍴Eating_NOV24 (https://app.notion.com/p/Eating_NOV24-816059dabac3413aa9279284784a2b01?pvs=21),No,"November 7, 2024",November 24 (https://app.notion.com/p/November-24-7790540498364ce4ac20fa0ec6bea9f7?pvs=21),Online banking
ก๋วยเตี๋ยว กาแฟ,THB 195.00,🍴Eating_NOV24 (https://app.notion.com/p/Eating_NOV24-816059dabac3413aa9279284784a2b01?pvs=21),No,"November 8, 2024",November 24 (https://app.notion.com/p/November-24-7790540498364ce4ac20fa0ec6bea9f7?pvs=21),Online banking
เกี๊ยว,THB 100.00,🍴Eating_NOV24 (https://app.notion.com/p/Eating_NOV24-816059dabac3413aa9279284784a2b01?pvs=21),No,"November 8, 2024",November 24 (https://app.notion.com/p/November-24-7790540498364ce4ac20fa0ec6bea9f7?pvs=21),Online banking
Food,THB 55.00,🍴Eating_NOV24 (https://app.notion.com/p/Eating_NOV24-816059dabac3413aa9279284784a2b01?pvs=21),No,"November 9, 2024",November 24 (https://app.notion.com/p/November-24-7790540498364ce4ac20fa0ec6bea9f7?pvs=21),Online banking
Food,THB 50.00,🍴Eating_NOV24 (https://app.notion.com/p/Eating_NOV24-816059dabac3413aa9279284784a2b01?pvs=21),No,"November 9, 2024",November 24 (https://app.notion.com/p/November-24-7790540498364ce4ac20fa0ec6bea9f7?pvs=21),Online banking
Food,THB 25.00,🍴Eating_NOV24 (https://app.notion.com/p/Eating_NOV24-816059dabac3413aa9279284784a2b01?pvs=21),No,"November 9, 2024",November 24 (https://app.notion.com/p/November-24-7790540498364ce4ac20fa0ec6bea9f7?pvs=21),Online banking
หมาล่า,THB 84.00,🍴Eating_NOV24 (https://app.notion.com/p/Eating_NOV24-816059dabac3413aa9279284784a2b01?pvs=21),No,"November 9, 2024",November 24 (https://app.notion.com/p/November-24-7790540498364ce4ac20fa0ec6bea9f7?pvs=21),Online banking
Food,THB 398.00,🍴Eating_NOV24 (https://app.notion.com/p/Eating_NOV24-816059dabac3413aa9279284784a2b01?pvs=21),No,"November 10, 2024",November 24 (https://app.notion.com/p/November-24-7790540498364ce4ac20fa0ec6bea9f7?pvs=21),Online banking
Food,THB 65.00,🍴Eating_NOV24 (https://app.notion.com/p/Eating_NOV24-816059dabac3413aa9279284784a2b01?pvs=21),No,"November 10, 2024",November 24 (https://app.notion.com/p/November-24-7790540498364ce4ac20fa0ec6bea9f7?pvs=21),Online banking
แผ่นฉี่ ยาหยอด,THB 672.00,🐱Cat_NOV24 (https://app.notion.com/p/Cat_NOV24-a69d201e99014cd28cf6a1a04e129b89?pvs=21),Yes,"November 11, 2024",November 24 (https://app.notion.com/p/November-24-7790540498364ce4ac20fa0ec6bea9f7?pvs=21),Online banking
Coffee equipment,"THB 5,054.00",🛍️Shopping_NOV24 (https://app.notion.com/p/Shopping_NOV24-a119a98bc31e46f3b1981e43df719692?pvs=21),No,"November 11, 2024",November 24 (https://app.notion.com/p/November-24-7790540498364ce4ac20fa0ec6bea9f7?pvs=21),Online banking
กระเพราหมูสับไข่ดาว,THB 47.00,🍴Eating_NOV24 (https://app.notion.com/p/Eating_NOV24-816059dabac3413aa9279284784a2b01?pvs=21),No,"November 11, 2024",November 24 (https://app.notion.com/p/November-24-7790540498364ce4ac20fa0ec6bea9f7?pvs=21),Online banking
Seven,THB 65.00,🍴Eating_NOV24 (https://app.notion.com/p/Eating_NOV24-816059dabac3413aa9279284784a2b01?pvs=21),No,"November 11, 2024",November 24 (https://app.notion.com/p/November-24-7790540498364ce4ac20fa0ec6bea9f7?pvs=21),Online banking
Food,THB 125.00,🍴Eating_NOV24 (https://app.notion.com/p/Eating_NOV24-816059dabac3413aa9279284784a2b01?pvs=21),No,"November 12, 2024",November 24 (https://app.notion.com/p/November-24-7790540498364ce4ac20fa0ec6bea9f7?pvs=21),Online banking
Food,THB 45.00,🍴Eating_NOV24 (https://app.notion.com/p/Eating_NOV24-816059dabac3413aa9279284784a2b01?pvs=21),No,"November 12, 2024",November 24 (https://app.notion.com/p/November-24-7790540498364ce4ac20fa0ec6bea9f7?pvs=21),Online banking
Food,THB 45.00,🍴Eating_NOV24 (https://app.notion.com/p/Eating_NOV24-816059dabac3413aa9279284784a2b01?pvs=21),No,"November 13, 2024",November 24 (https://app.notion.com/p/November-24-7790540498364ce4ac20fa0ec6bea9f7?pvs=21),Online banking
Food,THB 65.00,🍴Eating_NOV24 (https://app.notion.com/p/Eating_NOV24-816059dabac3413aa9279284784a2b01?pvs=21),No,"November 13, 2024",November 24 (https://app.notion.com/p/November-24-7790540498364ce4ac20fa0ec6bea9f7?pvs=21),Online banking
"Jazz, ชัยโยเกิร์ต",THB 294.00,🍴Eating_NOV24 (https://app.notion.com/p/Eating_NOV24-816059dabac3413aa9279284784a2b01?pvs=21),No,"November 13, 2024",November 24 (https://app.notion.com/p/November-24-7790540498364ce4ac20fa0ec6bea9f7?pvs=21),Online banking
สุกี้หมูน้ำดำ,THB 40.00,🍴Eating_NOV24 (https://app.notion.com/p/Eating_NOV24-816059dabac3413aa9279284784a2b01?pvs=21),No,"November 14, 2024",November 24 (https://app.notion.com/p/November-24-7790540498364ce4ac20fa0ec6bea9f7?pvs=21),Online banking
โกยี,THB 90.00,🍴Eating_NOV24 (https://app.notion.com/p/Eating_NOV24-816059dabac3413aa9279284784a2b01?pvs=21),No,"November 15, 2024",November 24 (https://app.notion.com/p/November-24-7790540498364ce4ac20fa0ec6bea9f7?pvs=21),Online banking
Food,THB 60.00,🍴Eating_NOV24 (https://app.notion.com/p/Eating_NOV24-816059dabac3413aa9279284784a2b01?pvs=21),No,"November 16, 2024",November 24 (https://app.notion.com/p/November-24-7790540498364ce4ac20fa0ec6bea9f7?pvs=21),Online banking
Food,THB 65.00,🍴Eating_NOV24 (https://app.notion.com/p/Eating_NOV24-816059dabac3413aa9279284784a2b01?pvs=21),No,"November 16, 2024",November 24 (https://app.notion.com/p/November-24-7790540498364ce4ac20fa0ec6bea9f7?pvs=21),Online banking
Sizzler,THB 633.00,🍴Eating_NOV24 (https://app.notion.com/p/Eating_NOV24-816059dabac3413aa9279284784a2b01?pvs=21),Yes,"November 16, 2024",November 24 (https://app.notion.com/p/November-24-7790540498364ce4ac20fa0ec6bea9f7?pvs=21),Credit card
Food,THB 160.00,🍴Eating_NOV24 (https://app.notion.com/p/Eating_NOV24-816059dabac3413aa9279284784a2b01?pvs=21),No,"November 17, 2024",November 24 (https://app.notion.com/p/November-24-7790540498364ce4ac20fa0ec6bea9f7?pvs=21),Online banking
Food,THB 5.00,🍴Eating_NOV24 (https://app.notion.com/p/Eating_NOV24-816059dabac3413aa9279284784a2b01?pvs=21),No,"November 18, 2024",November 24 (https://app.notion.com/p/November-24-7790540498364ce4ac20fa0ec6bea9f7?pvs=21),Online banking
ผัดซีอิ๊วไข่ดาว,THB 60.00,🍴Eating_NOV24 (https://app.notion.com/p/Eating_NOV24-816059dabac3413aa9279284784a2b01?pvs=21),No,"November 19, 2024",November 24 (https://app.notion.com/p/November-24-7790540498364ce4ac20fa0ec6bea9f7?pvs=21),Online banking
กาแฟ,THB 60.00,🍴Eating_NOV24 (https://app.notion.com/p/Eating_NOV24-816059dabac3413aa9279284784a2b01?pvs=21),No,"November 19, 2024",November 24 (https://app.notion.com/p/November-24-7790540498364ce4ac20fa0ec6bea9f7?pvs=21),Online banking
Food,THB 358.00,🍴Eating_NOV24 (https://app.notion.com/p/Eating_NOV24-816059dabac3413aa9279284784a2b01?pvs=21),No,"November 19, 2024",November 24 (https://app.notion.com/p/November-24-7790540498364ce4ac20fa0ec6bea9f7?pvs=21),Online banking
โกยี,THB 140.00,🍴Eating_NOV24 (https://app.notion.com/p/Eating_NOV24-816059dabac3413aa9279284784a2b01?pvs=21),No,"November 20, 2024",November 24 (https://app.notion.com/p/November-24-7790540498364ce4ac20fa0ec6bea9f7?pvs=21),Online banking
Mass,THB 135.00,🍴Eating_NOV24 (https://app.notion.com/p/Eating_NOV24-816059dabac3413aa9279284784a2b01?pvs=21),No,"November 21, 2024",November 24 (https://app.notion.com/p/November-24-7790540498364ce4ac20fa0ec6bea9f7?pvs=21),Online banking
Oil,THB 100.00,🛢️Transportation_NOV24 (https://app.notion.com/p/Transportation_NOV24-ee30626905b34cb18f0cb871f28dd8f7?pvs=21),Yes,"November 23, 2024",November 24 (https://app.notion.com/p/November-24-7790540498364ce4ac20fa0ec6bea9f7?pvs=21),Online banking
Food,THB 108.00,🍴Eating_NOV24 (https://app.notion.com/p/Eating_NOV24-816059dabac3413aa9279284784a2b01?pvs=21),No,"November 23, 2024",November 24 (https://app.notion.com/p/November-24-7790540498364ce4ac20fa0ec6bea9f7?pvs=21),Online banking
Chiang mai direct,THB 329.00,🛍️Shopping_NOV24 (https://app.notion.com/p/Shopping_NOV24-a119a98bc31e46f3b1981e43df719692?pvs=21),No,"November 23, 2024",November 24 (https://app.notion.com/p/November-24-7790540498364ce4ac20fa0ec6bea9f7?pvs=21),Online banking
Food,THB 40.00,🍴Eating_NOV24 (https://app.notion.com/p/Eating_NOV24-816059dabac3413aa9279284784a2b01?pvs=21),No,"November 24, 2024",November 24 (https://app.notion.com/p/November-24-7790540498364ce4ac20fa0ec6bea9f7?pvs=21),Online banking
Food,THB 43.00,🍴Eating_NOV24 (https://app.notion.com/p/Eating_NOV24-816059dabac3413aa9279284784a2b01?pvs=21),No,"November 24, 2024",November 24 (https://app.notion.com/p/November-24-7790540498364ce4ac20fa0ec6bea9f7?pvs=21),Online banking
มหาลาบ,THB 195.00,🍴Eating_NOV24 (https://app.notion.com/p/Eating_NOV24-816059dabac3413aa9279284784a2b01?pvs=21),No,"November 24, 2024",November 24 (https://app.notion.com/p/November-24-7790540498364ce4ac20fa0ec6bea9f7?pvs=21),Online banking
HDMI,THB 189.00,🛍️Shopping_NOV24 (https://app.notion.com/p/Shopping_NOV24-a119a98bc31e46f3b1981e43df719692?pvs=21),No,"November 24, 2024",November 24 (https://app.notion.com/p/November-24-7790540498364ce4ac20fa0ec6bea9f7?pvs=21),Online banking
Food,THB 65.00,🍴Eating_NOV24 (https://app.notion.com/p/Eating_NOV24-816059dabac3413aa9279284784a2b01?pvs=21),No,"November 25, 2024",November 24 (https://app.notion.com/p/November-24-7790540498364ce4ac20fa0ec6bea9f7?pvs=21),Online banking
The barn,THB 155.00,🍴Eating_NOV24 (https://app.notion.com/p/Eating_NOV24-816059dabac3413aa9279284784a2b01?pvs=21),No,"November 25, 2024",November 24 (https://app.notion.com/p/November-24-7790540498364ce4ac20fa0ec6bea9f7?pvs=21),Online banking
Coffee,THB 520.41,🛍️Shopping_NOV24 (https://app.notion.com/p/Shopping_NOV24-a119a98bc31e46f3b1981e43df719692?pvs=21),No,"November 26, 2024",November 24 (https://app.notion.com/p/November-24-7790540498364ce4ac20fa0ec6bea9f7?pvs=21),Credit card
Food,THB 45.00,🍴Eating_NOV24 (https://app.notion.com/p/Eating_NOV24-816059dabac3413aa9279284784a2b01?pvs=21),No,"November 26, 2024",November 24 (https://app.notion.com/p/November-24-7790540498364ce4ac20fa0ec6bea9f7?pvs=21),Online banking
Food,THB 110.00,🍴Eating_NOV24 (https://app.notion.com/p/Eating_NOV24-816059dabac3413aa9279284784a2b01?pvs=21),No,"November 27, 2024",November 24 (https://app.notion.com/p/November-24-7790540498364ce4ac20fa0ec6bea9f7?pvs=21),Online banking
Granola,THB 150.25,🍴Eating_NOV24 (https://app.notion.com/p/Eating_NOV24-816059dabac3413aa9279284784a2b01?pvs=21),No,"November 27, 2024",November 24 (https://app.notion.com/p/November-24-7790540498364ce4ac20fa0ec6bea9f7?pvs=21),Online banking
Food,THB 53.00,🍴Eating_NOV24 (https://app.notion.com/p/Eating_NOV24-816059dabac3413aa9279284784a2b01?pvs=21),No,"November 28, 2024",November 24 (https://app.notion.com/p/November-24-7790540498364ce4ac20fa0ec6bea9f7?pvs=21),Online banking
Food,THB 98.00,🍴Eating_NOV24 (https://app.notion.com/p/Eating_NOV24-816059dabac3413aa9279284784a2b01?pvs=21),No,"November 28, 2024",November 24 (https://app.notion.com/p/November-24-7790540498364ce4ac20fa0ec6bea9f7?pvs=21),Online banking
Baan buri,THB 280.00,🍴Eating_NOV24 (https://app.notion.com/p/Eating_NOV24-816059dabac3413aa9279284784a2b01?pvs=21),No,"November 28, 2024",November 24 (https://app.notion.com/p/November-24-7790540498364ce4ac20fa0ec6bea9f7?pvs=21),Online banking
อองตอง,THB 85.00,🍴Eating_NOV24 (https://app.notion.com/p/Eating_NOV24-816059dabac3413aa9279284784a2b01?pvs=21),No,"November 29, 2024",November 24 (https://app.notion.com/p/November-24-7790540498364ce4ac20fa0ec6bea9f7?pvs=21),Online banking
C med,THB 40.00,🍴Eating_NOV24 (https://app.notion.com/p/Eating_NOV24-816059dabac3413aa9279284784a2b01?pvs=21),No,"November 30, 2024",November 24 (https://app.notion.com/p/November-24-7790540498364ce4ac20fa0ec6bea9f7?pvs=21),Online banking
คะน้าหมู มันฝรั่ง,THB 106.00,🍴Eating_NOV24 (https://app.notion.com/p/Eating_NOV24-816059dabac3413aa9279284784a2b01?pvs=21),No,"November 30, 2024",November 24 (https://app.notion.com/p/November-24-7790540498364ce4ac20fa0ec6bea9f7?pvs=21),Credit card
Food,THB 75.00,🍴Eating_DEC24 (https://app.notion.com/p/Eating_DEC24-5b5e9d84697c430b91d2c08d9bfa4a9d?pvs=21),No,"December 1, 2024",December 24 (https://app.notion.com/p/December-24-465535b269844a8a855716fee9f5d2b3?pvs=21),Online banking
Granula,THB 443.75,🛍️Shopping_DEC24 (https://app.notion.com/p/Shopping_DEC24-59e932d894a04df5989b15486eb50e06?pvs=21),No,"December 1, 2024",December 24 (https://app.notion.com/p/December-24-465535b269844a8a855716fee9f5d2b3?pvs=21),Credit card
Food,THB 60.00,🍴Eating_DEC24 (https://app.notion.com/p/Eating_DEC24-5b5e9d84697c430b91d2c08d9bfa4a9d?pvs=21),No,"December 2, 2024",December 24 (https://app.notion.com/p/December-24-465535b269844a8a855716fee9f5d2b3?pvs=21),Online banking
RN,THB 50.00,🍴Eating_DEC24 (https://app.notion.com/p/Eating_DEC24-5b5e9d84697c430b91d2c08d9bfa4a9d?pvs=21),No,"December 3, 2024",December 24 (https://app.notion.com/p/December-24-465535b269844a8a855716fee9f5d2b3?pvs=21),Online banking
ฉู่ฉี่ไข่ดาว,THB 65.00,🍴Eating_DEC24 (https://app.notion.com/p/Eating_DEC24-5b5e9d84697c430b91d2c08d9bfa4a9d?pvs=21),No,"December 4, 2024",December 24 (https://app.notion.com/p/December-24-465535b269844a8a855716fee9f5d2b3?pvs=21),Online banking
Seven,THB 62.00,🍴Eating_DEC24 (https://app.notion.com/p/Eating_DEC24-5b5e9d84697c430b91d2c08d9bfa4a9d?pvs=21),No,"December 4, 2024",December 24 (https://app.notion.com/p/December-24-465535b269844a8a855716fee9f5d2b3?pvs=21),Online banking
ก๋วยเตี๋ยว,THB 100.00,🍴Eating_DEC24 (https://app.notion.com/p/Eating_DEC24-5b5e9d84697c430b91d2c08d9bfa4a9d?pvs=21),No,"December 5, 2024",December 24 (https://app.notion.com/p/December-24-465535b269844a8a855716fee9f5d2b3?pvs=21),Online banking
ครีมกันแดด,THB 329.00,🛍️Shopping_DEC24 (https://app.notion.com/p/Shopping_DEC24-59e932d894a04df5989b15486eb50e06?pvs=21),No,"December 5, 2024",December 24 (https://app.notion.com/p/December-24-465535b269844a8a855716fee9f5d2b3?pvs=21),Online banking
Ipad upgrade,"THB 1,040.00",🛍️Shopping_DEC24 (https://app.notion.com/p/Shopping_DEC24-59e932d894a04df5989b15486eb50e06?pvs=21),No,"December 5, 2024",December 24 (https://app.notion.com/p/December-24-465535b269844a8a855716fee9f5d2b3?pvs=21),Online banking
จับฉลากปีใหม่,THB 224.00,🎮Entertainment_DEC24 (https://app.notion.com/p/Entertainment_DEC24-52df91152ac24c57bfafada8e4631137?pvs=21),No,"December 5, 2024",December 24 (https://app.notion.com/p/December-24-465535b269844a8a855716fee9f5d2b3?pvs=21),Online banking
Food,THB 45.00,🍴Eating_DEC24 (https://app.notion.com/p/Eating_DEC24-5b5e9d84697c430b91d2c08d9bfa4a9d?pvs=21),No,"December 6, 2024",December 24 (https://app.notion.com/p/December-24-465535b269844a8a855716fee9f5d2b3?pvs=21),Online banking
Water,THB 9.00,🍴Eating_DEC24 (https://app.notion.com/p/Eating_DEC24-5b5e9d84697c430b91d2c08d9bfa4a9d?pvs=21),No,"December 6, 2024",December 24 (https://app.notion.com/p/December-24-465535b269844a8a855716fee9f5d2b3?pvs=21),Online banking
ดอกไม้,THB 60.00,❤️Lover_DEC24 (https://app.notion.com/p/Lover_DEC24-0ccb471bec524b6c98dd0fa26ec98b62?pvs=21),No,"December 6, 2024",December 24 (https://app.notion.com/p/December-24-465535b269844a8a855716fee9f5d2b3?pvs=21),Online banking
กระเพราพริกแห้ง + มันทอด,THB 100.00,🍴Eating_DEC24 (https://app.notion.com/p/Eating_DEC24-5b5e9d84697c430b91d2c08d9bfa4a9d?pvs=21),No,"December 7, 2024",December 24 (https://app.notion.com/p/December-24-465535b269844a8a855716fee9f5d2b3?pvs=21),Credit card
Food,THB 47.00,🍴Eating_DEC24 (https://app.notion.com/p/Eating_DEC24-5b5e9d84697c430b91d2c08d9bfa4a9d?pvs=21),No,"December 8, 2024",December 24 (https://app.notion.com/p/December-24-465535b269844a8a855716fee9f5d2b3?pvs=21),Online banking
Fit function,"THB 1,500.00",💊Health & Fitness_DEC24 (https://app.notion.com/p/Health-Fitness_DEC24-1b3ad42baa0c420e8ec264b9812b7dfe?pvs=21),No,"December 8, 2024",December 24 (https://app.notion.com/p/December-24-465535b269844a8a855716fee9f5d2b3?pvs=21),Credit card
แกงกะหรี่ไก่,THB 55.00,🍴Eating_DEC24 (https://app.notion.com/p/Eating_DEC24-5b5e9d84697c430b91d2c08d9bfa4a9d?pvs=21),No,"December 8, 2024",December 24 (https://app.notion.com/p/December-24-465535b269844a8a855716fee9f5d2b3?pvs=21),Online banking
Oil,THB 90.00,🛢️Transportation_DEC24 (https://app.notion.com/p/Transportation_DEC24-7e52c99593844f36bf4a258dd7a41dc9?pvs=21),No,"December 9, 2024",December 24 (https://app.notion.com/p/December-24-465535b269844a8a855716fee9f5d2b3?pvs=21),Online banking
กระเพรา,THB 138.00,🍴Eating_DEC24 (https://app.notion.com/p/Eating_DEC24-5b5e9d84697c430b91d2c08d9bfa4a9d?pvs=21),No,"December 10, 2024",December 24 (https://app.notion.com/p/December-24-465535b269844a8a855716fee9f5d2b3?pvs=21),Online banking
Bean liquor,THB 150.00,🍴Eating_DEC24 (https://app.notion.com/p/Eating_DEC24-5b5e9d84697c430b91d2c08d9bfa4a9d?pvs=21),No,"December 10, 2024",December 24 (https://app.notion.com/p/December-24-465535b269844a8a855716fee9f5d2b3?pvs=21),Online banking
JUSTDONE Ai,THB 69.94,📖Education_DEC24 (https://app.notion.com/p/Education_DEC24-f39f8068782e4945a0321363c8060bc4?pvs=21),No,"December 10, 2024",December 24 (https://app.notion.com/p/December-24-465535b269844a8a855716fee9f5d2b3?pvs=21),Credit card
Food,THB 85.00,🍴Eating_DEC24 (https://app.notion.com/p/Eating_DEC24-5b5e9d84697c430b91d2c08d9bfa4a9d?pvs=21),No,"December 11, 2024",December 24 (https://app.notion.com/p/December-24-465535b269844a8a855716fee9f5d2b3?pvs=21),Online banking
ซ่อม MC,THB 160.00,🛢️Transportation_DEC24 (https://app.notion.com/p/Transportation_DEC24-7e52c99593844f36bf4a258dd7a41dc9?pvs=21),No,"December 12, 2024",December 24 (https://app.notion.com/p/December-24-465535b269844a8a855716fee9f5d2b3?pvs=21),Credit card
Enneagram,THB 198.00,❤️Lover_DEC24 (https://app.notion.com/p/Lover_DEC24-0ccb471bec524b6c98dd0fa26ec98b62?pvs=21),No,"December 12, 2024",December 24 (https://app.notion.com/p/December-24-465535b269844a8a855716fee9f5d2b3?pvs=21),Online banking
Food,THB 120.00,🍴Eating_DEC24 (https://app.notion.com/p/Eating_DEC24-5b5e9d84697c430b91d2c08d9bfa4a9d?pvs=21),No,"December 13, 2024",December 24 (https://app.notion.com/p/December-24-465535b269844a8a855716fee9f5d2b3?pvs=21),Online banking
รสสุคน,THB 205.00,🍴Eating_DEC24 (https://app.notion.com/p/Eating_DEC24-5b5e9d84697c430b91d2c08d9bfa4a9d?pvs=21),No,"December 12, 2024",December 24 (https://app.notion.com/p/December-24-465535b269844a8a855716fee9f5d2b3?pvs=21),Online banking
Salad khunnai,THB 161.00,🍴Eating_DEC24 (https://app.notion.com/p/Eating_DEC24-5b5e9d84697c430b91d2c08d9bfa4a9d?pvs=21),No,"December 14, 2024",December 24 (https://app.notion.com/p/December-24-465535b269844a8a855716fee9f5d2b3?pvs=21),Credit card
ไข่ขยี้หมูสับ,THB 68.00,🍴Eating_DEC24 (https://app.notion.com/p/Eating_DEC24-5b5e9d84697c430b91d2c08d9bfa4a9d?pvs=21),No,"December 15, 2024",December 24 (https://app.notion.com/p/December-24-465535b269844a8a855716fee9f5d2b3?pvs=21),Credit card
Jeap,THB 125.00,🍴Eating_DEC24 (https://app.notion.com/p/Eating_DEC24-5b5e9d84697c430b91d2c08d9bfa4a9d?pvs=21),No,"December 15, 2024",December 24 (https://app.notion.com/p/December-24-465535b269844a8a855716fee9f5d2b3?pvs=21),Online banking
ข้าวผัดคอหมูย่าง,THB 130.00,🍴Eating_DEC24 (https://app.notion.com/p/Eating_DEC24-5b5e9d84697c430b91d2c08d9bfa4a9d?pvs=21),No,"December 16, 2024",December 24 (https://app.notion.com/p/December-24-465535b269844a8a855716fee9f5d2b3?pvs=21),Online banking
ปลาหม้อหิน,THB 389.00,🍴Eating_DEC24 (https://app.notion.com/p/Eating_DEC24-5b5e9d84697c430b91d2c08d9bfa4a9d?pvs=21),No,"December 16, 2024",December 24 (https://app.notion.com/p/December-24-465535b269844a8a855716fee9f5d2b3?pvs=21),Online banking
น้ำ,THB 7.00,🍴Eating_DEC24 (https://app.notion.com/p/Eating_DEC24-5b5e9d84697c430b91d2c08d9bfa4a9d?pvs=21),No,"December 18, 2024",December 24 (https://app.notion.com/p/December-24-465535b269844a8a855716fee9f5d2b3?pvs=21),Online banking
Odenduck,THB 102.00,🍴Eating_DEC24 (https://app.notion.com/p/Eating_DEC24-5b5e9d84697c430b91d2c08d9bfa4a9d?pvs=21),No,"December 20, 2024",December 24 (https://app.notion.com/p/December-24-465535b269844a8a855716fee9f5d2b3?pvs=21),Credit card
Food,THB 60.00,🍴Eating_DEC24 (https://app.notion.com/p/Eating_DEC24-5b5e9d84697c430b91d2c08d9bfa4a9d?pvs=21),No,"December 21, 2024",December 24 (https://app.notion.com/p/December-24-465535b269844a8a855716fee9f5d2b3?pvs=21),Online banking
Roastniyom,THB 80.00,🍴Eating_DEC24 (https://app.notion.com/p/Eating_DEC24-5b5e9d84697c430b91d2c08d9bfa4a9d?pvs=21),No,"December 22, 2024",December 24 (https://app.notion.com/p/December-24-465535b269844a8a855716fee9f5d2b3?pvs=21),Online banking
Granula,THB 140.00,🍴Eating_DEC24 (https://app.notion.com/p/Eating_DEC24-5b5e9d84697c430b91d2c08d9bfa4a9d?pvs=21),No,"December 22, 2024",December 24 (https://app.notion.com/p/December-24-465535b269844a8a855716fee9f5d2b3?pvs=21),Online banking
Cmed,THB 45.00,🍴Eating_DEC24 (https://app.notion.com/p/Eating_DEC24-5b5e9d84697c430b91d2c08d9bfa4a9d?pvs=21),No,"December 23, 2024",December 24 (https://app.notion.com/p/December-24-465535b269844a8a855716fee9f5d2b3?pvs=21),Online banking
ตลาดพยบ.,THB 70.00,🍴Eating_DEC24 (https://app.notion.com/p/Eating_DEC24-5b5e9d84697c430b91d2c08d9bfa4a9d?pvs=21),No,"December 24, 2024",December 24 (https://app.notion.com/p/December-24-465535b269844a8a855716fee9f5d2b3?pvs=21),Online banking
ของฝากกลับบ้าน,THB 535.00,❤️Lover_DEC24 (https://app.notion.com/p/Lover_DEC24-0ccb471bec524b6c98dd0fa26ec98b62?pvs=21),No,"December 24, 2024",December 24 (https://app.notion.com/p/December-24-465535b269844a8a855716fee9f5d2b3?pvs=21),Online banking
Tai tai + มีความปัง,THB 290.25,🍴Eating_DEC24 (https://app.notion.com/p/Eating_DEC24-5b5e9d84697c430b91d2c08d9bfa4a9d?pvs=21),No,"December 25, 2024",December 24 (https://app.notion.com/p/December-24-465535b269844a8a855716fee9f5d2b3?pvs=21),Online banking
Milk,THB 48.75,🍴Eating_DEC24 (https://app.notion.com/p/Eating_DEC24-5b5e9d84697c430b91d2c08d9bfa4a9d?pvs=21),No,"December 25, 2024",December 24 (https://app.notion.com/p/December-24-465535b269844a8a855716fee9f5d2b3?pvs=21),Online banking
Food,THB 40.00,🍴Eating_DEC24 (https://app.notion.com/p/Eating_DEC24-5b5e9d84697c430b91d2c08d9bfa4a9d?pvs=21),No,"December 26, 2024",December 24 (https://app.notion.com/p/December-24-465535b269844a8a855716fee9f5d2b3?pvs=21),Online banking
เตี๋ยวยำโบราณ,THB 65.00,🍴Eating_DEC24 (https://app.notion.com/p/Eating_DEC24-5b5e9d84697c430b91d2c08d9bfa4a9d?pvs=21),No,"December 27, 2024",December 24 (https://app.notion.com/p/December-24-465535b269844a8a855716fee9f5d2b3?pvs=21),Online banking
Seven,THB 67.00,🍴Eating_DEC24 (https://app.notion.com/p/Eating_DEC24-5b5e9d84697c430b91d2c08d9bfa4a9d?pvs=21),No,"December 27, 2024",December 24 (https://app.notion.com/p/December-24-465535b269844a8a855716fee9f5d2b3?pvs=21),Online banking
Fitness,"THB 1,500.00",💊Health & Fitness_DEC24 (https://app.notion.com/p/Health-Fitness_DEC24-1b3ad42baa0c420e8ec264b9812b7dfe?pvs=21),No,"December 27, 2024",December 24 (https://app.notion.com/p/December-24-465535b269844a8a855716fee9f5d2b3?pvs=21),Credit card
Yuzu,THB 813.00,🐱Cat_DEC24 (https://app.notion.com/p/Cat_DEC24-e3195f81c306458791ff0e2afabeceab?pvs=21),No,"December 28, 2024",December 24 (https://app.notion.com/p/December-24-465535b269844a8a855716fee9f5d2b3?pvs=21),Online banking
Vaccine,THB 290.00,🐱Cat_DEC24 (https://app.notion.com/p/Cat_DEC24-e3195f81c306458791ff0e2afabeceab?pvs=21),No,"December 29, 2024",December 24 (https://app.notion.com/p/December-24-465535b269844a8a855716fee9f5d2b3?pvs=21),Online banking
Protein ให้ที่บ้าน,"THB 1,683.00",❤️Lover_DEC24 (https://app.notion.com/p/Lover_DEC24-0ccb471bec524b6c98dd0fa26ec98b62?pvs=21),No,"December 29, 2024",December 24 (https://app.notion.com/p/December-24-465535b269844a8a855716fee9f5d2b3?pvs=21),Credit card
ถั่วทอดของฝาก,THB 100.00,❤️Lover_DEC24 (https://app.notion.com/p/Lover_DEC24-0ccb471bec524b6c98dd0fa26ec98b62?pvs=21),No,"December 29, 2024",December 24 (https://app.notion.com/p/December-24-465535b269844a8a855716fee9f5d2b3?pvs=21),Online banking
รางผ้าม่าน,THB 128.00,🏠Home_DEC24 (https://app.notion.com/p/Home_DEC24-afbf2917b1b94332a1e03029bdcdcf40?pvs=21),No,"December 29, 2024",December 24 (https://app.notion.com/p/December-24-465535b269844a8a855716fee9f5d2b3?pvs=21),Credit card
Oil,THB 760.00,🛢️Transportation_DEC24 (https://app.notion.com/p/Transportation_DEC24-7e52c99593844f36bf4a258dd7a41dc9?pvs=21),No,"December 30, 2024",December 24 (https://app.notion.com/p/December-24-465535b269844a8a855716fee9f5d2b3?pvs=21),Credit card
กระเพรากระด้ง,THB 140.00,🍴Eating_DEC24 (https://app.notion.com/p/Eating_DEC24-5b5e9d84697c430b91d2c08d9bfa4a9d?pvs=21),No,"December 30, 2024",December 24 (https://app.notion.com/p/December-24-465535b269844a8a855716fee9f5d2b3?pvs=21),Online banking
Bean liquor,THB 170.00,🍴Eating_DEC24 (https://app.notion.com/p/Eating_DEC24-5b5e9d84697c430b91d2c08d9bfa4a9d?pvs=21),No,"December 30, 2024",December 24 (https://app.notion.com/p/December-24-465535b269844a8a855716fee9f5d2b3?pvs=21),Online banking
"ตัดผม ",THB 130.00,💊Health & Fitness_DEC24 (https://app.notion.com/p/Health-Fitness_DEC24-1b3ad42baa0c420e8ec264b9812b7dfe?pvs=21),No,"December 30, 2024",December 24 (https://app.notion.com/p/December-24-465535b269844a8a855716fee9f5d2b3?pvs=21),Online banking
ข้าวเก๊กฮวย,THB 60.00,🍴Eating_DEC24 (https://app.notion.com/p/Eating_DEC24-5b5e9d84697c430b91d2c08d9bfa4a9d?pvs=21),No,"December 30, 2024",December 24 (https://app.notion.com/p/December-24-465535b269844a8a855716fee9f5d2b3?pvs=21),Online banking
ครัวป้าไก่,THB 175.00,🍴Eating_DEC24 (https://app.notion.com/p/Eating_DEC24-5b5e9d84697c430b91d2c08d9bfa4a9d?pvs=21),No,"December 31, 2024",December 24 (https://app.notion.com/p/December-24-465535b269844a8a855716fee9f5d2b3?pvs=21),Online banking
Cafe sujinno,THB 20.00,🍴Eating_JAN25 (https://app.notion.com/p/Eating_JAN25-1680423c142680519cd1fd8eed652a52?pvs=21),No,"January 1, 2025",January 25 (https://app.notion.com/p/January-25-1680423c14268084a95dcad7ce162788?pvs=21),Online banking
Today,THB 466.52,🍴Eating_JAN25 (https://app.notion.com/p/Eating_JAN25-1680423c142680519cd1fd8eed652a52?pvs=21),No,"January 1, 2025",January 25 (https://app.notion.com/p/January-25-1680423c14268084a95dcad7ce162788?pvs=21),Online banking
Milk,THB 48.75,🍴Eating_JAN25 (https://app.notion.com/p/Eating_JAN25-1680423c142680519cd1fd8eed652a52?pvs=21),No,"January 1, 2025",January 25 (https://app.notion.com/p/January-25-1680423c14268084a95dcad7ce162788?pvs=21),Online banking
ก๋วยเตี๋ยว,THB 69.00,🍴Eating_JAN25 (https://app.notion.com/p/Eating_JAN25-1680423c142680519cd1fd8eed652a52?pvs=21),No,"January 2, 2025",January 25 (https://app.notion.com/p/January-25-1680423c14268084a95dcad7ce162788?pvs=21),Online banking
Mingmitr,THB 65.00,🍴Eating_JAN25 (https://app.notion.com/p/Eating_JAN25-1680423c142680519cd1fd8eed652a52?pvs=21),No,"January 2, 2025",January 25 (https://app.notion.com/p/January-25-1680423c14268084a95dcad7ce162788?pvs=21),Online banking
กาญจน์โภชนา,THB 70.00,🍴Eating_JAN25 (https://app.notion.com/p/Eating_JAN25-1680423c142680519cd1fd8eed652a52?pvs=21),No,"January 3, 2025",January 25 (https://app.notion.com/p/January-25-1680423c14268084a95dcad7ce162788?pvs=21),Online banking
Food,THB 130.00,🍴Eating_JAN25 (https://app.notion.com/p/Eating_JAN25-1680423c142680519cd1fd8eed652a52?pvs=21),No,"January 4, 2025",January 25 (https://app.notion.com/p/January-25-1680423c14268084a95dcad7ce162788?pvs=21),Online banking
Geforce now,THB 232.62,🎮Entertainment_DEC24 (https://app.notion.com/p/Entertainment_DEC24-52df91152ac24c57bfafada8e4631137?pvs=21),No,"December 29, 2024",December 24 (https://app.notion.com/p/December-24-465535b269844a8a855716fee9f5d2b3?pvs=21),Credit card
VT แหนมเนือง,THB 370.00,🍴Eating_JAN25 (https://app.notion.com/p/Eating_JAN25-1680423c142680519cd1fd8eed652a52?pvs=21),No,"January 5, 2025",January 25 (https://app.notion.com/p/January-25-1680423c14268084a95dcad7ce162788?pvs=21),Online banking
ส้มตำ,THB 136.00,🍴Eating_JAN25 (https://app.notion.com/p/Eating_JAN25-1680423c142680519cd1fd8eed652a52?pvs=21),No,"January 6, 2025",January 25 (https://app.notion.com/p/January-25-1680423c14268084a95dcad7ce162788?pvs=21),Online banking
โต๊ะพับ,"THB 2,124.00",❤️Lover_JAN25 (https://app.notion.com/p/Lover_JAN25-1680423c142680499f76cf72334cf139?pvs=21),No,"January 6, 2025",January 25 (https://app.notion.com/p/January-25-1680423c14268084a95dcad7ce162788?pvs=21),Credit card
Food,THB 50.00,🍴Eating_JAN25 (https://app.notion.com/p/Eating_JAN25-1680423c142680519cd1fd8eed652a52?pvs=21),No,"January 7, 2025",January 25 (https://app.notion.com/p/January-25-1680423c14268084a95dcad7ce162788?pvs=21),Online banking
Food,THB 40.00,🍴Eating_JAN25 (https://app.notion.com/p/Eating_JAN25-1680423c142680519cd1fd8eed652a52?pvs=21),No,"January 8, 2025",January 25 (https://app.notion.com/p/January-25-1680423c14268084a95dcad7ce162788?pvs=21),Online banking
Fresh,THB 50.00,🍴Eating_JAN25 (https://app.notion.com/p/Eating_JAN25-1680423c142680519cd1fd8eed652a52?pvs=21),No,"January 8, 2025",January 25 (https://app.notion.com/p/January-25-1680423c14268084a95dcad7ce162788?pvs=21),Online banking
ป้าเครือ,THB 45.00,🍴Eating_JAN25 (https://app.notion.com/p/Eating_JAN25-1680423c142680519cd1fd8eed652a52?pvs=21),No,"January 9, 2025",January 25 (https://app.notion.com/p/January-25-1680423c14268084a95dcad7ce162788?pvs=21),Online banking
หมูคั่วพริกเกลือ ไข่ดาว,THB 52.00,🍴Eating_JAN25 (https://app.notion.com/p/Eating_JAN25-1680423c142680519cd1fd8eed652a52?pvs=21),No,"January 10, 2025",January 25 (https://app.notion.com/p/January-25-1680423c14268084a95dcad7ce162788?pvs=21),Online banking
Light brown,THB 125.00,🍴Eating_JAN25 (https://app.notion.com/p/Eating_JAN25-1680423c142680519cd1fd8eed652a52?pvs=21),No,"January 10, 2025",January 25 (https://app.notion.com/p/January-25-1680423c14268084a95dcad7ce162788?pvs=21),Online banking
กาแฟรสนิยม,THB 450.00,🛍️Shopping_JAN25 (https://app.notion.com/p/Shopping_JAN25-1680423c142680b991fdd20e5bf97e6f?pvs=21),No,"January 10, 2025",January 25 (https://app.notion.com/p/January-25-1680423c14268084a95dcad7ce162788?pvs=21),Online banking
Moshi moshi,THB 159.00,🏠Home_JAN25 (https://app.notion.com/p/Home_JAN25-1680423c142680149591d0f935c825eb?pvs=21),No,"January 10, 2025",January 25 (https://app.notion.com/p/January-25-1680423c14268084a95dcad7ce162788?pvs=21),Online banking
ของจับฉลาก,THB 479.00,🎮Entertainment_JAN25 (https://app.notion.com/p/Entertainment_JAN25-1680423c1426804e974ec01d774b5c42?pvs=21),No,"January 11, 2025",January 25 (https://app.notion.com/p/January-25-1680423c14268084a95dcad7ce162788?pvs=21),Credit card
ป้ารุณ,THB 100.00,🍴Eating_JAN25 (https://app.notion.com/p/Eating_JAN25-1680423c142680519cd1fd8eed652a52?pvs=21),No,"January 11, 2025",January 25 (https://app.notion.com/p/January-25-1680423c14268084a95dcad7ce162788?pvs=21),Online banking
Meji,THB 48.75,🍴Eating_JAN25 (https://app.notion.com/p/Eating_JAN25-1680423c142680519cd1fd8eed652a52?pvs=21),No,"January 11, 2025",January 25 (https://app.notion.com/p/January-25-1680423c14268084a95dcad7ce162788?pvs=21),Online banking
ก๋วยเตี๋ยวลำไย,THB 120.00,🍴Eating_JAN25 (https://app.notion.com/p/Eating_JAN25-1680423c142680519cd1fd8eed652a52?pvs=21),No,"January 12, 2025",January 25 (https://app.notion.com/p/January-25-1680423c14268084a95dcad7ce162788?pvs=21),Online banking
Salad farm,THB 270.00,🍴Eating_JAN25 (https://app.notion.com/p/Eating_JAN25-1680423c142680519cd1fd8eed652a52?pvs=21),No,"January 12, 2025",January 25 (https://app.notion.com/p/January-25-1680423c14268084a95dcad7ce162788?pvs=21),Online banking
Lossless scaling,THB 155.00,🎮Entertainment_JAN25 (https://app.notion.com/p/Entertainment_JAN25-1680423c1426804e974ec01d774b5c42?pvs=21),No,"January 13, 2025",January 25 (https://app.notion.com/p/January-25-1680423c14268084a95dcad7ce162788?pvs=21),Credit card
Food,THB 60.00,🍴Eating_JAN25 (https://app.notion.com/p/Eating_JAN25-1680423c142680519cd1fd8eed652a52?pvs=21),No,"January 13, 2025",January 25 (https://app.notion.com/p/January-25-1680423c14268084a95dcad7ce162788?pvs=21),Online banking
Seven,THB 32.00,🍴Eating_JAN25 (https://app.notion.com/p/Eating_JAN25-1680423c142680519cd1fd8eed652a52?pvs=21),No,"January 13, 2025",January 25 (https://app.notion.com/p/January-25-1680423c14268084a95dcad7ce162788?pvs=21),Online banking
ข้าวมันไก่,THB 45.00,🍴Eating_JAN25 (https://app.notion.com/p/Eating_JAN25-1680423c142680519cd1fd8eed652a52?pvs=21),No,"January 14, 2025",January 25 (https://app.notion.com/p/January-25-1680423c14268084a95dcad7ce162788?pvs=21),Online banking
ป้าเครือ + mini,THB 90.00,🍴Eating_JAN25 (https://app.notion.com/p/Eating_JAN25-1680423c142680519cd1fd8eed652a52?pvs=21),No,"January 15, 2025",January 25 (https://app.notion.com/p/January-25-1680423c14268084a95dcad7ce162788?pvs=21),Online banking
Food,THB 50.00,🍴Eating_JAN25 (https://app.notion.com/p/Eating_JAN25-1680423c142680519cd1fd8eed652a52?pvs=21),No,"January 16, 2025",January 25 (https://app.notion.com/p/January-25-1680423c14268084a95dcad7ce162788?pvs=21),Online banking
ขนมเปี๊ยะ,THB 33.00,🍴Eating_JAN25 (https://app.notion.com/p/Eating_JAN25-1680423c142680519cd1fd8eed652a52?pvs=21),No,"January 16, 2025",January 25 (https://app.notion.com/p/January-25-1680423c14268084a95dcad7ce162788?pvs=21),Online banking
ซาลาเปา,THB 30.00,🍴Eating_JAN25 (https://app.notion.com/p/Eating_JAN25-1680423c142680519cd1fd8eed652a52?pvs=21),No,"January 16, 2025",January 25 (https://app.notion.com/p/January-25-1680423c14268084a95dcad7ce162788?pvs=21),Online banking
ก๋วยเตี๋ยวต้มยำ,THB 75.00,🍴Eating_JAN25 (https://app.notion.com/p/Eating_JAN25-1680423c142680519cd1fd8eed652a52?pvs=21),No,"January 17, 2025",January 25 (https://app.notion.com/p/January-25-1680423c14268084a95dcad7ce162788?pvs=21),Online banking
Water,THB 30.00,🍴Eating_JAN25 (https://app.notion.com/p/Eating_JAN25-1680423c142680519cd1fd8eed652a52?pvs=21),No,"January 18, 2025",January 25 (https://app.notion.com/p/January-25-1680423c14268084a95dcad7ce162788?pvs=21),Online banking
Seven,THB 59.00,🍴Eating_JAN25 (https://app.notion.com/p/Eating_JAN25-1680423c142680519cd1fd8eed652a52?pvs=21),No,"January 18, 2025",January 25 (https://app.notion.com/p/January-25-1680423c14268084a95dcad7ce162788?pvs=21),Online banking
ของใช้ + brand fiber,THB 109.00,🍴Eating_JAN25 (https://app.notion.com/p/Eating_JAN25-1680423c142680519cd1fd8eed652a52?pvs=21),No,"January 18, 2025",January 25 (https://app.notion.com/p/January-25-1680423c14268084a95dcad7ce162788?pvs=21),Online banking
Baristo,THB 450.00,🍴Eating_JAN25 (https://app.notion.com/p/Eating_JAN25-1680423c142680519cd1fd8eed652a52?pvs=21),No,"January 19, 2025",January 25 (https://app.notion.com/p/January-25-1680423c14268084a95dcad7ce162788?pvs=21),Online banking
Trip chiangdao,"THB 3,180.00",✈️Travel_JAN25 (https://app.notion.com/p/Travel_JAN25-1680423c1426801fa9ebeddedeec5b66?pvs=21),No,"January 19, 2025",January 25 (https://app.notion.com/p/January-25-1680423c14268084a95dcad7ce162788?pvs=21),Online banking
ป้าเครือ,THB 50.00,🍴Eating_JAN25 (https://app.notion.com/p/Eating_JAN25-1680423c142680519cd1fd8eed652a52?pvs=21),No,"January 20, 2025",January 25 (https://app.notion.com/p/January-25-1680423c14268084a95dcad7ce162788?pvs=21),Online banking
สาย xiaomi,THB 99.00,🛍️Shopping_JAN25 (https://app.notion.com/p/Shopping_JAN25-1680423c142680b991fdd20e5bf97e6f?pvs=21),No,"January 20, 2025",January 25 (https://app.notion.com/p/January-25-1680423c14268084a95dcad7ce162788?pvs=21),Credit card
Seven,THB 25.00,🍴Eating_JAN25 (https://app.notion.com/p/Eating_JAN25-1680423c142680519cd1fd8eed652a52?pvs=21),No,"January 21, 2025",January 25 (https://app.notion.com/p/January-25-1680423c14268084a95dcad7ce162788?pvs=21),Online banking
ใต้ RN,THB 50.00,🍴Eating_JAN25 (https://app.notion.com/p/Eating_JAN25-1680423c142680519cd1fd8eed652a52?pvs=21),No,"January 21, 2025",January 25 (https://app.notion.com/p/January-25-1680423c14268084a95dcad7ce162788?pvs=21),Online banking
Top,THB 54.00,🍴Eating_JAN25 (https://app.notion.com/p/Eating_JAN25-1680423c142680519cd1fd8eed652a52?pvs=21),No,"January 21, 2025",January 25 (https://app.notion.com/p/January-25-1680423c14268084a95dcad7ce162788?pvs=21),Online banking
ส้มตำอุดร,THB 134.00,🍴Eating_JAN25 (https://app.notion.com/p/Eating_JAN25-1680423c142680519cd1fd8eed652a52?pvs=21),No,"January 22, 2025",January 25 (https://app.notion.com/p/January-25-1680423c14268084a95dcad7ce162788?pvs=21),Online banking
หมาล่า,THB 76.00,🍴Eating_JAN25 (https://app.notion.com/p/Eating_JAN25-1680423c142680519cd1fd8eed652a52?pvs=21),No,"January 23, 2025",January 25 (https://app.notion.com/p/January-25-1680423c14268084a95dcad7ce162788?pvs=21),Online banking
No.77,THB 70.00,🍴Eating_JAN25 (https://app.notion.com/p/Eating_JAN25-1680423c142680519cd1fd8eed652a52?pvs=21),No,"January 23, 2025",January 25 (https://app.notion.com/p/January-25-1680423c14268084a95dcad7ce162788?pvs=21),Online banking
ป้าเครือ,THB 45.00,🍴Eating_JAN25 (https://app.notion.com/p/Eating_JAN25-1680423c142680519cd1fd8eed652a52?pvs=21),No,"January 24, 2025",January 25 (https://app.notion.com/p/January-25-1680423c14268084a95dcad7ce162788?pvs=21),Online banking
Boss,THB 25.00,🍴Eating_JAN25 (https://app.notion.com/p/Eating_JAN25-1680423c142680519cd1fd8eed652a52?pvs=21),No,"January 24, 2025",January 25 (https://app.notion.com/p/January-25-1680423c14268084a95dcad7ce162788?pvs=21),Online banking
บาร์มูสลี่,THB 31.50,🍴Eating_JAN25 (https://app.notion.com/p/Eating_JAN25-1680423c142680519cd1fd8eed652a52?pvs=21),No,"January 24, 2025",January 25 (https://app.notion.com/p/January-25-1680423c14268084a95dcad7ce162788?pvs=21),Online banking
ไก่ห้าดาว,THB 58.00,🍴Eating_JAN25 (https://app.notion.com/p/Eating_JAN25-1680423c142680519cd1fd8eed652a52?pvs=21),No,"January 24, 2025",January 25 (https://app.notion.com/p/January-25-1680423c14268084a95dcad7ce162788?pvs=21),Online banking
สายต่อหูฟัง,THB 299.00,🛍️Shopping_JAN25 (https://app.notion.com/p/Shopping_JAN25-1680423c142680b991fdd20e5bf97e6f?pvs=21),No,"January 24, 2025",January 25 (https://app.notion.com/p/January-25-1680423c14268084a95dcad7ce162788?pvs=21),Online banking
กระเพรากระด้ง,THB 61.00,🍴Eating_JAN25 (https://app.notion.com/p/Eating_JAN25-1680423c142680519cd1fd8eed652a52?pvs=21),No,"January 25, 2025",January 25 (https://app.notion.com/p/January-25-1680423c14268084a95dcad7ce162788?pvs=21),Online banking
ไข่ขยี้หมูสับ มันฝรั่งทอด,THB 96.00,🍴Eating_JAN25 (https://app.notion.com/p/Eating_JAN25-1680423c142680519cd1fd8eed652a52?pvs=21),No,"January 25, 2025",January 25 (https://app.notion.com/p/January-25-1680423c14268084a95dcad7ce162788?pvs=21),Credit card
Fimue coffee,THB 110.00,🍴Eating_JAN25 (https://app.notion.com/p/Eating_JAN25-1680423c142680519cd1fd8eed652a52?pvs=21),No,"January 26, 2025",January 25 (https://app.notion.com/p/January-25-1680423c14268084a95dcad7ce162788?pvs=21),Online banking
กาญจน์โภชนา,THB 70.00,🍴Eating_JAN25 (https://app.notion.com/p/Eating_JAN25-1680423c142680519cd1fd8eed652a52?pvs=21),No,"January 26, 2025",January 25 (https://app.notion.com/p/January-25-1680423c14268084a95dcad7ce162788?pvs=21),Online banking
CoCo,THB 489.50,🍴Eating_JAN25 (https://app.notion.com/p/Eating_JAN25-1680423c142680519cd1fd8eed652a52?pvs=21),No,"January 26, 2025",January 25 (https://app.notion.com/p/January-25-1680423c14268084a95dcad7ce162788?pvs=21),Online banking
กระดาษสี,THB 24.00,🛍️Shopping_JAN25 (https://app.notion.com/p/Shopping_JAN25-1680423c142680b991fdd20e5bf97e6f?pvs=21),No,"January 26, 2025",January 25 (https://app.notion.com/p/January-25-1680423c14268084a95dcad7ce162788?pvs=21),Online banking
Book สมองอายุ 30+,THB 223.25,📖Education_JAN25 (https://app.notion.com/p/Education_JAN25-1680423c14268033b584fc9391552837?pvs=21),No,"January 26, 2025",January 25 (https://app.notion.com/p/January-25-1680423c14268084a95dcad7ce162788?pvs=21),Online banking
Swensen's,THB 143.00,🍴Eating_JAN25 (https://app.notion.com/p/Eating_JAN25-1680423c142680519cd1fd8eed652a52?pvs=21),No,"January 26, 2025",January 25 (https://app.notion.com/p/January-25-1680423c14268084a95dcad7ce162788?pvs=21),Online banking
Top,THB 408.75,🍴Eating_JAN25 (https://app.notion.com/p/Eating_JAN25-1680423c142680519cd1fd8eed652a52?pvs=21),No,"January 26, 2025",January 25 (https://app.notion.com/p/January-25-1680423c14268084a95dcad7ce162788?pvs=21),Credit card
โกเหลียง,THB 50.00,🍴Eating_JAN25 (https://app.notion.com/p/Eating_JAN25-1680423c142680519cd1fd8eed652a52?pvs=21),No,"January 27, 2025",January 25 (https://app.notion.com/p/January-25-1680423c14268084a95dcad7ce162788?pvs=21),Online banking
Food,THB 53.00,🍴Eating_JAN25 (https://app.notion.com/p/Eating_JAN25-1680423c142680519cd1fd8eed652a52?pvs=21),No,"January 28, 2025",January 25 (https://app.notion.com/p/January-25-1680423c14268084a95dcad7ce162788?pvs=21),Online banking
Food,THB 45.00,🍴Eating_JAN25 (https://app.notion.com/p/Eating_JAN25-1680423c142680519cd1fd8eed652a52?pvs=21),No,"January 28, 2025",January 25 (https://app.notion.com/p/January-25-1680423c14268084a95dcad7ce162788?pvs=21),Online banking
ข้าวแปม,THB 76.00,🍴Eating_JAN25 (https://app.notion.com/p/Eating_JAN25-1680423c142680519cd1fd8eed652a52?pvs=21),No,"January 29, 2025",January 25 (https://app.notion.com/p/January-25-1680423c14268084a95dcad7ce162788?pvs=21),Credit card
ขนมจีน,THB 60.00,🍴Eating_JAN25 (https://app.notion.com/p/Eating_JAN25-1680423c142680519cd1fd8eed652a52?pvs=21),No,"January 30, 2025",January 25 (https://app.notion.com/p/January-25-1680423c14268084a95dcad7ce162788?pvs=21),Online banking
เต้าหู้โฮมเมดคุณย่า,THB 100.00,🍴Eating_JAN25 (https://app.notion.com/p/Eating_JAN25-1680423c142680519cd1fd8eed652a52?pvs=21),No,"January 30, 2025",January 25 (https://app.notion.com/p/January-25-1680423c14268084a95dcad7ce162788?pvs=21),Credit card
Pakamon factory ของฝาก,THB 307.00,🍴Eating_JAN25 (https://app.notion.com/p/Eating_JAN25-1680423c142680519cd1fd8eed652a52?pvs=21),No,"January 31, 2025",January 25 (https://app.notion.com/p/January-25-1680423c14268084a95dcad7ce162788?pvs=21),Credit card
ไก่ย่างห้าดาว,THB 90.00,🍴Eating_JAN25 (https://app.notion.com/p/Eating_JAN25-1680423c142680519cd1fd8eed652a52?pvs=21),No,"January 31, 2025",January 25 (https://app.notion.com/p/January-25-1680423c14268084a95dcad7ce162788?pvs=21),Online banking
Amazon,THB 180.00,🍴Eating_FEB25 (https://app.notion.com/p/Eating_FEB25-1680423c142680b29c2be49be59c5514?pvs=21),No,"February 1, 2025",February 25 (https://app.notion.com/p/February-25-1680423c142680019b92eca39bed27e3?pvs=21),Online banking
ทำบุญโรงเจ,THB 100.00,❤️Lover_FEB25 (https://app.notion.com/p/Lover_FEB25-1680423c1426802682a7e362db4ea7c8?pvs=21),No,"February 1, 2025",February 25 (https://app.notion.com/p/February-25-1680423c142680019b92eca39bed27e3?pvs=21),Online banking
Check เครดิตบูโร,THB 150.00,📖Education_FEB25 (https://app.notion.com/p/Education_FEB25-1680423c142680c5b466d4f3a03c7e05?pvs=21),No,"February 1, 2025",February 25 (https://app.notion.com/p/February-25-1680423c142680019b92eca39bed27e3?pvs=21),Online banking
Swensen,THB 528.00,🍴Eating_FEB25 (https://app.notion.com/p/Eating_FEB25-1680423c142680b29c2be49be59c5514?pvs=21),No,"February 1, 2025",February 25 (https://app.notion.com/p/February-25-1680423c142680019b92eca39bed27e3?pvs=21),Online banking
หมองรองนั่ง,THB 259.00,❤️Lover_FEB25 (https://app.notion.com/p/Lover_FEB25-1680423c1426802682a7e362db4ea7c8?pvs=21),No,"February 1, 2025",February 25 (https://app.notion.com/p/February-25-1680423c142680019b92eca39bed27e3?pvs=21),Online banking
กาแฟน้าวิ,THB 45.00,🍴Eating_FEB25 (https://app.notion.com/p/Eating_FEB25-1680423c142680b29c2be49be59c5514?pvs=21),No,"February 2, 2025",February 25 (https://app.notion.com/p/February-25-1680423c142680019b92eca39bed27e3?pvs=21),Online banking
Oil,"THB 1,000.00",🛢️Transportation_FEB25 (https://app.notion.com/p/Transportation_FEB25-1680423c1426805aad10fbef23b725b3?pvs=21),No,"February 2, 2025",February 25 (https://app.notion.com/p/February-25-1680423c142680019b92eca39bed27e3?pvs=21),Credit card
ออกกำลังกาย,"THB 6,400.00",💊Health & Fitness_FEB25 (https://app.notion.com/p/Health-Fitness_FEB25-1680423c142680b38570dc4dfb7835e4?pvs=21),No,"February 2, 2025",February 25 (https://app.notion.com/p/February-25-1680423c142680019b92eca39bed27e3?pvs=21),Online banking
Autobot,"THB 4,443.00",🏠Home_FEB25 (https://app.notion.com/p/Home_FEB25-1680423c142680a8911fcdecf4d385f3?pvs=21),No,"February 2, 2025",February 25 (https://app.notion.com/p/February-25-1680423c142680019b92eca39bed27e3?pvs=21),Credit card
โจ๊ก,THB 50.00,🍴Eating_FEB25 (https://app.notion.com/p/Eating_FEB25-1680423c142680b29c2be49be59c5514?pvs=21),No,"February 3, 2025",February 25 (https://app.notion.com/p/February-25-1680423c142680019b92eca39bed27e3?pvs=21),Online banking
ส้มตำอีสาน,THB 106.50,🍴Eating_FEB25 (https://app.notion.com/p/Eating_FEB25-1680423c142680b29c2be49be59c5514?pvs=21),No,"February 3, 2025",February 25 (https://app.notion.com/p/February-25-1680423c142680019b92eca39bed27e3?pvs=21),Online banking
ลิณย์,THB 80.00,🍴Eating_FEB25 (https://app.notion.com/p/Eating_FEB25-1680423c142680b29c2be49be59c5514?pvs=21),No,"February 4, 2025",February 25 (https://app.notion.com/p/February-25-1680423c142680019b92eca39bed27e3?pvs=21),Online banking
กระเพราหมูสับไข่ดาว,THB 60.00,🍴Eating_FEB25 (https://app.notion.com/p/Eating_FEB25-1680423c142680b29c2be49be59c5514?pvs=21),No,"February 5, 2025",February 25 (https://app.notion.com/p/February-25-1680423c142680019b92eca39bed27e3?pvs=21),Online banking
ไก่ย่างห้าดาว,THB 80.00,🍴Eating_FEB25 (https://app.notion.com/p/Eating_FEB25-1680423c142680b29c2be49be59c5514?pvs=21),No,"February 5, 2025",February 25 (https://app.notion.com/p/February-25-1680423c142680019b92eca39bed27e3?pvs=21),Online banking
แผ่นรองฉี่,THB 970.00,🐱Cat_FEB25 (https://app.notion.com/p/Cat_FEB25-1680423c142680a9a079eb3b4fca77fb?pvs=21),No,"February 5, 2025",February 25 (https://app.notion.com/p/February-25-1680423c142680019b92eca39bed27e3?pvs=21),Credit card
Food,THB 70.00,🍴Eating_FEB25 (https://app.notion.com/p/Eating_FEB25-1680423c142680b29c2be49be59c5514?pvs=21),No,"February 6, 2025",February 25 (https://app.notion.com/p/February-25-1680423c142680019b92eca39bed27e3?pvs=21),Online banking
Food,THB 100.00,🍴Eating_FEB25 (https://app.notion.com/p/Eating_FEB25-1680423c142680b29c2be49be59c5514?pvs=21),No,"February 6, 2025",February 25 (https://app.notion.com/p/February-25-1680423c142680019b92eca39bed27e3?pvs=21),Online banking
Coffee,THB 648.00,🍴Eating_FEB25 (https://app.notion.com/p/Eating_FEB25-1680423c142680b29c2be49be59c5514?pvs=21),No,"February 7, 2025",February 25 (https://app.notion.com/p/February-25-1680423c142680019b92eca39bed27e3?pvs=21),Credit card
ก๋วยเตี๋ยวต้มยำ,THB 65.00,🍴Eating_FEB25 (https://app.notion.com/p/Eating_FEB25-1680423c142680b29c2be49be59c5514?pvs=21),No,"February 7, 2025",February 25 (https://app.notion.com/p/February-25-1680423c142680019b92eca39bed27e3?pvs=21),Online banking
Water,THB 12.00,🍴Eating_FEB25 (https://app.notion.com/p/Eating_FEB25-1680423c142680b29c2be49be59c5514?pvs=21),No,"February 7, 2025",February 25 (https://app.notion.com/p/February-25-1680423c142680019b92eca39bed27e3?pvs=21),Online banking
QQ,THB 100.00,🍴Eating_FEB25 (https://app.notion.com/p/Eating_FEB25-1680423c142680b29c2be49be59c5514?pvs=21),No,"February 7, 2025",February 25 (https://app.notion.com/p/February-25-1680423c142680019b92eca39bed27e3?pvs=21),Online banking
San ta fe,THB 356.00,🍴Eating_FEB25 (https://app.notion.com/p/Eating_FEB25-1680423c142680b29c2be49be59c5514?pvs=21),No,"February 8, 2025",February 25 (https://app.notion.com/p/February-25-1680423c142680019b92eca39bed27e3?pvs=21),Credit card
เสื้อเชิ้ต,THB 812.00,🛍️Shopping_FEB25 (https://app.notion.com/p/Shopping_FEB25-1680423c142680578fc7c98cc61c9227?pvs=21),No,"February 8, 2025",February 25 (https://app.notion.com/p/February-25-1680423c142680019b92eca39bed27e3?pvs=21),Credit card
Top,THB 473.00,🛍️Shopping_FEB25 (https://app.notion.com/p/Shopping_FEB25-1680423c142680578fc7c98cc61c9227?pvs=21),No,"February 8, 2025",February 25 (https://app.notion.com/p/February-25-1680423c142680019b92eca39bed27e3?pvs=21),Credit card
Fernpresso,THB 180.00,🍴Eating_FEB25 (https://app.notion.com/p/Eating_FEB25-1680423c142680b29c2be49be59c5514?pvs=21),No,"February 9, 2025",February 25 (https://app.notion.com/p/February-25-1680423c142680019b92eca39bed27e3?pvs=21),Online banking
Salad khunnai,THB 280.00,🍴Eating_FEB25 (https://app.notion.com/p/Eating_FEB25-1680423c142680b29c2be49be59c5514?pvs=21),No,"February 9, 2025",February 25 (https://app.notion.com/p/February-25-1680423c142680019b92eca39bed27e3?pvs=21),Online banking
Food,THB 50.00,🍴Eating_FEB25 (https://app.notion.com/p/Eating_FEB25-1680423c142680b29c2be49be59c5514?pvs=21),No,"February 10, 2025",February 25 (https://app.notion.com/p/February-25-1680423c142680019b92eca39bed27e3?pvs=21),Online banking
ดูหนัง,THB 180.00,🎮Entertainment_FEB25 (https://app.notion.com/p/Entertainment_FEB25-1680423c14268016ab46f06240fbce95?pvs=21),No,"February 11, 2025",February 25 (https://app.notion.com/p/February-25-1680423c142680019b92eca39bed27e3?pvs=21),Online banking
Food,THB 40.00,🍴Eating_FEB25 (https://app.notion.com/p/Eating_FEB25-1680423c142680b29c2be49be59c5514?pvs=21),No,"February 11, 2025",February 25 (https://app.notion.com/p/February-25-1680423c142680019b92eca39bed27e3?pvs=21),Online banking
Oil,THB 80.00,🛢️Transportation_FEB25 (https://app.notion.com/p/Transportation_FEB25-1680423c1426805aad10fbef23b725b3?pvs=21),No,"February 11, 2025",February 25 (https://app.notion.com/p/February-25-1680423c142680019b92eca39bed27e3?pvs=21),Online banking
Fernpresso,THB 75.00,🍴Eating_FEB25 (https://app.notion.com/p/Eating_FEB25-1680423c142680b29c2be49be59c5514?pvs=21),No,"February 12, 2025",February 25 (https://app.notion.com/p/February-25-1680423c142680019b92eca39bed27e3?pvs=21),Online banking
Mu katsu,THB 172.50,🍴Eating_FEB25 (https://app.notion.com/p/Eating_FEB25-1680423c142680b29c2be49be59c5514?pvs=21),No,"February 12, 2025",February 25 (https://app.notion.com/p/February-25-1680423c142680019b92eca39bed27e3?pvs=21),Online banking
Food,THB 50.00,🍴Eating_FEB25 (https://app.notion.com/p/Eating_FEB25-1680423c142680b29c2be49be59c5514?pvs=21),No,"February 15, 2025",February 25 (https://app.notion.com/p/February-25-1680423c142680019b92eca39bed27e3?pvs=21),Online banking
Food,THB 48.75,🍴Eating_FEB25 (https://app.notion.com/p/Eating_FEB25-1680423c142680b29c2be49be59c5514?pvs=21),No,"February 15, 2025",February 25 (https://app.notion.com/p/February-25-1680423c142680019b92eca39bed27e3?pvs=21),Online banking
Khunnai,THB 277.00,🍴Eating_FEB25 (https://app.notion.com/p/Eating_FEB25-1680423c142680b29c2be49be59c5514?pvs=21),No,"February 15, 2025",February 25 (https://app.notion.com/p/February-25-1680423c142680019b92eca39bed27e3?pvs=21),Credit card
Cafe,THB 135.00,🍴Eating_FEB25 (https://app.notion.com/p/Eating_FEB25-1680423c142680b29c2be49be59c5514?pvs=21),No,"February 16, 2025",February 25 (https://app.notion.com/p/February-25-1680423c142680019b92eca39bed27e3?pvs=21),Online banking
เชฟนนท์,THB 250.00,🍴Eating_FEB25 (https://app.notion.com/p/Eating_FEB25-1680423c142680b29c2be49be59c5514?pvs=21),No,"February 16, 2025",February 25 (https://app.notion.com/p/February-25-1680423c142680019b92eca39bed27e3?pvs=21),Online banking
คั่วไก่,THB 52.00,🍴Eating_FEB25 (https://app.notion.com/p/Eating_FEB25-1680423c142680b29c2be49be59c5514?pvs=21),No,"February 16, 2025",February 25 (https://app.notion.com/p/February-25-1680423c142680019b92eca39bed27e3?pvs=21),Credit card
Food,THB 50.00,🍴Eating_FEB25 (https://app.notion.com/p/Eating_FEB25-1680423c142680b29c2be49be59c5514?pvs=21),No,"February 17, 2025",February 25 (https://app.notion.com/p/February-25-1680423c142680019b92eca39bed27e3?pvs=21),Online banking
Food,THB 70.00,🍴Eating_FEB25 (https://app.notion.com/p/Eating_FEB25-1680423c142680b29c2be49be59c5514?pvs=21),No,"February 18, 2025",February 25 (https://app.notion.com/p/February-25-1680423c142680019b92eca39bed27e3?pvs=21),Online banking
ซื้อ whey ให้ที่บ้าน,"THB 1,683.00",🛍️Shopping_FEB25 (https://app.notion.com/p/Shopping_FEB25-1680423c142680578fc7c98cc61c9227?pvs=21),No,"February 18, 2025",February 25 (https://app.notion.com/p/February-25-1680423c142680019b92eca39bed27e3?pvs=21),Credit card
Salad terrace,THB 505.00,🍴Eating_FEB25 (https://app.notion.com/p/Eating_FEB25-1680423c142680b29c2be49be59c5514?pvs=21),No,"February 19, 2025",February 25 (https://app.notion.com/p/February-25-1680423c142680019b92eca39bed27e3?pvs=21),Online banking
Food,THB 60.00,🍴Eating_FEB25 (https://app.notion.com/p/Eating_FEB25-1680423c142680b29c2be49be59c5514?pvs=21),No,"February 20, 2025",February 25 (https://app.notion.com/p/February-25-1680423c142680019b92eca39bed27e3?pvs=21),Online banking
No.77,THB 77.00,🍴Eating_FEB25 (https://app.notion.com/p/Eating_FEB25-1680423c142680b29c2be49be59c5514?pvs=21),No,"February 20, 2025",February 25 (https://app.notion.com/p/February-25-1680423c142680019b92eca39bed27e3?pvs=21),Online banking
ตัวต่อดอกไม้,THB 150.00,❤️Lover_FEB25 (https://app.notion.com/p/Lover_FEB25-1680423c1426802682a7e362db4ea7c8?pvs=21),No,"February 20, 2025",February 25 (https://app.notion.com/p/February-25-1680423c142680019b92eca39bed27e3?pvs=21),Online banking
งานศพพ่อกันต์,THB 500.00,❤️Lover_FEB25 (https://app.notion.com/p/Lover_FEB25-1680423c1426802682a7e362db4ea7c8?pvs=21),No,"February 20, 2025",February 25 (https://app.notion.com/p/February-25-1680423c142680019b92eca39bed27e3?pvs=21),Online banking
ข้าวต้ม,THB 116.00,🍴Eating_FEB25 (https://app.notion.com/p/Eating_FEB25-1680423c142680b29c2be49be59c5514?pvs=21),No,"February 21, 2025",February 25 (https://app.notion.com/p/February-25-1680423c142680019b92eca39bed27e3?pvs=21),Online banking
Food,THB 129.00,🍴Eating_FEB25 (https://app.notion.com/p/Eating_FEB25-1680423c142680b29c2be49be59c5514?pvs=21),No,"February 23, 2025",February 25 (https://app.notion.com/p/February-25-1680423c142680019b92eca39bed27e3?pvs=21),Credit card
ขนมจีบ,THB 40.00,🍴Eating_FEB25 (https://app.notion.com/p/Eating_FEB25-1680423c142680b29c2be49be59c5514?pvs=21),No,"February 24, 2025",February 25 (https://app.notion.com/p/February-25-1680423c142680019b92eca39bed27e3?pvs=21),Online banking
Firefly factory,THB 915.00,🍴Eating_FEB25 (https://app.notion.com/p/Eating_FEB25-1680423c142680b29c2be49be59c5514?pvs=21),No,"February 24, 2025",February 25 (https://app.notion.com/p/February-25-1680423c142680019b92eca39bed27e3?pvs=21),Online banking
Tops,THB 584.25,🍴Eating_FEB25 (https://app.notion.com/p/Eating_FEB25-1680423c142680b29c2be49be59c5514?pvs=21),No,"February 24, 2025",February 25 (https://app.notion.com/p/February-25-1680423c142680019b92eca39bed27e3?pvs=21),Credit card
สลัดอกไก่,THB 50.00,🍴Eating_FEB25 (https://app.notion.com/p/Eating_FEB25-1680423c142680b29c2be49be59c5514?pvs=21),No,"February 25, 2025",February 25 (https://app.notion.com/p/February-25-1680423c142680019b92eca39bed27e3?pvs=21),Online banking
สันนอกหมู,THB 50.00,🍴Eating_FEB25 (https://app.notion.com/p/Eating_FEB25-1680423c142680b29c2be49be59c5514?pvs=21),No,"February 25, 2025",February 25 (https://app.notion.com/p/February-25-1680423c142680019b92eca39bed27e3?pvs=21),Online banking
หมอนพิงหลัง,"THB 1,296.00",❤️Lover_FEB25 (https://app.notion.com/p/Lover_FEB25-1680423c1426802682a7e362db4ea7c8?pvs=21),No,"February 25, 2025",February 25 (https://app.notion.com/p/February-25-1680423c142680019b92eca39bed27e3?pvs=21),Credit card
ไข่เจียวหมูสับ,THB 40.00,🍴Eating_FEB25 (https://app.notion.com/p/Eating_FEB25-1680423c142680b29c2be49be59c5514?pvs=21),No,"February 26, 2025",February 25 (https://app.notion.com/p/February-25-1680423c142680019b92eca39bed27e3?pvs=21),Online banking
Food,THB 35.00,🍴Eating_FEB25 (https://app.notion.com/p/Eating_FEB25-1680423c142680b29c2be49be59c5514?pvs=21),No,"February 26, 2025",February 25 (https://app.notion.com/p/February-25-1680423c142680019b92eca39bed27e3?pvs=21),Online banking
งานแต่งอั้ม,"THB 1,000.00",❤️Lover_FEB25 (https://app.notion.com/p/Lover_FEB25-1680423c1426802682a7e362db4ea7c8?pvs=21),No,"February 22, 2025",February 25 (https://app.notion.com/p/February-25-1680423c142680019b92eca39bed27e3?pvs=21),Money
Food + ชาตรามือ,THB 140.00,🍴Eating_FEB25 (https://app.notion.com/p/Eating_FEB25-1680423c142680b29c2be49be59c5514?pvs=21),No,"February 27, 2025",February 25 (https://app.notion.com/p/February-25-1680423c142680019b92eca39bed27e3?pvs=21),Online banking
นม,THB 48.75,🍴Eating_FEB25 (https://app.notion.com/p/Eating_FEB25-1680423c142680b29c2be49be59c5514?pvs=21),No,"February 27, 2025",February 25 (https://app.notion.com/p/February-25-1680423c142680019b92eca39bed27e3?pvs=21),Online banking
อิ่มสะดวก,THB 135.00,🍴Eating_FEB25 (https://app.notion.com/p/Eating_FEB25-1680423c142680b29c2be49be59c5514?pvs=21),No,"February 28, 2025",February 25 (https://app.notion.com/p/February-25-1680423c142680019b92eca39bed27e3?pvs=21),Credit card
ล้างรถ,THB 220.00,🚗Car_MAR25 (https://app.notion.com/p/Car_MAR25-1680423c14268058beedce5466ae03c4?pvs=21),No,"March 1, 2025",March 25 (https://app.notion.com/p/March-25-1680423c142680a78829f3b78eb4898d?pvs=21),Online banking
Oil,THB 790.00,🛢️Transportation_MAR25 (https://app.notion.com/p/Transportation_MAR25-1680423c14268054accae614d31d0dbf?pvs=21),No,"March 1, 2025",March 25 (https://app.notion.com/p/March-25-1680423c142680a78829f3b78eb4898d?pvs=21),Credit card
นมเซเว่น,THB 123.00,🍴Eating_MAR25 (https://app.notion.com/p/Eating_MAR25-1680423c142680efa387c6654cf73096?pvs=21),No,"March 1, 2025",March 25 (https://app.notion.com/p/March-25-1680423c142680a78829f3b78eb4898d?pvs=21),Online banking
12Feb,THB 255.00,🍴Eating_MAR25 (https://app.notion.com/p/Eating_MAR25-1680423c142680efa387c6654cf73096?pvs=21),No,"March 1, 2025",March 25 (https://app.notion.com/p/March-25-1680423c142680a78829f3b78eb4898d?pvs=21),Online banking
ข้าวเย็น,THB 275.00,🍴Eating_MAR25 (https://app.notion.com/p/Eating_MAR25-1680423c142680efa387c6654cf73096?pvs=21),No,"March 1, 2025",March 25 (https://app.notion.com/p/March-25-1680423c142680a78829f3b78eb4898d?pvs=21),Online banking
กระเพราเนื้อๆ,THB 125.00,🍴Eating_MAR25 (https://app.notion.com/p/Eating_MAR25-1680423c142680efa387c6654cf73096?pvs=21),No,"March 2, 2025",March 25 (https://app.notion.com/p/March-25-1680423c142680a78829f3b78eb4898d?pvs=21),Online banking
Goodcery,THB 180.00,🍴Eating_MAR25 (https://app.notion.com/p/Eating_MAR25-1680423c142680efa387c6654cf73096?pvs=21),No,"March 2, 2025",March 25 (https://app.notion.com/p/March-25-1680423c142680a78829f3b78eb4898d?pvs=21),Online banking
จงเฮง+nomberone,THB 190.00,🍴Eating_MAR25 (https://app.notion.com/p/Eating_MAR25-1680423c142680efa387c6654cf73096?pvs=21),No,"March 2, 2025",March 25 (https://app.notion.com/p/March-25-1680423c142680a78829f3b78eb4898d?pvs=21),Online banking
ขนมจีน,THB 75.00,🍴Eating_MAR25 (https://app.notion.com/p/Eating_MAR25-1680423c142680efa387c6654cf73096?pvs=21),No,"March 3, 2025",March 25 (https://app.notion.com/p/March-25-1680423c142680a78829f3b78eb4898d?pvs=21),Online banking
ข้าวเทคนิค,THB 55.00,🍴Eating_MAR25 (https://app.notion.com/p/Eating_MAR25-1680423c142680efa387c6654cf73096?pvs=21),No,"March 4, 2025",March 25 (https://app.notion.com/p/March-25-1680423c142680a78829f3b78eb4898d?pvs=21),Online banking
Fresh and Mild,THB 164.00,🍴Eating_MAR25 (https://app.notion.com/p/Eating_MAR25-1680423c142680efa387c6654cf73096?pvs=21),No,"March 4, 2025",March 25 (https://app.notion.com/p/March-25-1680423c142680a78829f3b78eb4898d?pvs=21),Online banking
ACCOM PARK ที่พักตอนสอบ,"THB 1,050.00",📖Education_MAR25 (https://app.notion.com/p/Education_MAR25-1680423c1426803e8161e7b2352ed12e?pvs=21),No,"March 4, 2025",March 25 (https://app.notion.com/p/March-25-1680423c142680a78829f3b78eb4898d?pvs=21),Online banking
ฉู่ฉี่ไข่ดาวหมูสับ,THB 65.00,🍴Eating_MAR25 (https://app.notion.com/p/Eating_MAR25-1680423c142680efa387c6654cf73096?pvs=21),No,"March 5, 2025",March 25 (https://app.notion.com/p/March-25-1680423c142680a78829f3b78eb4898d?pvs=21),Online banking
ส้มตำอุดร,THB 250.00,🍴Eating_MAR25 (https://app.notion.com/p/Eating_MAR25-1680423c142680efa387c6654cf73096?pvs=21),No,"March 6, 2025",March 25 (https://app.notion.com/p/March-25-1680423c142680a78829f3b78eb4898d?pvs=21),Online banking
กระเพราหมูไข่ดาว,THB 47.00,🍴Eating_MAR25 (https://app.notion.com/p/Eating_MAR25-1680423c142680efa387c6654cf73096?pvs=21),No,"March 7, 2025",March 25 (https://app.notion.com/p/March-25-1680423c142680a78829f3b78eb4898d?pvs=21),Online banking
ค่าที่พักนนทบุรี,"THB 2,000.00",✈️Travel_MAR25 (https://app.notion.com/p/Travel_MAR25-1680423c142680708e98dd2c827770f0?pvs=21),No,"March 8, 2025",March 25 (https://app.notion.com/p/March-25-1680423c142680a78829f3b78eb4898d?pvs=21),Online banking
Coffee,THB 494.00,🍴Eating_MAR25 (https://app.notion.com/p/Eating_MAR25-1680423c142680efa387c6654cf73096?pvs=21),No,"March 8, 2025",March 25 (https://app.notion.com/p/March-25-1680423c142680a78829f3b78eb4898d?pvs=21),Credit card
ราชาหมูทอด เล้งแซ่บ,THB 135.00,🍴Eating_MAR25 (https://app.notion.com/p/Eating_MAR25-1680423c142680efa387c6654cf73096?pvs=21),No,"March 8, 2025",March 25 (https://app.notion.com/p/March-25-1680423c142680a78829f3b78eb4898d?pvs=21),Online banking
Maya  ของใช้,THB 734.00,🛍️Shopping_MAR25 (https://app.notion.com/p/Shopping_MAR25-1680423c142680068876fe43cf16fe94?pvs=21),No,"March 8, 2025",March 25 (https://app.notion.com/p/March-25-1680423c142680a78829f3b78eb4898d?pvs=21),Credit card
Supersoup,THB 90.00,🍴Eating_MAR25 (https://app.notion.com/p/Eating_MAR25-1680423c142680efa387c6654cf73096?pvs=21),No,"March 9, 2025",March 25 (https://app.notion.com/p/March-25-1680423c142680a78829f3b78eb4898d?pvs=21),Online banking
Food,THB 75.00,🍴Eating_MAR25 (https://app.notion.com/p/Eating_MAR25-1680423c142680efa387c6654cf73096?pvs=21),No,"March 10, 2025",March 25 (https://app.notion.com/p/March-25-1680423c142680a78829f3b78eb4898d?pvs=21),Online banking
เที่ยวบินไปสอบ,"THB 1,938.59",📖Education_MAR25 (https://app.notion.com/p/Education_MAR25-1680423c1426803e8161e7b2352ed12e?pvs=21),No,"March 10, 2025",March 25 (https://app.notion.com/p/March-25-1680423c142680a78829f3b78eb4898d?pvs=21),Credit card
Food,THB 40.00,🍴Eating_MAR25 (https://app.notion.com/p/Eating_MAR25-1680423c142680efa387c6654cf73096?pvs=21),No,"March 11, 2025",March 25 (https://app.notion.com/p/March-25-1680423c142680a78829f3b78eb4898d?pvs=21),Online banking
Shopping,THB 117.75,🛍️Shopping_MAR25 (https://app.notion.com/p/Shopping_MAR25-1680423c142680068876fe43cf16fe94?pvs=21),No,"March 11, 2025",March 25 (https://app.notion.com/p/March-25-1680423c142680a78829f3b78eb4898d?pvs=21),Online banking
Food,THB 65.00,🍴Eating_MAR25 (https://app.notion.com/p/Eating_MAR25-1680423c142680efa387c6654cf73096?pvs=21),No,"March 12, 2025",March 25 (https://app.notion.com/p/March-25-1680423c142680a78829f3b78eb4898d?pvs=21),Online banking
ส้มต้ม,THB 380.00,🍴Eating_MAR25 (https://app.notion.com/p/Eating_MAR25-1680423c142680efa387c6654cf73096?pvs=21),No,"March 13, 2025",March 25 (https://app.notion.com/p/March-25-1680423c142680a78829f3b78eb4898d?pvs=21),Online banking
Top,THB 113.00,🍴Eating_MAR25 (https://app.notion.com/p/Eating_MAR25-1680423c142680efa387c6654cf73096?pvs=21),No,"March 13, 2025",March 25 (https://app.notion.com/p/March-25-1680423c142680a78829f3b78eb4898d?pvs=21),Online banking
VT Namnueng,THB 310.00,🍴Eating_MAR25 (https://app.notion.com/p/Eating_MAR25-1680423c142680efa387c6654cf73096?pvs=21),No,"March 14, 2025",March 25 (https://app.notion.com/p/March-25-1680423c142680a78829f3b78eb4898d?pvs=21),Credit card
ผึ้งน้อย,THB 150.00,🍴Eating_MAR25 (https://app.notion.com/p/Eating_MAR25-1680423c142680efa387c6654cf73096?pvs=21),No,"March 14, 2025",March 25 (https://app.notion.com/p/March-25-1680423c142680a78829f3b78eb4898d?pvs=21),Online banking
Food,THB 70.00,🍴Eating_MAR25 (https://app.notion.com/p/Eating_MAR25-1680423c142680efa387c6654cf73096?pvs=21),No,"March 15, 2025",March 25 (https://app.notion.com/p/March-25-1680423c142680a78829f3b78eb4898d?pvs=21),Online banking
หอมเชย,THB 470.00,🍴Eating_MAR25 (https://app.notion.com/p/Eating_MAR25-1680423c142680efa387c6654cf73096?pvs=21),No,"March 15, 2025",March 25 (https://app.notion.com/p/March-25-1680423c142680a78829f3b78eb4898d?pvs=21),Online banking
Oil,THB 750.00,🛢️Transportation_MAR25 (https://app.notion.com/p/Transportation_MAR25-1680423c14268054accae614d31d0dbf?pvs=21),No,"March 16, 2025",March 25 (https://app.notion.com/p/March-25-1680423c142680a78829f3b78eb4898d?pvs=21),Credit card
Salad khunnai,THB 289.00,🍴Eating_MAR25 (https://app.notion.com/p/Eating_MAR25-1680423c142680efa387c6654cf73096?pvs=21),No,"March 16, 2025",March 25 (https://app.notion.com/p/March-25-1680423c142680a78829f3b78eb4898d?pvs=21),Online banking
Food,THB 50.00,🍴Eating_MAR25 (https://app.notion.com/p/Eating_MAR25-1680423c142680efa387c6654cf73096?pvs=21),No,"March 17, 2025",March 25 (https://app.notion.com/p/March-25-1680423c142680a78829f3b78eb4898d?pvs=21),Online banking
Food,THB 65.00,🍴Eating_MAR25 (https://app.notion.com/p/Eating_MAR25-1680423c142680efa387c6654cf73096?pvs=21),No,"March 18, 2025",March 25 (https://app.notion.com/p/March-25-1680423c142680a78829f3b78eb4898d?pvs=21),Online banking
ส้มตำอุบล,THB 205.00,🍴Eating_MAR25 (https://app.notion.com/p/Eating_MAR25-1680423c142680efa387c6654cf73096?pvs=21),No,"March 19, 2025",March 25 (https://app.notion.com/p/March-25-1680423c142680a78829f3b78eb4898d?pvs=21),Online banking
สุขสันต์,THB 60.00,🍴Eating_MAR25 (https://app.notion.com/p/Eating_MAR25-1680423c142680efa387c6654cf73096?pvs=21),No,"March 19, 2025",March 25 (https://app.notion.com/p/March-25-1680423c142680a78829f3b78eb4898d?pvs=21),Online banking
เสริฟสุข,THB 353.00,🍴Eating_MAR25 (https://app.notion.com/p/Eating_MAR25-1680423c142680efa387c6654cf73096?pvs=21),No,"March 19, 2025",March 25 (https://app.notion.com/p/March-25-1680423c142680a78829f3b78eb4898d?pvs=21),Online banking
Atelier Yumia,"THB 2,100.00",🎮Entertainment_MAR25 (https://app.notion.com/p/Entertainment_MAR25-1680423c142680c4a99ddb177b09d944?pvs=21),No,"March 19, 2025",March 25 (https://app.notion.com/p/March-25-1680423c142680a78829f3b78eb4898d?pvs=21),Credit card
Milk,THB 48.75,🍴Eating_MAR25 (https://app.notion.com/p/Eating_MAR25-1680423c142680efa387c6654cf73096?pvs=21),No,"March 20, 2025",March 25 (https://app.notion.com/p/March-25-1680423c142680a78829f3b78eb4898d?pvs=21),Online banking
The barn,THB 140.00,🍴Eating_MAR25 (https://app.notion.com/p/Eating_MAR25-1680423c142680efa387c6654cf73096?pvs=21),No,"March 21, 2025",March 25 (https://app.notion.com/p/March-25-1680423c142680a78829f3b78eb4898d?pvs=21),Online banking
Oil,THB 69.00,🛢️Transportation_MAR25 (https://app.notion.com/p/Transportation_MAR25-1680423c14268054accae614d31d0dbf?pvs=21),No,"March 22, 2025",March 25 (https://app.notion.com/p/March-25-1680423c142680a78829f3b78eb4898d?pvs=21),Online banking
Food,THB 69.00,🍴Eating_MAR25 (https://app.notion.com/p/Eating_MAR25-1680423c142680efa387c6654cf73096?pvs=21),No,"March 22, 2025",March 25 (https://app.notion.com/p/March-25-1680423c142680a78829f3b78eb4898d?pvs=21),Credit card
Food,THB 35.00,🍴Eating_MAR25 (https://app.notion.com/p/Eating_MAR25-1680423c142680efa387c6654cf73096?pvs=21),No,"March 23, 2025",March 25 (https://app.notion.com/p/March-25-1680423c142680a78829f3b78eb4898d?pvs=21),Online banking
Food,THB 13.00,🍴Eating_MAR25 (https://app.notion.com/p/Eating_MAR25-1680423c142680efa387c6654cf73096?pvs=21),No,"March 23, 2025",March 25 (https://app.notion.com/p/March-25-1680423c142680a78829f3b78eb4898d?pvs=21),Online banking
ตัดผม,THB 130.00,💊Health & Fitness_MAR25 (https://app.notion.com/p/Health-Fitness_MAR25-1680423c142680eb96e4f4c6adcb5ab4?pvs=21),No,"March 23, 2025",March 25 (https://app.notion.com/p/March-25-1680423c142680a78829f3b78eb4898d?pvs=21),Online banking
Food,THB 61.00,🍴Eating_MAR25 (https://app.notion.com/p/Eating_MAR25-1680423c142680efa387c6654cf73096?pvs=21),No,"March 23, 2025",March 25 (https://app.notion.com/p/March-25-1680423c142680a78829f3b78eb4898d?pvs=21),Online banking
เจียวดาว ไก่ทอด,THB 100.00,🍴Eating_MAR25 (https://app.notion.com/p/Eating_MAR25-1680423c142680efa387c6654cf73096?pvs=21),No,"March 24, 2025",March 25 (https://app.notion.com/p/March-25-1680423c142680a78829f3b78eb4898d?pvs=21),Online banking
Salad khunnai,THB 65.00,🍴Eating_MAR25 (https://app.notion.com/p/Eating_MAR25-1680423c142680efa387c6654cf73096?pvs=21),No,"March 24, 2025",March 25 (https://app.notion.com/p/March-25-1680423c142680a78829f3b78eb4898d?pvs=21),Online banking
Food,THB 70.00,🍴Eating_MAR25 (https://app.notion.com/p/Eating_MAR25-1680423c142680efa387c6654cf73096?pvs=21),No,"March 25, 2025",March 25 (https://app.notion.com/p/March-25-1680423c142680a78829f3b78eb4898d?pvs=21),Online banking
Food,THB 175.00,🍴Eating_MAR25 (https://app.notion.com/p/Eating_MAR25-1680423c142680efa387c6654cf73096?pvs=21),No,"March 26, 2025",March 25 (https://app.notion.com/p/March-25-1680423c142680a78829f3b78eb4898d?pvs=21),Online banking
Fernpresso,THB 185.00,🍴Eating_MAR25 (https://app.notion.com/p/Eating_MAR25-1680423c142680efa387c6654cf73096?pvs=21),No,"March 26, 2025",March 25 (https://app.notion.com/p/March-25-1680423c142680a78829f3b78eb4898d?pvs=21),Online banking
Curry,THB 175.00,🍴Eating_MAR25 (https://app.notion.com/p/Eating_MAR25-1680423c142680efa387c6654cf73096?pvs=21),No,"March 26, 2025",March 25 (https://app.notion.com/p/March-25-1680423c142680a78829f3b78eb4898d?pvs=21),Online banking
ไข่เจียว,THB 40.00,🍴Eating_MAR25 (https://app.notion.com/p/Eating_MAR25-1680423c142680efa387c6654cf73096?pvs=21),No,"March 27, 2025",March 25 (https://app.notion.com/p/March-25-1680423c142680a78829f3b78eb4898d?pvs=21),Online banking
น้ำปั่น,THB 35.00,🍴Eating_MAR25 (https://app.notion.com/p/Eating_MAR25-1680423c142680efa387c6654cf73096?pvs=21),No,"March 27, 2025",March 25 (https://app.notion.com/p/March-25-1680423c142680a78829f3b78eb4898d?pvs=21),Online banking
Top,THB 252.25,🍴Eating_MAR25 (https://app.notion.com/p/Eating_MAR25-1680423c142680efa387c6654cf73096?pvs=21),No,"March 29, 2025",March 25 (https://app.notion.com/p/March-25-1680423c142680a78829f3b78eb4898d?pvs=21),Online banking
บริจาค,THB 100.00,❤️Lover_MAR25 (https://app.notion.com/p/Lover_MAR25-1680423c1426802b839afe7397a0296b?pvs=21),No,"March 29, 2025",March 25 (https://app.notion.com/p/March-25-1680423c142680a78829f3b78eb4898d?pvs=21),Online banking
Food,THB 363.00,🍴Eating_MAR25 (https://app.notion.com/p/Eating_MAR25-1680423c142680efa387c6654cf73096?pvs=21),No,"March 29, 2025",March 25 (https://app.notion.com/p/March-25-1680423c142680a78829f3b78eb4898d?pvs=21),Online banking
Food,THB 95.00,🍴Eating_MAR25 (https://app.notion.com/p/Eating_MAR25-1680423c142680efa387c6654cf73096?pvs=21),No,"March 30, 2025",March 25 (https://app.notion.com/p/March-25-1680423c142680a78829f3b78eb4898d?pvs=21),Credit card
The barn,THB 135.00,🍴Eating_MAR25 (https://app.notion.com/p/Eating_MAR25-1680423c142680efa387c6654cf73096?pvs=21),No,"March 30, 2025",March 25 (https://app.notion.com/p/March-25-1680423c142680a78829f3b78eb4898d?pvs=21),Online banking
Food,THB 71.00,🍴Eating_MAR25 (https://app.notion.com/p/Eating_MAR25-1680423c142680efa387c6654cf73096?pvs=21),No,"March 30, 2025",March 25 (https://app.notion.com/p/March-25-1680423c142680a78829f3b78eb4898d?pvs=21),Credit card
Sandwich,THB 29.00,🍴Eating_MAR25 (https://app.notion.com/p/Eating_MAR25-1680423c142680efa387c6654cf73096?pvs=21),No,"March 31, 2025",March 25 (https://app.notion.com/p/March-25-1680423c142680a78829f3b78eb4898d?pvs=21),Online banking
Food,THB 60.00,🍴Eating_APR25 (https://app.notion.com/p/Eating_APR25-1680423c142680f39fcfcac9cf8f55ff?pvs=21),No,"April 1, 2025",April 25 (https://app.notion.com/p/April-25-1680423c14268091aa72fc1dd291be31?pvs=21),Online banking
ค่าเรียน occmed,"THB 32,000.00",📖Education_APR25 (https://app.notion.com/p/Education_APR25-1680423c14268093a6ffd9678529e9cf?pvs=21),No,"April 1, 2025",April 25 (https://app.notion.com/p/April-25-1680423c14268091aa72fc1dd291be31?pvs=21),Online banking
Salad khunnai,THB 125.00,🍴Eating_APR25 (https://app.notion.com/p/Eating_APR25-1680423c142680f39fcfcac9cf8f55ff?pvs=21),No,"April 2, 2025",April 25 (https://app.notion.com/p/April-25-1680423c14268091aa72fc1dd291be31?pvs=21),Online banking
Food,THB 45.00,🍴Eating_APR25 (https://app.notion.com/p/Eating_APR25-1680423c142680f39fcfcac9cf8f55ff?pvs=21),No,"April 3, 2025",April 25 (https://app.notion.com/p/April-25-1680423c14268091aa72fc1dd291be31?pvs=21),Online banking
เครื่องบินไปงานแต่งเจล,"THB 2,150.00",✈️Travel_APR25 (https://app.notion.com/p/Travel_APR25-1680423c1426806c9e7cd154b83bf1b1?pvs=21),No,"April 3, 2025",April 25 (https://app.notion.com/p/April-25-1680423c14268091aa72fc1dd291be31?pvs=21),Online banking
Food,THB 22.00,🍴Eating_APR25 (https://app.notion.com/p/Eating_APR25-1680423c142680f39fcfcac9cf8f55ff?pvs=21),No,"April 3, 2025",April 25 (https://app.notion.com/p/April-25-1680423c14268091aa72fc1dd291be31?pvs=21),Online banking
Pentel,THB 63.65,📖Education_APR25 (https://app.notion.com/p/Education_APR25-1680423c14268093a6ffd9678529e9cf?pvs=21),No,"April 3, 2025",April 25 (https://app.notion.com/p/April-25-1680423c14268091aa72fc1dd291be31?pvs=21),Online banking
Shopping TOP,THB 525.75,🛍️Shopping_APR25 (https://app.notion.com/p/Shopping_APR25-1680423c142680d2b629eed9d6d92ca7?pvs=21),No,"April 3, 2025",April 25 (https://app.notion.com/p/April-25-1680423c14268091aa72fc1dd291be31?pvs=21),Credit card
เสื้อ Muji,THB 622.00,🛍️Shopping_APR25 (https://app.notion.com/p/Shopping_APR25-1680423c142680d2b629eed9d6d92ca7?pvs=21),No,"April 3, 2025",April 25 (https://app.notion.com/p/April-25-1680423c14268091aa72fc1dd291be31?pvs=21),Credit card
รถแดง,THB 27.00,🛢️Transportation_APR25 (https://app.notion.com/p/Transportation_APR25-1680423c1426801a81b8e1a9a26b7e9b?pvs=21),No,"April 4, 2025",April 25 (https://app.notion.com/p/April-25-1680423c14268091aa72fc1dd291be31?pvs=21),Online banking
Coffee,THB 63.00,🍴Eating_APR25 (https://app.notion.com/p/Eating_APR25-1680423c142680f39fcfcac9cf8f55ff?pvs=21),No,"April 4, 2025",April 25 (https://app.notion.com/p/April-25-1680423c14268091aa72fc1dd291be31?pvs=21),Online banking
Food,THB 150.00,🍴Eating_APR25 (https://app.notion.com/p/Eating_APR25-1680423c142680f39fcfcac9cf8f55ff?pvs=21),No,"April 4, 2025",April 25 (https://app.notion.com/p/April-25-1680423c14268091aa72fc1dd291be31?pvs=21),Online banking
Coffee,THB 547.00,🍴Eating_APR25 (https://app.notion.com/p/Eating_APR25-1680423c142680f39fcfcac9cf8f55ff?pvs=21),No,"April 4, 2025",April 25 (https://app.notion.com/p/April-25-1680423c14268091aa72fc1dd291be31?pvs=21),Credit card
Food,THB 146.00,🍴Eating_APR25 (https://app.notion.com/p/Eating_APR25-1680423c142680f39fcfcac9cf8f55ff?pvs=21),No,"April 5, 2025",April 25 (https://app.notion.com/p/April-25-1680423c14268091aa72fc1dd291be31?pvs=21),Credit card
กระเพรา,THB 69.00,🍴Eating_APR25 (https://app.notion.com/p/Eating_APR25-1680423c142680f39fcfcac9cf8f55ff?pvs=21),No,"April 6, 2025",April 25 (https://app.notion.com/p/April-25-1680423c14268091aa72fc1dd291be31?pvs=21),Credit card
Sizzler,THB 235.00,🍴Eating_APR25 (https://app.notion.com/p/Eating_APR25-1680423c142680f39fcfcac9cf8f55ff?pvs=21),No,"April 6, 2025",April 25 (https://app.notion.com/p/April-25-1680423c14268091aa72fc1dd291be31?pvs=21),Credit card
Lamoon,THB 160.00,🍴Eating_APR25 (https://app.notion.com/p/Eating_APR25-1680423c142680f39fcfcac9cf8f55ff?pvs=21),No,"April 7, 2025",April 25 (https://app.notion.com/p/April-25-1680423c14268091aa72fc1dd291be31?pvs=21),Online banking
เปลี่ยนปุ่มไฟเลี้ยว,THB 100.00,🛢️Transportation_APR25 (https://app.notion.com/p/Transportation_APR25-1680423c1426801a81b8e1a9a26b7e9b?pvs=21),No,"April 7, 2025",April 25 (https://app.notion.com/p/April-25-1680423c14268091aa72fc1dd291be31?pvs=21),Online banking
Food,THB 165.00,🍴Eating_APR25 (https://app.notion.com/p/Eating_APR25-1680423c142680f39fcfcac9cf8f55ff?pvs=21),No,"April 7, 2025",April 25 (https://app.notion.com/p/April-25-1680423c14268091aa72fc1dd291be31?pvs=21),Online banking
Ice-cream,THB 158.00,🍴Eating_APR25 (https://app.notion.com/p/Eating_APR25-1680423c142680f39fcfcac9cf8f55ff?pvs=21),No,"April 7, 2025",April 25 (https://app.notion.com/p/April-25-1680423c14268091aa72fc1dd291be31?pvs=21),Online banking
Food,THB 45.00,🍴Eating_APR25 (https://app.notion.com/p/Eating_APR25-1680423c142680f39fcfcac9cf8f55ff?pvs=21),No,"April 8, 2025",April 25 (https://app.notion.com/p/April-25-1680423c14268091aa72fc1dd291be31?pvs=21),Online banking
The barn,THB 144.00,🍴Eating_APR25 (https://app.notion.com/p/Eating_APR25-1680423c142680f39fcfcac9cf8f55ff?pvs=21),No,"April 8, 2025",April 25 (https://app.notion.com/p/April-25-1680423c14268091aa72fc1dd291be31?pvs=21),Online banking
Food,THB 77.00,🍴Eating_APR25 (https://app.notion.com/p/Eating_APR25-1680423c142680f39fcfcac9cf8f55ff?pvs=21),No,"April 9, 2025",April 25 (https://app.notion.com/p/April-25-1680423c14268091aa72fc1dd291be31?pvs=21),Online banking
Food,THB 66.00,🍴Eating_APR25 (https://app.notion.com/p/Eating_APR25-1680423c142680f39fcfcac9cf8f55ff?pvs=21),No,"April 9, 2025",April 25 (https://app.notion.com/p/April-25-1680423c14268091aa72fc1dd291be31?pvs=21),Credit card
Food,THB 37.00,🍴Eating_APR25 (https://app.notion.com/p/Eating_APR25-1680423c142680f39fcfcac9cf8f55ff?pvs=21),No,"April 10, 2025",April 25 (https://app.notion.com/p/April-25-1680423c14268091aa72fc1dd291be31?pvs=21),Online banking
Goocery,THB 205.00,🍴Eating_APR25 (https://app.notion.com/p/Eating_APR25-1680423c142680f39fcfcac9cf8f55ff?pvs=21),No,"April 10, 2025",April 25 (https://app.notion.com/p/April-25-1680423c14268091aa72fc1dd291be31?pvs=21),Online banking
สมเกียรติ,THB 160.00,🍴Eating_APR25 (https://app.notion.com/p/Eating_APR25-1680423c142680f39fcfcac9cf8f55ff?pvs=21),No,"April 10, 2025",April 25 (https://app.notion.com/p/April-25-1680423c14268091aa72fc1dd291be31?pvs=21),Online banking
My Vietnam,THB 244.00,🍴Eating_APR25 (https://app.notion.com/p/Eating_APR25-1680423c142680f39fcfcac9cf8f55ff?pvs=21),No,"April 11, 2025",April 25 (https://app.notion.com/p/April-25-1680423c14268091aa72fc1dd291be31?pvs=21),Online banking
ของฝาก,THB 275.00,🛍️Shopping_APR25 (https://app.notion.com/p/Shopping_APR25-1680423c142680d2b629eed9d6d92ca7?pvs=21),No,"April 11, 2025",April 25 (https://app.notion.com/p/April-25-1680423c14268091aa72fc1dd291be31?pvs=21),Online banking
The streak,THB 198.00,🍴Eating_APR25 (https://app.notion.com/p/Eating_APR25-1680423c142680f39fcfcac9cf8f55ff?pvs=21),No,"April 11, 2025",April 25 (https://app.notion.com/p/April-25-1680423c14268091aa72fc1dd291be31?pvs=21),Online banking
Food,THB 26.00,🍴Eating_APR25 (https://app.notion.com/p/Eating_APR25-1680423c142680f39fcfcac9cf8f55ff?pvs=21),No,"April 12, 2025",April 25 (https://app.notion.com/p/April-25-1680423c14268091aa72fc1dd291be31?pvs=21),Online banking
oil,THB 840.00,🛢️Transportation_APR25 (https://app.notion.com/p/Transportation_APR25-1680423c1426801a81b8e1a9a26b7e9b?pvs=21),No,"April 12, 2025",April 25 (https://app.notion.com/p/April-25-1680423c14268091aa72fc1dd291be31?pvs=21),Credit card
Food,THB 50.00,🍴Eating_APR25 (https://app.notion.com/p/Eating_APR25-1680423c142680f39fcfcac9cf8f55ff?pvs=21),No,"April 12, 2025",April 25 (https://app.notion.com/p/April-25-1680423c14268091aa72fc1dd291be31?pvs=21),Online banking
ของใช้,THB 154.00,🍴Eating_APR25 (https://app.notion.com/p/Eating_APR25-1680423c142680f39fcfcac9cf8f55ff?pvs=21),No,"April 12, 2025",April 25 (https://app.notion.com/p/April-25-1680423c14268091aa72fc1dd291be31?pvs=21),Online banking
Tewa,THB 835.00,🍴Eating_APR25 (https://app.notion.com/p/Eating_APR25-1680423c142680f39fcfcac9cf8f55ff?pvs=21),No,"April 14, 2025",April 25 (https://app.notion.com/p/April-25-1680423c14268091aa72fc1dd291be31?pvs=21),Online banking
ของฝาก,THB 300.00,🍴Eating_APR25 (https://app.notion.com/p/Eating_APR25-1680423c142680f39fcfcac9cf8f55ff?pvs=21),No,"April 14, 2025",April 25 (https://app.notion.com/p/April-25-1680423c14268091aa72fc1dd291be31?pvs=21),Online banking
Food,THB 95.00,🍴Eating_APR25 (https://app.notion.com/p/Eating_APR25-1680423c142680f39fcfcac9cf8f55ff?pvs=21),No,"April 16, 2025",April 25 (https://app.notion.com/p/April-25-1680423c14268091aa72fc1dd291be31?pvs=21),Online banking
Food,THB 180.00,🍴Eating_APR25 (https://app.notion.com/p/Eating_APR25-1680423c142680f39fcfcac9cf8f55ff?pvs=21),No,"April 16, 2025",April 25 (https://app.notion.com/p/April-25-1680423c14268091aa72fc1dd291be31?pvs=21),Online banking
Food,THB 42.00,🍴Eating_APR25 (https://app.notion.com/p/Eating_APR25-1680423c142680f39fcfcac9cf8f55ff?pvs=21),No,"April 17, 2025",April 25 (https://app.notion.com/p/April-25-1680423c14268091aa72fc1dd291be31?pvs=21),Online banking
Salad khunnai,THB 345.00,🍴Eating_APR25 (https://app.notion.com/p/Eating_APR25-1680423c142680f39fcfcac9cf8f55ff?pvs=21),No,"April 17, 2025",April 25 (https://app.notion.com/p/April-25-1680423c14268091aa72fc1dd291be31?pvs=21),Credit card
Coffee,THB 52.00,🍴Eating_APR25 (https://app.notion.com/p/Eating_APR25-1680423c142680f39fcfcac9cf8f55ff?pvs=21),No,"April 18, 2025",April 25 (https://app.notion.com/p/April-25-1680423c14268091aa72fc1dd291be31?pvs=21),Online banking
อบรม Fammed online,THB 150.00,📖Education_APR25 (https://app.notion.com/p/Education_APR25-1680423c14268093a6ffd9678529e9cf?pvs=21),No,"April 19, 2025",April 25 (https://app.notion.com/p/April-25-1680423c14268091aa72fc1dd291be31?pvs=21),Online banking
Food,THB 48.75,🍴Eating_APR25 (https://app.notion.com/p/Eating_APR25-1680423c142680f39fcfcac9cf8f55ff?pvs=21),No,"April 19, 2025",April 25 (https://app.notion.com/p/April-25-1680423c14268091aa72fc1dd291be31?pvs=21),Online banking
Sizzler,THB 222.00,🍴Eating_APR25 (https://app.notion.com/p/Eating_APR25-1680423c142680f39fcfcac9cf8f55ff?pvs=21),No,"April 19, 2025",April 25 (https://app.notion.com/p/April-25-1680423c14268091aa72fc1dd291be31?pvs=21),Credit card
Food,THB 183.00,🍴Eating_APR25 (https://app.notion.com/p/Eating_APR25-1680423c142680f39fcfcac9cf8f55ff?pvs=21),No,"April 20, 2025",April 25 (https://app.notion.com/p/April-25-1680423c14268091aa72fc1dd291be31?pvs=21),Online banking
Food,THB 40.00,🍴Eating_APR25 (https://app.notion.com/p/Eating_APR25-1680423c142680f39fcfcac9cf8f55ff?pvs=21),No,"April 21, 2025",April 25 (https://app.notion.com/p/April-25-1680423c14268091aa72fc1dd291be31?pvs=21),Online banking
ชาตรามือ,THB 45.00,🍴Eating_APR25 (https://app.notion.com/p/Eating_APR25-1680423c142680f39fcfcac9cf8f55ff?pvs=21),No,"April 21, 2025",April 25 (https://app.notion.com/p/April-25-1680423c14268091aa72fc1dd291be31?pvs=21),Online banking
Food,THB 45.00,🍴Eating_APR25 (https://app.notion.com/p/Eating_APR25-1680423c142680f39fcfcac9cf8f55ff?pvs=21),No,"April 22, 2025",April 25 (https://app.notion.com/p/April-25-1680423c14268091aa72fc1dd291be31?pvs=21),Online banking
Food,THB 24.00,🍴Eating_APR25 (https://app.notion.com/p/Eating_APR25-1680423c142680f39fcfcac9cf8f55ff?pvs=21),No,"April 22, 2025",April 25 (https://app.notion.com/p/April-25-1680423c14268091aa72fc1dd291be31?pvs=21),Online banking
Food,THB 55.00,🍴Eating_APR25 (https://app.notion.com/p/Eating_APR25-1680423c142680f39fcfcac9cf8f55ff?pvs=21),No,"April 23, 2025",April 25 (https://app.notion.com/p/April-25-1680423c14268091aa72fc1dd291be31?pvs=21),Online banking
Food,THB 60.00,🍴Eating_APR25 (https://app.notion.com/p/Eating_APR25-1680423c142680f39fcfcac9cf8f55ff?pvs=21),No,"April 23, 2025",April 25 (https://app.notion.com/p/April-25-1680423c14268091aa72fc1dd291be31?pvs=21),Online banking
ค่าสมัครสอบ R2,"THB 4,500.00",📖Education_APR25 (https://app.notion.com/p/Education_APR25-1680423c14268093a6ffd9678529e9cf?pvs=21),No,"April 23, 2025",April 25 (https://app.notion.com/p/April-25-1680423c14268091aa72fc1dd291be31?pvs=21),Online banking
กับข้าวบ้านสวน,THB 286.00,🍴Eating_APR25 (https://app.notion.com/p/Eating_APR25-1680423c142680f39fcfcac9cf8f55ff?pvs=21),No,"April 23, 2025",April 25 (https://app.notion.com/p/April-25-1680423c14268091aa72fc1dd291be31?pvs=21),Online banking
Food,THB 47.00,🍴Eating_APR25 (https://app.notion.com/p/Eating_APR25-1680423c142680f39fcfcac9cf8f55ff?pvs=21),No,"April 24, 2025",April 25 (https://app.notion.com/p/April-25-1680423c14268091aa72fc1dd291be31?pvs=21),Online banking
Food,THB 212.00,🍴Eating_APR25 (https://app.notion.com/p/Eating_APR25-1680423c142680f39fcfcac9cf8f55ff?pvs=21),No,"April 25, 2025",April 25 (https://app.notion.com/p/April-25-1680423c14268091aa72fc1dd291be31?pvs=21),Online banking
รถแดง,THB 25.00,🍴Eating_APR25 (https://app.notion.com/p/Eating_APR25-1680423c142680f39fcfcac9cf8f55ff?pvs=21),No,"April 25, 2025",April 25 (https://app.notion.com/p/April-25-1680423c14268091aa72fc1dd291be31?pvs=21),Online banking
Salad farm,THB 265.00,🍴Eating_APR25 (https://app.notion.com/p/Eating_APR25-1680423c142680f39fcfcac9cf8f55ff?pvs=21),No,"April 26, 2025",April 25 (https://app.notion.com/p/April-25-1680423c14268091aa72fc1dd291be31?pvs=21),Online banking
Persona 5 Royal,THB 724.19,🎮Entertainment_APR25 (https://app.notion.com/p/Entertainment_APR25-1680423c142680f7bd7ceb174890c37e?pvs=21),No,"April 26, 2025",April 25 (https://app.notion.com/p/April-25-1680423c14268091aa72fc1dd291be31?pvs=21),Credit card
Food,THB 53.00,🍴Eating_APR25 (https://app.notion.com/p/Eating_APR25-1680423c142680f39fcfcac9cf8f55ff?pvs=21),No,"April 27, 2025",April 25 (https://app.notion.com/p/April-25-1680423c14268091aa72fc1dd291be31?pvs=21),Online banking
ปลาเผา,THB 120.00,🍴Eating_APR25 (https://app.notion.com/p/Eating_APR25-1680423c142680f39fcfcac9cf8f55ff?pvs=21),No,"April 27, 2025",April 25 (https://app.notion.com/p/April-25-1680423c14268091aa72fc1dd291be31?pvs=21),Credit card
Food,THB 55.00,🍴Eating_APR25 (https://app.notion.com/p/Eating_APR25-1680423c142680f39fcfcac9cf8f55ff?pvs=21),No,"April 28, 2025",April 25 (https://app.notion.com/p/April-25-1680423c14268091aa72fc1dd291be31?pvs=21),Online banking
Food,THB 30.00,🍴Eating_APR25 (https://app.notion.com/p/Eating_APR25-1680423c142680f39fcfcac9cf8f55ff?pvs=21),No,"April 28, 2025",April 25 (https://app.notion.com/p/April-25-1680423c14268091aa72fc1dd291be31?pvs=21),Online banking
Food,THB 72.00,🍴Eating_APR25 (https://app.notion.com/p/Eating_APR25-1680423c142680f39fcfcac9cf8f55ff?pvs=21),No,"April 29, 2025",April 25 (https://app.notion.com/p/April-25-1680423c14268091aa72fc1dd291be31?pvs=21),Online banking
Food,THB 110.00,🍴Eating_APR25 (https://app.notion.com/p/Eating_APR25-1680423c142680f39fcfcac9cf8f55ff?pvs=21),No,"April 30, 2025",April 25 (https://app.notion.com/p/April-25-1680423c14268091aa72fc1dd291be31?pvs=21),Online banking
Food,THB 74.15,🍴Eating_APR25 (https://app.notion.com/p/Eating_APR25-1680423c142680f39fcfcac9cf8f55ff?pvs=21),No,"April 30, 2025",April 25 (https://app.notion.com/p/April-25-1680423c14268091aa72fc1dd291be31?pvs=21),Online banking
Shubugu,THB 149.00,🍴Eating_APR25 (https://app.notion.com/p/Eating_APR25-1680423c142680f39fcfcac9cf8f55ff?pvs=21),No,"April 30, 2025",April 25 (https://app.notion.com/p/April-25-1680423c14268091aa72fc1dd291be31?pvs=21),Online banking
Notebook,THB 60.00,🛍️Shopping_APR25 (https://app.notion.com/p/Shopping_APR25-1680423c142680d2b629eed9d6d92ca7?pvs=21),No,"April 30, 2025",April 25 (https://app.notion.com/p/April-25-1680423c14268091aa72fc1dd291be31?pvs=21),Online banking
Watson,THB 457.53,🛍️Shopping_APR25 (https://app.notion.com/p/Shopping_APR25-1680423c142680d2b629eed9d6d92ca7?pvs=21),No,"April 30, 2025",April 25 (https://app.notion.com/p/April-25-1680423c14268091aa72fc1dd291be31?pvs=21),Credit card
Top,THB 460.11,🛍️Shopping_APR25 (https://app.notion.com/p/Shopping_APR25-1680423c142680d2b629eed9d6d92ca7?pvs=21),No,"April 30, 2025",April 25 (https://app.notion.com/p/April-25-1680423c14268091aa72fc1dd291be31?pvs=21),Credit card
กระเพราหมูสับไข่เจียว,THB 35.00,🍴Eating_MAY25 (https://app.notion.com/p/Eating_MAY25-1680423c1426802390dddd5d0995b4af?pvs=21),No,"May 1, 2025",May 25 (https://app.notion.com/p/May-25-1680423c1426802f9076cb993db7d3f9?pvs=21),Online banking
Food,THB 76.00,🍴Eating_MAY25 (https://app.notion.com/p/Eating_MAY25-1680423c1426802390dddd5d0995b4af?pvs=21),No,"May 2, 2025",May 25 (https://app.notion.com/p/May-25-1680423c1426802f9076cb993db7d3f9?pvs=21),Credit card
เต้าหู้,THB 145.00,🍴Eating_MAY25 (https://app.notion.com/p/Eating_MAY25-1680423c1426802390dddd5d0995b4af?pvs=21),No,"May 2, 2025",May 25 (https://app.notion.com/p/May-25-1680423c1426802f9076cb993db7d3f9?pvs=21),Credit card
Salad khunnai,THB 146.00,🍴Eating_MAY25 (https://app.notion.com/p/Eating_MAY25-1680423c1426802390dddd5d0995b4af?pvs=21),No,"May 3, 2025",May 25 (https://app.notion.com/p/May-25-1680423c1426802f9076cb993db7d3f9?pvs=21),Credit card
กระเพรา,THB 65.00,🍴Eating_MAY25 (https://app.notion.com/p/Eating_MAY25-1680423c1426802390dddd5d0995b4af?pvs=21),No,"May 4, 2025",May 25 (https://app.notion.com/p/May-25-1680423c1426802f9076cb993db7d3f9?pvs=21),Credit card
เชฟรัญชน์,THB 76.00,🍴Eating_MAY25 (https://app.notion.com/p/Eating_MAY25-1680423c1426802390dddd5d0995b4af?pvs=21),No,"May 4, 2025",May 25 (https://app.notion.com/p/May-25-1680423c1426802f9076cb993db7d3f9?pvs=21),Credit card
Jyubey,THB 480.00,🍴Eating_MAY25 (https://app.notion.com/p/Eating_MAY25-1680423c1426802390dddd5d0995b4af?pvs=21),No,"May 5, 2025",May 25 (https://app.notion.com/p/May-25-1680423c1426802f9076cb993db7d3f9?pvs=21),Online banking
ชีวิตชีวา,THB 188.00,🍴Eating_MAY25 (https://app.notion.com/p/Eating_MAY25-1680423c1426802390dddd5d0995b4af?pvs=21),No,"May 5, 2025",May 25 (https://app.notion.com/p/May-25-1680423c1426802f9076cb993db7d3f9?pvs=21),Online banking
Food,THB 65.00,🍴Eating_MAY25 (https://app.notion.com/p/Eating_MAY25-1680423c1426802390dddd5d0995b4af?pvs=21),No,"May 6, 2025",May 25 (https://app.notion.com/p/May-25-1680423c1426802f9076cb993db7d3f9?pvs=21),Online banking
Food,THB 70.00,🍴Eating_MAY25 (https://app.notion.com/p/Eating_MAY25-1680423c1426802390dddd5d0995b4af?pvs=21),No,"May 6, 2025",May 25 (https://app.notion.com/p/May-25-1680423c1426802f9076cb993db7d3f9?pvs=21),Online banking
Food,THB 95.00,🍴Eating_MAY25 (https://app.notion.com/p/Eating_MAY25-1680423c1426802390dddd5d0995b4af?pvs=21),No,"May 7, 2025",May 25 (https://app.notion.com/p/May-25-1680423c1426802f9076cb993db7d3f9?pvs=21),Online banking
Food,THB 185.00,🍴Eating_MAY25 (https://app.notion.com/p/Eating_MAY25-1680423c1426802390dddd5d0995b4af?pvs=21),No,"May 8, 2025",May 25 (https://app.notion.com/p/May-25-1680423c1426802f9076cb993db7d3f9?pvs=21),Online banking
Food,THB 116.75,🍴Eating_MAY25 (https://app.notion.com/p/Eating_MAY25-1680423c1426802390dddd5d0995b4af?pvs=21),No,"May 8, 2025",May 25 (https://app.notion.com/p/May-25-1680423c1426802f9076cb993db7d3f9?pvs=21),Online banking
Food,THB 100.00,🍴Eating_MAY25 (https://app.notion.com/p/Eating_MAY25-1680423c1426802390dddd5d0995b4af?pvs=21),No,"May 9, 2025",May 25 (https://app.notion.com/p/May-25-1680423c1426802f9076cb993db7d3f9?pvs=21),Online banking
Food,THB 45.00,🍴Eating_MAY25 (https://app.notion.com/p/Eating_MAY25-1680423c1426802390dddd5d0995b4af?pvs=21),No,"May 9, 2025",May 25 (https://app.notion.com/p/May-25-1680423c1426802f9076cb993db7d3f9?pvs=21),Online banking
Maxim,THB 100.00,🛢️Transportation_MAY25 (https://app.notion.com/p/Transportation_MAY25-1680423c14268012b9a6d438ef5ee00d?pvs=21),No,"May 9, 2025",May 25 (https://app.notion.com/p/May-25-1680423c1426802f9076cb993db7d3f9?pvs=21),Online banking
Maxim,THB 173.00,🛢️Transportation_MAY25 (https://app.notion.com/p/Transportation_MAY25-1680423c14268012b9a6d438ef5ee00d?pvs=21),No,"May 9, 2025",May 25 (https://app.notion.com/p/May-25-1680423c1426802f9076cb993db7d3f9?pvs=21),Credit card
งานแต่งเจล,"THB 1,000.00",❤️Lover_MAY25 (https://app.notion.com/p/Lover_MAY25-1680423c1426808fa730e9f2d0e83a2d?pvs=21),No,"May 10, 2025",May 25 (https://app.notion.com/p/May-25-1680423c1426802f9076cb993db7d3f9?pvs=21),Online banking
ทำบุญ,THB 100.00,❤️Lover_MAY25 (https://app.notion.com/p/Lover_MAY25-1680423c1426808fa730e9f2d0e83a2d?pvs=21),No,"May 10, 2025",May 25 (https://app.notion.com/p/May-25-1680423c1426802f9076cb993db7d3f9?pvs=21),Online banking
ข้าวตามสั่ง,THB 300.00,🍴Eating_MAY25 (https://app.notion.com/p/Eating_MAY25-1680423c1426802390dddd5d0995b4af?pvs=21),No,"May 10, 2025",May 25 (https://app.notion.com/p/May-25-1680423c1426802f9076cb993db7d3f9?pvs=21),Online banking
The physics of filter coffee,"THB 1,908.55",📖Education_MAY25 (https://app.notion.com/p/Education_MAY25-1680423c14268056ac64e8636fb5bacb?pvs=21),No,"May 10, 2025",May 25 (https://app.notion.com/p/May-25-1680423c1426802f9076cb993db7d3f9?pvs=21),Credit card
Seven,THB 73.00,🍴Eating_MAY25 (https://app.notion.com/p/Eating_MAY25-1680423c1426802390dddd5d0995b4af?pvs=21),No,"May 11, 2025",May 25 (https://app.notion.com/p/May-25-1680423c1426802f9076cb993db7d3f9?pvs=21),Online banking
Food,THB 230.00,🍴Eating_MAY25 (https://app.notion.com/p/Eating_MAY25-1680423c1426802390dddd5d0995b4af?pvs=21),No,"May 11, 2025",May 25 (https://app.notion.com/p/May-25-1680423c1426802f9076cb993db7d3f9?pvs=21),Online banking
Maxim,THB 83.00,🛢️Transportation_MAY25 (https://app.notion.com/p/Transportation_MAY25-1680423c14268012b9a6d438ef5ee00d?pvs=21),No,"May 11, 2025",May 25 (https://app.notion.com/p/May-25-1680423c1426802f9076cb993db7d3f9?pvs=21),Credit card
Salad khunnai,THB 330.00,🍴Eating_MAY25 (https://app.notion.com/p/Eating_MAY25-1680423c1426802390dddd5d0995b4af?pvs=21),No,"May 11, 2025",May 25 (https://app.notion.com/p/May-25-1680423c1426802f9076cb993db7d3f9?pvs=21),Credit card
Food,THB 356.00,🍴Eating_MAY25 (https://app.notion.com/p/Eating_MAY25-1680423c1426802390dddd5d0995b4af?pvs=21),No,"May 12, 2025",May 25 (https://app.notion.com/p/May-25-1680423c1426802f9076cb993db7d3f9?pvs=21),Online banking
กระเพรากระด้ง,THB 98.00,🍴Eating_MAY25 (https://app.notion.com/p/Eating_MAY25-1680423c1426802390dddd5d0995b4af?pvs=21),No,"May 13, 2025",May 25 (https://app.notion.com/p/May-25-1680423c1426802f9076cb993db7d3f9?pvs=21),Credit card
Salad khunnai,THB 123.00,🍴Eating_MAY25 (https://app.notion.com/p/Eating_MAY25-1680423c1426802390dddd5d0995b4af?pvs=21),No,"May 14, 2025",May 25 (https://app.notion.com/p/May-25-1680423c1426802f9076cb993db7d3f9?pvs=21),Credit card
ข้าวบ้านก๋ง,THB 90.00,🍴Eating_MAY25 (https://app.notion.com/p/Eating_MAY25-1680423c1426802390dddd5d0995b4af?pvs=21),No,"May 15, 2025",May 25 (https://app.notion.com/p/May-25-1680423c1426802f9076cb993db7d3f9?pvs=21),Credit card
Food,THB 100.00,🍴Eating_MAY25 (https://app.notion.com/p/Eating_MAY25-1680423c1426802390dddd5d0995b4af?pvs=21),No,"May 16, 2025",May 25 (https://app.notion.com/p/May-25-1680423c1426802f9076cb993db7d3f9?pvs=21),Online banking
Food,THB 60.00,🍴Eating_MAY25 (https://app.notion.com/p/Eating_MAY25-1680423c1426802390dddd5d0995b4af?pvs=21),No,"May 16, 2025",May 25 (https://app.notion.com/p/May-25-1680423c1426802f9076cb993db7d3f9?pvs=21),Online banking
Shinkanzen sushi,THB 154.00,🍴Eating_MAY25 (https://app.notion.com/p/Eating_MAY25-1680423c1426802390dddd5d0995b4af?pvs=21),No,"May 16, 2025",May 25 (https://app.notion.com/p/May-25-1680423c1426802f9076cb993db7d3f9?pvs=21),Credit card
Food,THB 81.00,🍴Eating_MAY25 (https://app.notion.com/p/Eating_MAY25-1680423c1426802390dddd5d0995b4af?pvs=21),No,"May 17, 2025",May 25 (https://app.notion.com/p/May-25-1680423c1426802f9076cb993db7d3f9?pvs=21),Online banking
Food,THB 260.00,🍴Eating_MAY25 (https://app.notion.com/p/Eating_MAY25-1680423c1426802390dddd5d0995b4af?pvs=21),No,"May 17, 2025",May 25 (https://app.notion.com/p/May-25-1680423c1426802f9076cb993db7d3f9?pvs=21),Online banking
ซักผ้า อบ,THB 100.00,🏠Home_MAY25 (https://app.notion.com/p/Home_MAY25-1680423c142680759a8bf51b5c0ae88b?pvs=21),No,"May 18, 2025",May 25 (https://app.notion.com/p/May-25-1680423c1426802f9076cb993db7d3f9?pvs=21),Online banking
ครัวอมร,THB 115.00,🍴Eating_MAY25 (https://app.notion.com/p/Eating_MAY25-1680423c1426802390dddd5d0995b4af?pvs=21),No,"May 18, 2025",May 25 (https://app.notion.com/p/May-25-1680423c1426802f9076cb993db7d3f9?pvs=21),Online banking
Food,THB 140.00,🍴Eating_MAY25 (https://app.notion.com/p/Eating_MAY25-1680423c1426802390dddd5d0995b4af?pvs=21),No,"May 18, 2025",May 25 (https://app.notion.com/p/May-25-1680423c1426802f9076cb993db7d3f9?pvs=21),Online banking
Food,THB 135.00,🍴Eating_MAY25 (https://app.notion.com/p/Eating_MAY25-1680423c1426802390dddd5d0995b4af?pvs=21),No,"May 18, 2025",May 25 (https://app.notion.com/p/May-25-1680423c1426802f9076cb993db7d3f9?pvs=21),Online banking
Water,THB 15.00,🍴Eating_MAY25 (https://app.notion.com/p/Eating_MAY25-1680423c1426802390dddd5d0995b4af?pvs=21),No,"May 18, 2025",May 25 (https://app.notion.com/p/May-25-1680423c1426802f9076cb993db7d3f9?pvs=21),Online banking
Oil,THB 670.00,🛢️Transportation_MAY25 (https://app.notion.com/p/Transportation_MAY25-1680423c14268012b9a6d438ef5ee00d?pvs=21),No,"May 18, 2025",May 25 (https://app.notion.com/p/May-25-1680423c1426802f9076cb993db7d3f9?pvs=21),Credit card
Top,THB 894.75,🛍️Shopping_MAY25 (https://app.notion.com/p/Shopping_MAY25-1680423c142680289541de06997d5d7a?pvs=21),No,"May 18, 2025",May 25 (https://app.notion.com/p/May-25-1680423c1426802f9076cb993db7d3f9?pvs=21),Credit card
Food,THB 74.00,🍴Eating_MAY25 (https://app.notion.com/p/Eating_MAY25-1680423c1426802390dddd5d0995b4af?pvs=21),No,"May 19, 2025",May 25 (https://app.notion.com/p/May-25-1680423c1426802f9076cb993db7d3f9?pvs=21),Credit card
Coffee,THB 480.00,🍴Eating_MAY25 (https://app.notion.com/p/Eating_MAY25-1680423c1426802390dddd5d0995b4af?pvs=21),No,"May 19, 2025",May 25 (https://app.notion.com/p/May-25-1680423c1426802f9076cb993db7d3f9?pvs=21),Credit card
Food,THB 65.00,🍴Eating_MAY25 (https://app.notion.com/p/Eating_MAY25-1680423c1426802390dddd5d0995b4af?pvs=21),No,"May 20, 2025",May 25 (https://app.notion.com/p/May-25-1680423c1426802f9076cb993db7d3f9?pvs=21),Credit card
Salad khunnai,THB 123.00,🍴Eating_MAY25 (https://app.notion.com/p/Eating_MAY25-1680423c1426802390dddd5d0995b4af?pvs=21),No,"May 21, 2025",May 25 (https://app.notion.com/p/May-25-1680423c1426802f9076cb993db7d3f9?pvs=21),Credit card
Food,THB 109.00,🍴Eating_MAY25 (https://app.notion.com/p/Eating_MAY25-1680423c1426802390dddd5d0995b4af?pvs=21),No,"May 22, 2025",May 25 (https://app.notion.com/p/May-25-1680423c1426802f9076cb993db7d3f9?pvs=21),Credit card
Food,THB 62.00,🍴Eating_MAY25 (https://app.notion.com/p/Eating_MAY25-1680423c1426802390dddd5d0995b4af?pvs=21),No,"May 23, 2025",May 25 (https://app.notion.com/p/May-25-1680423c1426802f9076cb993db7d3f9?pvs=21),Credit card
Food,THB 145.00,🍴Eating_MAY25 (https://app.notion.com/p/Eating_MAY25-1680423c1426802390dddd5d0995b4af?pvs=21),No,"May 24, 2025",May 25 (https://app.notion.com/p/May-25-1680423c1426802f9076cb993db7d3f9?pvs=21),Online banking
Salad khunnai,THB 346.00,🍴Eating_MAY25 (https://app.notion.com/p/Eating_MAY25-1680423c1426802390dddd5d0995b4af?pvs=21),No,"May 24, 2025",May 25 (https://app.notion.com/p/May-25-1680423c1426802f9076cb993db7d3f9?pvs=21),Online banking
Food,THB 185.00,🍴Eating_MAY25 (https://app.notion.com/p/Eating_MAY25-1680423c1426802390dddd5d0995b4af?pvs=21),No,"May 25, 2025",May 25 (https://app.notion.com/p/May-25-1680423c1426802f9076cb993db7d3f9?pvs=21),Online banking
Food,THB 57.00,🍴Eating_MAY25 (https://app.notion.com/p/Eating_MAY25-1680423c1426802390dddd5d0995b4af?pvs=21),No,"May 26, 2025",May 25 (https://app.notion.com/p/May-25-1680423c1426802f9076cb993db7d3f9?pvs=21),Online banking
Food,THB 139.00,🍴Eating_MAY25 (https://app.notion.com/p/Eating_MAY25-1680423c1426802390dddd5d0995b4af?pvs=21),No,"May 26, 2025",May 25 (https://app.notion.com/p/May-25-1680423c1426802f9076cb993db7d3f9?pvs=21),Online banking
Food,THB 69.00,🍴Eating_MAY25 (https://app.notion.com/p/Eating_MAY25-1680423c1426802390dddd5d0995b4af?pvs=21),No,"May 27, 2025",May 25 (https://app.notion.com/p/May-25-1680423c1426802f9076cb993db7d3f9?pvs=21),Online banking
Food,THB 54.00,🍴Eating_MAY25 (https://app.notion.com/p/Eating_MAY25-1680423c1426802390dddd5d0995b4af?pvs=21),No,"May 27, 2025",May 25 (https://app.notion.com/p/May-25-1680423c1426802f9076cb993db7d3f9?pvs=21),Online banking
ค่าเวรรับน้องรถไฟ,THB 122.00,📖Education_MAY25 (https://app.notion.com/p/Education_MAY25-1680423c14268056ac64e8636fb5bacb?pvs=21),No,"May 27, 2025",May 25 (https://app.notion.com/p/May-25-1680423c1426802f9076cb993db7d3f9?pvs=21),Online banking
Gavity,THB 215.00,🍴Eating_MAY25 (https://app.notion.com/p/Eating_MAY25-1680423c1426802390dddd5d0995b4af?pvs=21),No,"May 29, 2025",May 25 (https://app.notion.com/p/May-25-1680423c1426802f9076cb993db7d3f9?pvs=21),Online banking
Seven,THB 157.75,🍴Eating_MAY25 (https://app.notion.com/p/Eating_MAY25-1680423c1426802390dddd5d0995b4af?pvs=21),No,"May 29, 2025",May 25 (https://app.notion.com/p/May-25-1680423c1426802f9076cb993db7d3f9?pvs=21),Online banking
Food,THB 100.00,🍴Eating_MAY25 (https://app.notion.com/p/Eating_MAY25-1680423c1426802390dddd5d0995b4af?pvs=21),No,"May 29, 2025",May 25 (https://app.notion.com/p/May-25-1680423c1426802f9076cb993db7d3f9?pvs=21),Online banking
Food,THB 98.00,🍴Eating_MAY25 (https://app.notion.com/p/Eating_MAY25-1680423c1426802390dddd5d0995b4af?pvs=21),No,"May 30, 2025",May 25 (https://app.notion.com/p/May-25-1680423c1426802f9076cb993db7d3f9?pvs=21),Online banking
Food,THB 71.00,🍴Eating_MAY25 (https://app.notion.com/p/Eating_MAY25-1680423c1426802390dddd5d0995b4af?pvs=21),No,"May 30, 2025",May 25 (https://app.notion.com/p/May-25-1680423c1426802f9076cb993db7d3f9?pvs=21),Online banking
ของขวัญพี่กิ๊ก,THB 54.00,❤️Lover_MAY25 (https://app.notion.com/p/Lover_MAY25-1680423c1426808fa730e9f2d0e83a2d?pvs=21),No,"May 30, 2025",May 25 (https://app.notion.com/p/May-25-1680423c1426802f9076cb993db7d3f9?pvs=21),Online banking
Food,THB 56.00,🍴Eating_MAY25 (https://app.notion.com/p/Eating_MAY25-1680423c1426802390dddd5d0995b4af?pvs=21),No,"May 31, 2025",May 25 (https://app.notion.com/p/May-25-1680423c1426802f9076cb993db7d3f9?pvs=21),Online banking
Food,THB 175.00,🍴Eating_JUN25 (https://app.notion.com/p/Eating_JUN25-1680423c142680ca806dc35d992059b0?pvs=21),No,"June 1, 2025",June 25 (https://app.notion.com/p/June-25-1680423c142680e9a46cf1c140fcae4a?pvs=21),Credit card
Food,THB 114.00,🍴Eating_JUN25 (https://app.notion.com/p/Eating_JUN25-1680423c142680ca806dc35d992059b0?pvs=21),No,"June 2, 2025",June 25 (https://app.notion.com/p/June-25-1680423c142680e9a46cf1c140fcae4a?pvs=21),Online banking
Bayday,THB 170.00,🍴Eating_JUN25 (https://app.notion.com/p/Eating_JUN25-1680423c142680ca806dc35d992059b0?pvs=21),No,"June 2, 2025",June 25 (https://app.notion.com/p/June-25-1680423c142680e9a46cf1c140fcae4a?pvs=21),Online banking
ตัดผม,THB 130.00,💊Health & Fitness_JUN25 (https://app.notion.com/p/Health-Fitness_JUN25-1680423c1426801d8143f69906aa1da1?pvs=21),No,"June 2, 2025",June 25 (https://app.notion.com/p/June-25-1680423c142680e9a46cf1c140fcae4a?pvs=21),Online banking
Food,THB 475.00,🍴Eating_JUN25 (https://app.notion.com/p/Eating_JUN25-1680423c142680ca806dc35d992059b0?pvs=21),No,"June 3, 2025",June 25 (https://app.notion.com/p/June-25-1680423c142680e9a46cf1c140fcae4a?pvs=21),Online banking
Food,THB 60.00,🍴Eating_JUN25 (https://app.notion.com/p/Eating_JUN25-1680423c142680ca806dc35d992059b0?pvs=21),No,"June 5, 2025",June 25 (https://app.notion.com/p/June-25-1680423c142680e9a46cf1c140fcae4a?pvs=21),Online banking
Yuzu ยาหยอด,THB 319.00,🐱Cat_JUN25 (https://app.notion.com/p/Cat_JUN25-1680423c142680dd86edca660c251aa6?pvs=21),No,"June 6, 2025",June 25 (https://app.notion.com/p/June-25-1680423c142680e9a46cf1c140fcae4a?pvs=21),Credit card
ส้มตำอุดร,THB 186.00,🍴Eating_JUN25 (https://app.notion.com/p/Eating_JUN25-1680423c142680ca806dc35d992059b0?pvs=21),No,"June 6, 2025",June 25 (https://app.notion.com/p/June-25-1680423c142680e9a46cf1c140fcae4a?pvs=21),Online banking
Granola,THB 432.00,🍴Eating_JUN25 (https://app.notion.com/p/Eating_JUN25-1680423c142680ca806dc35d992059b0?pvs=21),No,"June 7, 2025",June 25 (https://app.notion.com/p/June-25-1680423c142680e9a46cf1c140fcae4a?pvs=21),Credit card
Food,THB 210.00,🍴Eating_JUN25 (https://app.notion.com/p/Eating_JUN25-1680423c142680ca806dc35d992059b0?pvs=21),No,"June 8, 2025",June 25 (https://app.notion.com/p/June-25-1680423c142680e9a46cf1c140fcae4a?pvs=21),Online banking
Powerbank,"THB 1,642.20",🛍️Shopping_JUN25 (https://app.notion.com/p/Shopping_JUN25-1680423c142680858cd9ecf31a97c0f9?pvs=21),No,"June 8, 2025",June 25 (https://app.notion.com/p/June-25-1680423c142680e9a46cf1c140fcae4a?pvs=21),Credit card
Food,THB 70.00,🍴Eating_JUN25 (https://app.notion.com/p/Eating_JUN25-1680423c142680ca806dc35d992059b0?pvs=21),No,"June 9, 2025",June 25 (https://app.notion.com/p/June-25-1680423c142680e9a46cf1c140fcae4a?pvs=21),Online banking
Otw,THB 105.00,🍴Eating_JUN25 (https://app.notion.com/p/Eating_JUN25-1680423c142680ca806dc35d992059b0?pvs=21),No,"June 9, 2025",June 25 (https://app.notion.com/p/June-25-1680423c142680e9a46cf1c140fcae4a?pvs=21),Online banking
พันธุ์ไทย,THB 60.00,🍴Eating_JUN25 (https://app.notion.com/p/Eating_JUN25-1680423c142680ca806dc35d992059b0?pvs=21),No,"June 9, 2025",June 25 (https://app.notion.com/p/June-25-1680423c142680e9a46cf1c140fcae4a?pvs=21),Online banking
Food,THB 140.00,🍴Eating_JUN25 (https://app.notion.com/p/Eating_JUN25-1680423c142680ca806dc35d992059b0?pvs=21),No,"June 10, 2025",June 25 (https://app.notion.com/p/June-25-1680423c142680e9a46cf1c140fcae4a?pvs=21),Online banking
Food,THB 85.00,🍴Eating_JUN25 (https://app.notion.com/p/Eating_JUN25-1680423c142680ca806dc35d992059b0?pvs=21),No,"June 11, 2025",June 25 (https://app.notion.com/p/June-25-1680423c142680e9a46cf1c140fcae4a?pvs=21),Online banking
Food,THB 130.00,🍴Eating_JUN25 (https://app.notion.com/p/Eating_JUN25-1680423c142680ca806dc35d992059b0?pvs=21),No,"June 12, 2025",June 25 (https://app.notion.com/p/June-25-1680423c142680e9a46cf1c140fcae4a?pvs=21),Online banking
Seven,THB 113.00,🍴Eating_JUN25 (https://app.notion.com/p/Eating_JUN25-1680423c142680ca806dc35d992059b0?pvs=21),No,"June 12, 2025",June 25 (https://app.notion.com/p/June-25-1680423c142680e9a46cf1c140fcae4a?pvs=21),Online banking
Seven,THB 45.00,🍴Eating_JUN25 (https://app.notion.com/p/Eating_JUN25-1680423c142680ca806dc35d992059b0?pvs=21),No,"June 12, 2025",June 25 (https://app.notion.com/p/June-25-1680423c142680e9a46cf1c140fcae4a?pvs=21),Online banking
Grab + Yayoi,THB 356.00,🍴Eating_JUN25 (https://app.notion.com/p/Eating_JUN25-1680423c142680ca806dc35d992059b0?pvs=21),No,"June 12, 2025",June 25 (https://app.notion.com/p/June-25-1680423c142680e9a46cf1c140fcae4a?pvs=21),Credit card
Food,THB 56.00,🍴Eating_JUN25 (https://app.notion.com/p/Eating_JUN25-1680423c142680ca806dc35d992059b0?pvs=21),No,"June 13, 2025",June 25 (https://app.notion.com/p/June-25-1680423c142680e9a46cf1c140fcae4a?pvs=21),Online banking
วิน,THB 40.00,🛢️Transportation_JUN25 (https://app.notion.com/p/Transportation_JUN25-1680423c142680d4b2c8e11104202c78?pvs=21),No,"June 13, 2025",June 25 (https://app.notion.com/p/June-25-1680423c142680e9a46cf1c140fcae4a?pvs=21),Online banking
Food,THB 40.00,🍴Eating_JUN25 (https://app.notion.com/p/Eating_JUN25-1680423c142680ca806dc35d992059b0?pvs=21),No,"June 13, 2025",June 25 (https://app.notion.com/p/June-25-1680423c142680e9a46cf1c140fcae4a?pvs=21),Online banking
เต่าบิน,THB 65.00,🍴Eating_JUN25 (https://app.notion.com/p/Eating_JUN25-1680423c142680ca806dc35d992059b0?pvs=21),No,"June 13, 2025",June 25 (https://app.notion.com/p/June-25-1680423c142680e9a46cf1c140fcae4a?pvs=21),Online banking
Food,THB 20.00,🍴Eating_JUN25 (https://app.notion.com/p/Eating_JUN25-1680423c142680ca806dc35d992059b0?pvs=21),No,"June 13, 2025",June 25 (https://app.notion.com/p/June-25-1680423c142680e9a46cf1c140fcae4a?pvs=21),Online banking
Seven,THB 69.00,🍴Eating_JUN25 (https://app.notion.com/p/Eating_JUN25-1680423c142680ca806dc35d992059b0?pvs=21),No,"June 13, 2025",June 25 (https://app.notion.com/p/June-25-1680423c142680e9a46cf1c140fcae4a?pvs=21),Online banking
Grab + หมูทะ,THB 345.00,🍴Eating_JUN25 (https://app.notion.com/p/Eating_JUN25-1680423c142680ca806dc35d992059b0?pvs=21),No,"June 13, 2025",June 25 (https://app.notion.com/p/June-25-1680423c142680e9a46cf1c140fcae4a?pvs=21),Online banking
Food,THB 40.00,🍴Eating_JUN25 (https://app.notion.com/p/Eating_JUN25-1680423c142680ca806dc35d992059b0?pvs=21),No,"June 14, 2025",June 25 (https://app.notion.com/p/June-25-1680423c142680e9a46cf1c140fcae4a?pvs=21),Online banking
บ้านส้มตำ,THB 436.00,🍴Eating_JUN25 (https://app.notion.com/p/Eating_JUN25-1680423c142680ca806dc35d992059b0?pvs=21),No,"June 14, 2025",June 25 (https://app.notion.com/p/June-25-1680423c142680e9a46cf1c140fcae4a?pvs=21),Online banking
Grab+Sushiro,THB 727.00,🍴Eating_JUN25 (https://app.notion.com/p/Eating_JUN25-1680423c142680ca806dc35d992059b0?pvs=21),No,"June 14, 2025",June 25 (https://app.notion.com/p/June-25-1680423c142680e9a46cf1c140fcae4a?pvs=21),Credit card
Food,THB 85.00,🍴Eating_JUN25 (https://app.notion.com/p/Eating_JUN25-1680423c142680ca806dc35d992059b0?pvs=21),No,"June 15, 2025",June 25 (https://app.notion.com/p/June-25-1680423c142680e9a46cf1c140fcae4a?pvs=21),Online banking
Peep,THB 267.00,🍴Eating_JUN25 (https://app.notion.com/p/Eating_JUN25-1680423c142680ca806dc35d992059b0?pvs=21),No,"June 15, 2025",June 25 (https://app.notion.com/p/June-25-1680423c142680e9a46cf1c140fcae4a?pvs=21),Online banking
ข้าวกลางวัน,THB 263.00,🍴Eating_JUN25 (https://app.notion.com/p/Eating_JUN25-1680423c142680ca806dc35d992059b0?pvs=21),No,"June 15, 2025",June 25 (https://app.notion.com/p/June-25-1680423c142680e9a46cf1c140fcae4a?pvs=21),Online banking
Aquarium,THB 80.00,🍴Eating_JUN25 (https://app.notion.com/p/Eating_JUN25-1680423c142680ca806dc35d992059b0?pvs=21),No,"June 15, 2025",June 25 (https://app.notion.com/p/June-25-1680423c142680e9a46cf1c140fcae4a?pvs=21),Online banking
รถตู้,THB 506.00,🍴Eating_JUN25 (https://app.notion.com/p/Eating_JUN25-1680423c142680ca806dc35d992059b0?pvs=21),No,"June 15, 2025",June 25 (https://app.notion.com/p/June-25-1680423c142680e9a46cf1c140fcae4a?pvs=21),Online banking
Grab,THB 36.00,🛢️Transportation_JUN25 (https://app.notion.com/p/Transportation_JUN25-1680423c142680d4b2c8e11104202c78?pvs=21),No,"June 15, 2025",June 25 (https://app.notion.com/p/June-25-1680423c142680e9a46cf1c140fcae4a?pvs=21),Online banking
Food,THB 60.00,🍴Eating_JUN25 (https://app.notion.com/p/Eating_JUN25-1680423c142680ca806dc35d992059b0?pvs=21),No,"June 16, 2025",June 25 (https://app.notion.com/p/June-25-1680423c142680e9a46cf1c140fcae4a?pvs=21),Online banking
Salad khunnai,THB 333.00,🍴Eating_JUN25 (https://app.notion.com/p/Eating_JUN25-1680423c142680ca806dc35d992059b0?pvs=21),No,"June 16, 2025",June 25 (https://app.notion.com/p/June-25-1680423c142680e9a46cf1c140fcae4a?pvs=21),Credit card
Food,THB 65.00,🍴Eating_JUN25 (https://app.notion.com/p/Eating_JUN25-1680423c142680ca806dc35d992059b0?pvs=21),No,"June 17, 2025",June 25 (https://app.notion.com/p/June-25-1680423c142680e9a46cf1c140fcae4a?pvs=21),Online banking
ShuuGou,THB 347.00,🍴Eating_JUN25 (https://app.notion.com/p/Eating_JUN25-1680423c142680ca806dc35d992059b0?pvs=21),No,"June 17, 2025",June 25 (https://app.notion.com/p/June-25-1680423c142680e9a46cf1c140fcae4a?pvs=21),Online banking
Food,THB 46.75,🍴Eating_JUN25 (https://app.notion.com/p/Eating_JUN25-1680423c142680ca806dc35d992059b0?pvs=21),No,"June 17, 2025",June 25 (https://app.notion.com/p/June-25-1680423c142680e9a46cf1c140fcae4a?pvs=21),Online banking
Sora coffee,THB 75.00,🍴Eating_JUN25 (https://app.notion.com/p/Eating_JUN25-1680423c142680ca806dc35d992059b0?pvs=21),No,"June 18, 2025",June 25 (https://app.notion.com/p/June-25-1680423c142680e9a46cf1c140fcae4a?pvs=21),Online banking
ผ้าป่า,THB 10.00,❤️Lover_JUN25 (https://app.notion.com/p/Lover_JUN25-1680423c14268019a775f714f739d08b?pvs=21),No,"June 18, 2025",June 25 (https://app.notion.com/p/June-25-1680423c142680e9a46cf1c140fcae4a?pvs=21),Online banking
สุกี้โคคา,THB 110.00,🍴Eating_JUN25 (https://app.notion.com/p/Eating_JUN25-1680423c142680ca806dc35d992059b0?pvs=21),No,"June 18, 2025",June 25 (https://app.notion.com/p/June-25-1680423c142680e9a46cf1c140fcae4a?pvs=21),Online banking
Chaing mai direct,THB 382.00,🛍️Shopping_JUN25 (https://app.notion.com/p/Shopping_JUN25-1680423c142680858cd9ecf31a97c0f9?pvs=21),No,"June 18, 2025",June 25 (https://app.notion.com/p/June-25-1680423c142680e9a46cf1c140fcae4a?pvs=21),Online banking
พันธุ์ไทย,THB 75.00,🍴Eating_JUN25 (https://app.notion.com/p/Eating_JUN25-1680423c142680ca806dc35d992059b0?pvs=21),No,"June 19, 2025",June 25 (https://app.notion.com/p/June-25-1680423c142680e9a46cf1c140fcae4a?pvs=21),Online banking
บิน+ที่พักไต้หวัน,"THB 8,900.00",✈️Travel_JUN25 (https://app.notion.com/p/Travel_JUN25-1680423c142680cda6eeff6ce150d270?pvs=21),No,"June 19, 2025",June 25 (https://app.notion.com/p/June-25-1680423c142680e9a46cf1c140fcae4a?pvs=21),Credit card
Boost,THB 189.00,💊Health & Fitness_JUN25 (https://app.notion.com/p/Health-Fitness_JUN25-1680423c1426801d8143f69906aa1da1?pvs=21),No,"June 19, 2025",June 25 (https://app.notion.com/p/June-25-1680423c142680e9a46cf1c140fcae4a?pvs=21),Online banking
Food,THB 59.00,🍴Eating_JUN25 (https://app.notion.com/p/Eating_JUN25-1680423c142680ca806dc35d992059b0?pvs=21),No,"June 20, 2025",June 25 (https://app.notion.com/p/June-25-1680423c142680e9a46cf1c140fcae4a?pvs=21),Credit card
Food,THB 149.00,🍴Eating_JUN25 (https://app.notion.com/p/Eating_JUN25-1680423c142680ca806dc35d992059b0?pvs=21),No,"June 21, 2025",June 25 (https://app.notion.com/p/June-25-1680423c142680e9a46cf1c140fcae4a?pvs=21),Credit card
Food,THB 93.00,🍴Eating_JUN25 (https://app.notion.com/p/Eating_JUN25-1680423c142680ca806dc35d992059b0?pvs=21),No,"June 22, 2025",June 25 (https://app.notion.com/p/June-25-1680423c142680e9a46cf1c140fcae4a?pvs=21),Credit card
Food,THB 50.00,🍴Eating_JUN25 (https://app.notion.com/p/Eating_JUN25-1680423c142680ca806dc35d992059b0?pvs=21),No,"June 23, 2025",June 25 (https://app.notion.com/p/June-25-1680423c142680e9a46cf1c140fcae4a?pvs=21),Online banking
Food,THB 120.00,🍴Eating_JUN25 (https://app.notion.com/p/Eating_JUN25-1680423c142680ca806dc35d992059b0?pvs=21),No,"June 24, 2025",June 25 (https://app.notion.com/p/June-25-1680423c142680e9a46cf1c140fcae4a?pvs=21),Online banking
Food,THB 175.00,🍴Eating_JUN25 (https://app.notion.com/p/Eating_JUN25-1680423c142680ca806dc35d992059b0?pvs=21),No,"June 24, 2025",June 25 (https://app.notion.com/p/June-25-1680423c142680e9a46cf1c140fcae4a?pvs=21),Online banking
Food,THB 70.00,🍴Eating_JUN25 (https://app.notion.com/p/Eating_JUN25-1680423c142680ca806dc35d992059b0?pvs=21),No,"June 24, 2025",June 25 (https://app.notion.com/p/June-25-1680423c142680e9a46cf1c140fcae4a?pvs=21),Credit card
Food,THB 29.00,🍴Eating_JUN25 (https://app.notion.com/p/Eating_JUN25-1680423c142680ca806dc35d992059b0?pvs=21),No,"June 25, 2025",June 25 (https://app.notion.com/p/June-25-1680423c142680e9a46cf1c140fcae4a?pvs=21),Online banking
Food,THB 113.75,🍴Eating_JUN25 (https://app.notion.com/p/Eating_JUN25-1680423c142680ca806dc35d992059b0?pvs=21),No,"June 25, 2025",June 25 (https://app.notion.com/p/June-25-1680423c142680e9a46cf1c140fcae4a?pvs=21),Online banking
Food,THB 75.00,🍴Eating_JUN25 (https://app.notion.com/p/Eating_JUN25-1680423c142680ca806dc35d992059b0?pvs=21),No,"June 26, 2025",June 25 (https://app.notion.com/p/June-25-1680423c142680e9a46cf1c140fcae4a?pvs=21),Online banking
ฝากที่บ้าน,THB 389.00,❤️Lover_JUN25 (https://app.notion.com/p/Lover_JUN25-1680423c14268019a775f714f739d08b?pvs=21),No,"June 26, 2025",June 25 (https://app.notion.com/p/June-25-1680423c142680e9a46cf1c140fcae4a?pvs=21),Online banking
ล้างแอร์,THB 500.00,🏠Home_JUN25 (https://app.notion.com/p/Home_JUN25-1680423c14268086afaec91adcc115ec?pvs=21),No,"June 26, 2025",June 25 (https://app.notion.com/p/June-25-1680423c142680e9a46cf1c140fcae4a?pvs=21),Online banking
NS2 + film,"THB 20,099.00",🎮Entertainment_JUN25 (https://app.notion.com/p/Entertainment_JUN25-1680423c1426805ebe8afbdb22a39bf2?pvs=21),No,"June 26, 2025",June 25 (https://app.notion.com/p/June-25-1680423c142680e9a46cf1c140fcae4a?pvs=21),Credit card
Fresh&Fold,THB 288.00,🍴Eating_JUN25 (https://app.notion.com/p/Eating_JUN25-1680423c142680ca806dc35d992059b0?pvs=21),No,"June 26, 2025",June 25 (https://app.notion.com/p/June-25-1680423c142680e9a46cf1c140fcae4a?pvs=21),Online banking
Grab,THB 36.00,🛢️Transportation_JUN25 (https://app.notion.com/p/Transportation_JUN25-1680423c142680d4b2c8e11104202c78?pvs=21),No,"June 27, 2025",June 25 (https://app.notion.com/p/June-25-1680423c142680e9a46cf1c140fcae4a?pvs=21),Credit card
Tomtoc T24,"THB 1,664.40",🛍️Shopping_MAY25 (https://app.notion.com/p/Shopping_MAY25-1680423c142680289541de06997d5d7a?pvs=21),No,"June 27, 2025",June 25 (https://app.notion.com/p/June-25-1680423c142680e9a46cf1c140fcae4a?pvs=21),Online banking
ป้าไก่,THB 424.00,🍴Eating_JUN25 (https://app.notion.com/p/Eating_JUN25-1680423c142680ca806dc35d992059b0?pvs=21),No,"June 27, 2025",June 25 (https://app.notion.com/p/June-25-1680423c142680e9a46cf1c140fcae4a?pvs=21),Online banking
Food,THB 130.00,🍴Eating_JUN25 (https://app.notion.com/p/Eating_JUN25-1680423c142680ca806dc35d992059b0?pvs=21),No,"June 28, 2025",June 25 (https://app.notion.com/p/June-25-1680423c142680e9a46cf1c140fcae4a?pvs=21),Online banking
Oil,THB 620.00,🛢️Transportation_JUN25 (https://app.notion.com/p/Transportation_JUN25-1680423c142680d4b2c8e11104202c78?pvs=21),No,"June 28, 2025",June 25 (https://app.notion.com/p/June-25-1680423c142680e9a46cf1c140fcae4a?pvs=21),Credit card
หอมเชย,THB 441.00,🍴Eating_JUN25 (https://app.notion.com/p/Eating_JUN25-1680423c142680ca806dc35d992059b0?pvs=21),No,"June 28, 2025",June 25 (https://app.notion.com/p/June-25-1680423c142680e9a46cf1c140fcae4a?pvs=21),Online banking
Food,THB 190.00,🍴Eating_JUN25 (https://app.notion.com/p/Eating_JUN25-1680423c142680ca806dc35d992059b0?pvs=21),No,"June 28, 2025",June 25 (https://app.notion.com/p/June-25-1680423c142680e9a46cf1c140fcae4a?pvs=21),Online banking
Food,THB 130.00,🍴Eating_JUN25 (https://app.notion.com/p/Eating_JUN25-1680423c142680ca806dc35d992059b0?pvs=21),No,"June 29, 2025",June 25 (https://app.notion.com/p/June-25-1680423c142680e9a46cf1c140fcae4a?pvs=21),Online banking
Oil,THB 770.00,🛢️Transportation_JUN25 (https://app.notion.com/p/Transportation_JUN25-1680423c142680d4b2c8e11104202c78?pvs=21),No,"June 29, 2025",June 25 (https://app.notion.com/p/June-25-1680423c142680e9a46cf1c140fcae4a?pvs=21),Credit card
Food,THB 140.00,🍴Eating_JUN25 (https://app.notion.com/p/Eating_JUN25-1680423c142680ca806dc35d992059b0?pvs=21),No,"June 29, 2025",June 25 (https://app.notion.com/p/June-25-1680423c142680e9a46cf1c140fcae4a?pvs=21),Online banking
โกเหลียง,THB 60.00,🍴Eating_JUL25 (https://app.notion.com/p/Eating_JUL25-1680423c142680aba215c103edb3f019?pvs=21),No,"July 1, 2025",July 25 (https://app.notion.com/p/July-25-1680423c142680bf957adb6994892d03?pvs=21),Online banking
ส่ง autobot,THB 120.00,🛢️Transportation_JUL25 (https://app.notion.com/p/Transportation_JUL25-1680423c142680259f8ed041e1728252?pvs=21),No,"July 1, 2025",July 25 (https://app.notion.com/p/July-25-1680423c142680bf957adb6994892d03?pvs=21),Online banking
ขนม top,THB 51.00,🍴Eating_JUL25 (https://app.notion.com/p/Eating_JUL25-1680423c142680aba215c103edb3f019?pvs=21),No,"July 1, 2025",July 25 (https://app.notion.com/p/July-25-1680423c142680bf957adb6994892d03?pvs=21),Online banking
Food,THB 50.00,🍴Eating_JUL25 (https://app.notion.com/p/Eating_JUL25-1680423c142680aba215c103edb3f019?pvs=21),No,"July 2, 2025",July 25 (https://app.notion.com/p/July-25-1680423c142680bf957adb6994892d03?pvs=21),Online banking
Food,THB 47.00,🍴Eating_JUL25 (https://app.notion.com/p/Eating_JUL25-1680423c142680aba215c103edb3f019?pvs=21),No,"July 3, 2025",July 25 (https://app.notion.com/p/July-25-1680423c142680bf957adb6994892d03?pvs=21),Online banking
Food,THB 65.00,🍴Eating_JUL25 (https://app.notion.com/p/Eating_JUL25-1680423c142680aba215c103edb3f019?pvs=21),No,"July 3, 2025",July 25 (https://app.notion.com/p/July-25-1680423c142680bf957adb6994892d03?pvs=21),Online banking
Salad khunnai,THB 310.00,🍴Eating_JUL25 (https://app.notion.com/p/Eating_JUL25-1680423c142680aba215c103edb3f019?pvs=21),No,"July 4, 2025",July 25 (https://app.notion.com/p/July-25-1680423c142680bf957adb6994892d03?pvs=21),Online banking
Seven,THB 91.25,🍴Eating_JUL25 (https://app.notion.com/p/Eating_JUL25-1680423c142680aba215c103edb3f019?pvs=21),No,"July 4, 2025",July 25 (https://app.notion.com/p/July-25-1680423c142680bf957adb6994892d03?pvs=21),Online banking
สุกี้กลิ่นกะทะ,THB 70.00,🍴Eating_JUL25 (https://app.notion.com/p/Eating_JUL25-1680423c142680aba215c103edb3f019?pvs=21),No,"July 5, 2025",July 25 (https://app.notion.com/p/July-25-1680423c142680bf957adb6994892d03?pvs=21),Credit card
ไข่เจียวเทคนิค,THB 123.00,🍴Eating_JUL25 (https://app.notion.com/p/Eating_JUL25-1680423c142680aba215c103edb3f019?pvs=21),No,"July 6, 2025",July 25 (https://app.notion.com/p/July-25-1680423c142680bf957adb6994892d03?pvs=21),Credit card
86 ramen,THB 260.00,🍴Eating_JUL25 (https://app.notion.com/p/Eating_JUL25-1680423c142680aba215c103edb3f019?pvs=21),No,"July 6, 2025",July 25 (https://app.notion.com/p/July-25-1680423c142680bf957adb6994892d03?pvs=21),Online banking
Seven,THB 77.75,🍴Eating_JUL25 (https://app.notion.com/p/Eating_JUL25-1680423c142680aba215c103edb3f019?pvs=21),No,"July 6, 2025",July 25 (https://app.notion.com/p/July-25-1680423c142680bf957adb6994892d03?pvs=21),Online banking
มันไก่นิมมาน,THB 60.00,🍴Eating_JUL25 (https://app.notion.com/p/Eating_JUL25-1680423c142680aba215c103edb3f019?pvs=21),No,"July 8, 2025",July 25 (https://app.notion.com/p/July-25-1680423c142680bf957adb6994892d03?pvs=21),Online banking
Tumbler,THB 60.00,🍴Eating_JUL25 (https://app.notion.com/p/Eating_JUL25-1680423c142680aba215c103edb3f019?pvs=21),No,"July 8, 2025",July 25 (https://app.notion.com/p/July-25-1680423c142680bf957adb6994892d03?pvs=21),Online banking
ลิณย์,THB 70.00,🍴Eating_JUL25 (https://app.notion.com/p/Eating_JUL25-1680423c142680aba215c103edb3f019?pvs=21),No,"July 9, 2025",July 25 (https://app.notion.com/p/July-25-1680423c142680bf957adb6994892d03?pvs=21),Online banking
Tumbler,THB 60.00,🍴Eating_JUL25 (https://app.notion.com/p/Eating_JUL25-1680423c142680aba215c103edb3f019?pvs=21),No,"July 9, 2025",July 25 (https://app.notion.com/p/July-25-1680423c142680bf957adb6994892d03?pvs=21),Online banking
Roastniyom,THB 160.00,🍴Eating_JUL25 (https://app.notion.com/p/Eating_JUL25-1680423c142680aba215c103edb3f019?pvs=21),No,"July 10, 2025",July 25 (https://app.notion.com/p/July-25-1680423c142680bf957adb6994892d03?pvs=21),Online banking
Food,THB 61.00,🍴Eating_JUL25 (https://app.notion.com/p/Eating_JUL25-1680423c142680aba215c103edb3f019?pvs=21),No,"July 10, 2025",July 25 (https://app.notion.com/p/July-25-1680423c142680bf957adb6994892d03?pvs=21),Online banking
Food,THB 100.00,🍴Eating_JUL25 (https://app.notion.com/p/Eating_JUL25-1680423c142680aba215c103edb3f019?pvs=21),No,"July 10, 2025",July 25 (https://app.notion.com/p/July-25-1680423c142680bf957adb6994892d03?pvs=21),Online banking
Chi-cha,THB 140.00,🍴Eating_JUL25 (https://app.notion.com/p/Eating_JUL25-1680423c142680aba215c103edb3f019?pvs=21),No,"July 11, 2025",July 25 (https://app.notion.com/p/July-25-1680423c142680bf957adb6994892d03?pvs=21),Online banking
Single origin,THB 399.00,🍴Eating_JUL25 (https://app.notion.com/p/Eating_JUL25-1680423c142680aba215c103edb3f019?pvs=21),No,"July 12, 2025",July 25 (https://app.notion.com/p/July-25-1680423c142680bf957adb6994892d03?pvs=21),Credit card
ชื่นอุทัย,THB 150.00,🍴Eating_JUL25 (https://app.notion.com/p/Eating_JUL25-1680423c142680aba215c103edb3f019?pvs=21),No,"July 12, 2025",July 25 (https://app.notion.com/p/July-25-1680423c142680bf957adb6994892d03?pvs=21),Online banking
Oil,THB 720.00,🛢️Transportation_JUL25 (https://app.notion.com/p/Transportation_JUL25-1680423c142680259f8ed041e1728252?pvs=21),No,"July 12, 2025",July 25 (https://app.notion.com/p/July-25-1680423c142680bf957adb6994892d03?pvs=21),Credit card
ข้าวต้มโกตี๋,THB 815.00,🍴Eating_JUL25 (https://app.notion.com/p/Eating_JUL25-1680423c142680aba215c103edb3f019?pvs=21),No,"July 12, 2025",July 25 (https://app.notion.com/p/July-25-1680423c142680bf957adb6994892d03?pvs=21),Online banking
ฉู่ฉี่ไข่เจียว,THB 50.00,🍴Eating_JUL25 (https://app.notion.com/p/Eating_JUL25-1680423c142680aba215c103edb3f019?pvs=21),No,"July 14, 2025",July 25 (https://app.notion.com/p/July-25-1680423c142680bf957adb6994892d03?pvs=21),Online banking
โกเหลียง,THB 50.00,🍴Eating_JUL25 (https://app.notion.com/p/Eating_JUL25-1680423c142680aba215c103edb3f019?pvs=21),No,"July 15, 2025",July 25 (https://app.notion.com/p/July-25-1680423c142680bf957adb6994892d03?pvs=21),Online banking
ข้าวหอ1,THB 87.00,🍴Eating_JUL25 (https://app.notion.com/p/Eating_JUL25-1680423c142680aba215c103edb3f019?pvs=21),No,"July 15, 2025",July 25 (https://app.notion.com/p/July-25-1680423c142680bf957adb6994892d03?pvs=21),Online banking
ป้าเครือ,THB 45.00,🍴Eating_JUL25 (https://app.notion.com/p/Eating_JUL25-1680423c142680aba215c103edb3f019?pvs=21),No,"July 16, 2025",July 25 (https://app.notion.com/p/July-25-1680423c142680bf957adb6994892d03?pvs=21),Online banking
ชาตรามือ,THB 50.00,🍴Eating_JUL25 (https://app.notion.com/p/Eating_JUL25-1680423c142680aba215c103edb3f019?pvs=21),No,"July 16, 2025",July 25 (https://app.notion.com/p/July-25-1680423c142680bf957adb6994892d03?pvs=21),Online banking
สุกี้ช้างเผือก,THB 139.00,🍴Eating_JUL25 (https://app.notion.com/p/Eating_JUL25-1680423c142680aba215c103edb3f019?pvs=21),No,"July 17, 2025",July 25 (https://app.notion.com/p/July-25-1680423c142680bf957adb6994892d03?pvs=21),Credit card
Tomimaki,THB 272.00,🍴Eating_JUL25 (https://app.notion.com/p/Eating_JUL25-1680423c142680aba215c103edb3f019?pvs=21),No,"July 18, 2025",July 25 (https://app.notion.com/p/July-25-1680423c142680bf957adb6994892d03?pvs=21),Online banking
Food,THB 82.00,🍴Eating_JUL25 (https://app.notion.com/p/Eating_JUL25-1680423c142680aba215c103edb3f019?pvs=21),No,"July 19, 2025",July 25 (https://app.notion.com/p/July-25-1680423c142680bf957adb6994892d03?pvs=21),Online banking
Salad farm,THB 190.00,🍴Eating_JUL25 (https://app.notion.com/p/Eating_JUL25-1680423c142680aba215c103edb3f019?pvs=21),No,"July 19, 2025",July 25 (https://app.notion.com/p/July-25-1680423c142680bf957adb6994892d03?pvs=21),Credit card
สุกี้ตี๋น้อย,THB 276.00,🍴Eating_JUL25 (https://app.notion.com/p/Eating_JUL25-1680423c142680aba215c103edb3f019?pvs=21),No,"July 20, 2025",July 25 (https://app.notion.com/p/July-25-1680423c142680bf957adb6994892d03?pvs=21),Online banking
Rimping,THB 478.00,🛍️Shopping_JUL25 (https://app.notion.com/p/Shopping_JUL25-1680423c1426801eb674ffbfec9847cf?pvs=21),No,"July 20, 2025",July 25 (https://app.notion.com/p/July-25-1680423c142680bf957adb6994892d03?pvs=21),Credit card
Food,THB 40.00,🍴Eating_JUL25 (https://app.notion.com/p/Eating_JUL25-1680423c142680aba215c103edb3f019?pvs=21),No,"July 21, 2025",July 25 (https://app.notion.com/p/July-25-1680423c142680bf957adb6994892d03?pvs=21),Online banking
ข้าวมันไก่,THB 70.00,🍴Eating_JUL25 (https://app.notion.com/p/Eating_JUL25-1680423c142680aba215c103edb3f019?pvs=21),No,"July 22, 2025",July 25 (https://app.notion.com/p/July-25-1680423c142680bf957adb6994892d03?pvs=21),Online banking
Salad khunnai,THB 313.00,🍴Eating_JUL25 (https://app.notion.com/p/Eating_JUL25-1680423c142680aba215c103edb3f019?pvs=21),No,"July 22, 2025",July 25 (https://app.notion.com/p/July-25-1680423c142680bf957adb6994892d03?pvs=21),Credit card
ก๋วยเตี๋ยว,THB 80.00,🍴Eating_JUL25 (https://app.notion.com/p/Eating_JUL25-1680423c142680aba215c103edb3f019?pvs=21),No,"July 23, 2025",July 25 (https://app.notion.com/p/July-25-1680423c142680bf957adb6994892d03?pvs=21),Online banking
London.cnx,THB 75.00,🍴Eating_JUL25 (https://app.notion.com/p/Eating_JUL25-1680423c142680aba215c103edb3f019?pvs=21),No,"July 23, 2025",July 25 (https://app.notion.com/p/July-25-1680423c142680bf957adb6994892d03?pvs=21),Online banking
Persona 5 strikers,"THB 1,190.00",🎮Entertainment_JUL25 (https://app.notion.com/p/Entertainment_JUL25-1680423c14268094b3fec3e490adde9d?pvs=21),No,"July 24, 2025",July 25 (https://app.notion.com/p/July-25-1680423c142680bf957adb6994892d03?pvs=21),Online banking
Grab,THB 34.00,🛢️Transportation_JUL25 (https://app.notion.com/p/Transportation_JUL25-1680423c142680259f8ed041e1728252?pvs=21),No,"July 25, 2025",July 25 (https://app.notion.com/p/July-25-1680423c142680bf957adb6994892d03?pvs=21),Credit card
อาไก่ 8,THB 60.00,🍴Eating_JUL25 (https://app.notion.com/p/Eating_JUL25-1680423c142680aba215c103edb3f019?pvs=21),No,"July 25, 2025",July 25 (https://app.notion.com/p/July-25-1680423c142680bf957adb6994892d03?pvs=21),Online banking
Grab,THB 88.00,🛢️Transportation_JUL25 (https://app.notion.com/p/Transportation_JUL25-1680423c142680259f8ed041e1728252?pvs=21),No,"July 25, 2025",July 25 (https://app.notion.com/p/July-25-1680423c142680bf957adb6994892d03?pvs=21),Credit card
Donkey kong Bananza,"THB 1,910.52",🎮Entertainment_JUL25 (https://app.notion.com/p/Entertainment_JUL25-1680423c14268094b3fec3e490adde9d?pvs=21),No,"July 20, 2025",July 25 (https://app.notion.com/p/July-25-1680423c142680bf957adb6994892d03?pvs=21),Credit card
MSIG,THB 400.00,✈️Travel_JUL25 (https://app.notion.com/p/Travel_JUL25-1680423c142680b48798c35c56d8420d?pvs=21),No,"July 25, 2025",July 25 (https://app.notion.com/p/July-25-1680423c142680bf957adb6994892d03?pvs=21),Credit card
Grab,THB 77.00,🛢️Transportation_JUL25 (https://app.notion.com/p/Transportation_JUL25-1680423c142680259f8ed041e1728252?pvs=21),No,"July 28, 2025",July 25 (https://app.notion.com/p/July-25-1680423c142680bf957adb6994892d03?pvs=21),Credit card
Food,THB 105.00,🍴Eating_JUL25 (https://app.notion.com/p/Eating_JUL25-1680423c142680aba215c103edb3f019?pvs=21),No,"July 29, 2025",July 25 (https://app.notion.com/p/July-25-1680423c142680bf957adb6994892d03?pvs=21),Online banking
Taiwan trip expense,"THB 5,000.00",✈️Travel_JUL25 (https://app.notion.com/p/Travel_JUL25-1680423c142680b48798c35c56d8420d?pvs=21),No,"July 28, 2025",July 25 (https://app.notion.com/p/July-25-1680423c142680bf957adb6994892d03?pvs=21),Online banking
ส้มตำอุดร,THB 333.00,🍴Eating_JUL25 (https://app.notion.com/p/Eating_JUL25-1680423c142680aba215c103edb3f019?pvs=21),No,"July 30, 2025",July 25 (https://app.notion.com/p/July-25-1680423c142680bf957adb6994892d03?pvs=21),Online banking
ช่วยน้ำท่วม,THB 250.00,❤️Lover_JUL25 (https://app.notion.com/p/Lover_JUL25-1680423c142680c88446f9774498537f?pvs=21),No,"July 30, 2025",July 25 (https://app.notion.com/p/July-25-1680423c142680bf957adb6994892d03?pvs=21),Online banking
Food,THB 150.00,🍴Eating_JUL25 (https://app.notion.com/p/Eating_JUL25-1680423c142680aba215c103edb3f019?pvs=21),No,"July 31, 2025",July 25 (https://app.notion.com/p/July-25-1680423c142680bf957adb6994892d03?pvs=21),Online banking
Food,THB 133.75,🍴Eating_JUL25 (https://app.notion.com/p/Eating_JUL25-1680423c142680aba215c103edb3f019?pvs=21),No,"July 31, 2025",July 25 (https://app.notion.com/p/July-25-1680423c142680bf957adb6994892d03?pvs=21),Online banking
Salad farm,THB 81.00,🍴Eating_JUL25 (https://app.notion.com/p/Eating_JUL25-1680423c142680aba215c103edb3f019?pvs=21),No,"July 31, 2025",July 25 (https://app.notion.com/p/July-25-1680423c142680bf957adb6994892d03?pvs=21),Credit card
Third place,THB 145.00,🍴Eating_AUG25 (https://app.notion.com/p/Eating_AUG25-1680423c142680cfb85adc435ed67b87?pvs=21),No,"August 1, 2025",August 25 (https://app.notion.com/p/August-25-1680423c1426809bae24d3e1dd24ed82?pvs=21),Credit card
Movie,THB 350.00,🎮Entertainment_AUG25 (https://app.notion.com/p/Entertainment_AUG25-1680423c142680868d8bc727d2d4c312?pvs=21),No,"August 1, 2025",August 25 (https://app.notion.com/p/August-25-1680423c1426809bae24d3e1dd24ed82?pvs=21),Online banking
Food,THB 135.00,🍴Eating_AUG25 (https://app.notion.com/p/Eating_AUG25-1680423c142680cfb85adc435ed67b87?pvs=21),No,"August 2, 2025",August 25 (https://app.notion.com/p/August-25-1680423c1426809bae24d3e1dd24ed82?pvs=21),Online banking
12FEB,THB 205.00,🍴Eating_AUG25 (https://app.notion.com/p/Eating_AUG25-1680423c142680cfb85adc435ed67b87?pvs=21),No,"August 2, 2025",August 25 (https://app.notion.com/p/August-25-1680423c1426809bae24d3e1dd24ed82?pvs=21),Online banking
ซ่อม sony,THB 107.00,🎮Entertainment_AUG25 (https://app.notion.com/p/Entertainment_AUG25-1680423c142680868d8bc727d2d4c312?pvs=21),No,"August 2, 2025",August 25 (https://app.notion.com/p/August-25-1680423c1426809bae24d3e1dd24ed82?pvs=21),Online banking
ไก่ทอดมาสเตอร์เด,THB 147.00,🍴Eating_AUG25 (https://app.notion.com/p/Eating_AUG25-1680423c142680cfb85adc435ed67b87?pvs=21),No,"August 3, 2025",August 25 (https://app.notion.com/p/August-25-1680423c1426809bae24d3e1dd24ed82?pvs=21),Online banking
โตเกียวติดดอย,THB 80.00,🍴Eating_AUG25 (https://app.notion.com/p/Eating_AUG25-1680423c142680cfb85adc435ed67b87?pvs=21),No,"August 3, 2025",August 25 (https://app.notion.com/p/August-25-1680423c1426809bae24d3e1dd24ed82?pvs=21),Online banking
Food,THB 60.00,🍴Eating_AUG25 (https://app.notion.com/p/Eating_AUG25-1680423c142680cfb85adc435ed67b87?pvs=21),No,"August 4, 2025",August 25 (https://app.notion.com/p/August-25-1680423c1426809bae24d3e1dd24ed82?pvs=21),Online banking
บะหมี่พุงระเบิด,THB 100.00,🍴Eating_AUG25 (https://app.notion.com/p/Eating_AUG25-1680423c142680cfb85adc435ed67b87?pvs=21),No,"August 5, 2025",August 25 (https://app.notion.com/p/August-25-1680423c1426809bae24d3e1dd24ed82?pvs=21),Online banking
ใบขับขี่,THB 760.00,🛢️Transportation_AUG25 (https://app.notion.com/p/Transportation_AUG25-1680423c142680a1a2dacf1af5a7f651?pvs=21),No,"August 5, 2025",August 25 (https://app.notion.com/p/August-25-1680423c1426809bae24d3e1dd24ed82?pvs=21),Online banking
นม + memmorized,THB 229.00,🍴Eating_AUG25 (https://app.notion.com/p/Eating_AUG25-1680423c142680cfb85adc435ed67b87?pvs=21),No,"August 5, 2025",August 25 (https://app.notion.com/p/August-25-1680423c1426809bae24d3e1dd24ed82?pvs=21),Online banking
แปรงสีฟัน  + Eucerin,THB 378.00,🛍️Shopping_AUG25 (https://app.notion.com/p/Shopping_AUG25-1680423c142680c7b9f0d745fda69caa?pvs=21),No,"August 5, 2025",August 25 (https://app.notion.com/p/August-25-1680423c1426809bae24d3e1dd24ed82?pvs=21),Online banking
ปุ่มจอย + กล่องใส่ตลับเกม,THB 280.00,🎮Entertainment_AUG25 (https://app.notion.com/p/Entertainment_AUG25-1680423c142680868d8bc727d2d4c312?pvs=21),No,"August 5, 2025",August 25 (https://app.notion.com/p/August-25-1680423c1426809bae24d3e1dd24ed82?pvs=21),Credit card
Food,THB 60.00,🍴Eating_AUG25 (https://app.notion.com/p/Eating_AUG25-1680423c142680cfb85adc435ed67b87?pvs=21),No,"August 6, 2025",August 25 (https://app.notion.com/p/August-25-1680423c1426809bae24d3e1dd24ed82?pvs=21),Online banking
Food,THB 57.00,🍴Eating_AUG25 (https://app.notion.com/p/Eating_AUG25-1680423c142680cfb85adc435ed67b87?pvs=21),No,"August 7, 2025",August 25 (https://app.notion.com/p/August-25-1680423c1426809bae24d3e1dd24ed82?pvs=21),Online banking
KFC,THB 298.00,🍴Eating_AUG25 (https://app.notion.com/p/Eating_AUG25-1680423c142680cfb85adc435ed67b87?pvs=21),No,"August 7, 2025",August 25 (https://app.notion.com/p/August-25-1680423c1426809bae24d3e1dd24ed82?pvs=21),Credit card
Soundcore Liberty 5,"THB 1,735.00",🎮Entertainment_AUG25 (https://app.notion.com/p/Entertainment_AUG25-1680423c142680868d8bc727d2d4c312?pvs=21),No,"August 8, 2025",August 25 (https://app.notion.com/p/August-25-1680423c1426809bae24d3e1dd24ed82?pvs=21),Credit card
เส้นสด,THB 130.00,🍴Eating_AUG25 (https://app.notion.com/p/Eating_AUG25-1680423c142680cfb85adc435ed67b87?pvs=21),No,"August 8, 2025",August 25 (https://app.notion.com/p/August-25-1680423c1426809bae24d3e1dd24ed82?pvs=21),Online banking
Roastniyom + BigC,THB 301.00,🍴Eating_AUG25 (https://app.notion.com/p/Eating_AUG25-1680423c142680cfb85adc435ed67b87?pvs=21),No,"August 9, 2025",August 25 (https://app.notion.com/p/August-25-1680423c1426809bae24d3e1dd24ed82?pvs=21),Online banking
ครูอิ๋ว,"THB 1,314.00",🍴Eating_AUG25 (https://app.notion.com/p/Eating_AUG25-1680423c142680cfb85adc435ed67b87?pvs=21),No,"August 9, 2025",August 25 (https://app.notion.com/p/August-25-1680423c1426809bae24d3e1dd24ed82?pvs=21),Online banking
Yuzu,THB 857.00,🐱Cat_AUG25 (https://app.notion.com/p/Cat_AUG25-1680423c1426804e95f9d27257e9dfea?pvs=21),No,"August 9, 2025",August 25 (https://app.notion.com/p/August-25-1680423c1426809bae24d3e1dd24ed82?pvs=21),Online banking
ฝักบัว,THB 418.00,🏠Home_AUG25 (https://app.notion.com/p/Home_AUG25-1680423c142680c5938ed9a05e104c81?pvs=21),No,"August 10, 2025",August 25 (https://app.notion.com/p/August-25-1680423c1426809bae24d3e1dd24ed82?pvs=21),Online banking
หลอดไฟ,THB 200.00,🏠Home_AUG25 (https://app.notion.com/p/Home_AUG25-1680423c142680c5938ed9a05e104c81?pvs=21),No,"August 10, 2025",August 25 (https://app.notion.com/p/August-25-1680423c1426809bae24d3e1dd24ed82?pvs=21),Online banking
Warmth,THB 120.00,🍴Eating_AUG25 (https://app.notion.com/p/Eating_AUG25-1680423c142680cfb85adc435ed67b87?pvs=21),No,"August 11, 2025",August 25 (https://app.notion.com/p/August-25-1680423c1426809bae24d3e1dd24ed82?pvs=21),Online banking
Desk x2,"THB 11,131.00",🏠Home_AUG25 (https://app.notion.com/p/Home_AUG25-1680423c142680c5938ed9a05e104c81?pvs=21),No,"August 11, 2025",August 25 (https://app.notion.com/p/August-25-1680423c1426809bae24d3e1dd24ed82?pvs=21),Credit card
Inthanin,THB 30.00,🍴Eating_AUG25 (https://app.notion.com/p/Eating_AUG25-1680423c142680cfb85adc435ed67b87?pvs=21),No,"August 12, 2025",August 25 (https://app.notion.com/p/August-25-1680423c1426809bae24d3e1dd24ed82?pvs=21),Online banking
Oil,THB 680.00,🛢️Transportation_AUG25 (https://app.notion.com/p/Transportation_AUG25-1680423c142680a1a2dacf1af5a7f651?pvs=21),No,"August 12, 2025",August 25 (https://app.notion.com/p/August-25-1680423c1426809bae24d3e1dd24ed82?pvs=21),Credit card
กระเพรากระด้ง,THB 120.00,🍴Eating_AUG25 (https://app.notion.com/p/Eating_AUG25-1680423c142680cfb85adc435ed67b87?pvs=21),No,"August 12, 2025",August 25 (https://app.notion.com/p/August-25-1680423c1426809bae24d3e1dd24ed82?pvs=21),Online banking
ตัดผม,THB 130.00,💊Health & Fitness_AUG25 (https://app.notion.com/p/Health-Fitness_AUG25-1680423c14268007b74ff879279b472a?pvs=21),No,"August 12, 2025",August 25 (https://app.notion.com/p/August-25-1680423c1426809bae24d3e1dd24ed82?pvs=21),Online banking
Salad khunnai,THB 310.00,🍴Eating_AUG25 (https://app.notion.com/p/Eating_AUG25-1680423c142680cfb85adc435ed67b87?pvs=21),No,"August 12, 2025",August 25 (https://app.notion.com/p/August-25-1680423c1426809bae24d3e1dd24ed82?pvs=21),Online banking
Go Go,THB 120.00,🍴Eating_AUG25 (https://app.notion.com/p/Eating_AUG25-1680423c142680cfb85adc435ed67b87?pvs=21),No,"August 13, 2025",August 25 (https://app.notion.com/p/August-25-1680423c1426809bae24d3e1dd24ed82?pvs=21),Online banking
ลืมกุญแจห้อง,THB 400.00,🏠Home_AUG25 (https://app.notion.com/p/Home_AUG25-1680423c142680c5938ed9a05e104c81?pvs=21),No,"August 13, 2025",August 25 (https://app.notion.com/p/August-25-1680423c1426809bae24d3e1dd24ed82?pvs=21),Online banking
My vietnam,THB 223.00,🍴Eating_AUG25 (https://app.notion.com/p/Eating_AUG25-1680423c142680cfb85adc435ed67b87?pvs=21),No,"August 13, 2025",August 25 (https://app.notion.com/p/August-25-1680423c1426809bae24d3e1dd24ed82?pvs=21),Online banking
เหย์ เหย์ หมาล่า,THB 71.00,🍴Eating_AUG25 (https://app.notion.com/p/Eating_AUG25-1680423c142680cfb85adc435ed67b87?pvs=21),No,"August 14, 2025",August 25 (https://app.notion.com/p/August-25-1680423c1426809bae24d3e1dd24ed82?pvs=21),Online banking
ป้าเครือ,THB 40.00,🍴Eating_AUG25 (https://app.notion.com/p/Eating_AUG25-1680423c142680cfb85adc435ed67b87?pvs=21),No,"August 14, 2025",August 25 (https://app.notion.com/p/August-25-1680423c1426809bae24d3e1dd24ed82?pvs=21),Online banking
ชาตรามือ,THB 45.00,🍴Eating_AUG25 (https://app.notion.com/p/Eating_AUG25-1680423c142680cfb85adc435ed67b87?pvs=21),No,"August 14, 2025",August 25 (https://app.notion.com/p/August-25-1680423c1426809bae24d3e1dd24ed82?pvs=21),Online banking
Go go,THB 60.00,🍴Eating_AUG25 (https://app.notion.com/p/Eating_AUG25-1680423c142680cfb85adc435ed67b87?pvs=21),No,"August 15, 2025",August 25 (https://app.notion.com/p/August-25-1680423c1426809bae24d3e1dd24ed82?pvs=21),Online banking
Ikea,THB 248.00,🛍️Shopping_AUG25 (https://app.notion.com/p/Shopping_AUG25-1680423c142680c7b9f0d745fda69caa?pvs=21),No,"August 15, 2025",August 25 (https://app.notion.com/p/August-25-1680423c1426809bae24d3e1dd24ed82?pvs=21),Online banking
Top,THB 379.00,🛍️Shopping_AUG25 (https://app.notion.com/p/Shopping_AUG25-1680423c142680c7b9f0d745fda69caa?pvs=21),No,"August 15, 2025",August 25 (https://app.notion.com/p/August-25-1680423c1426809bae24d3e1dd24ed82?pvs=21),Credit card
Big camera,"THB 1,980.00",❤️Lover_AUG25 (https://app.notion.com/p/Lover_AUG25-1680423c142680b68586f7943dba4b2b?pvs=21),No,"August 15, 2025",August 25 (https://app.notion.com/p/August-25-1680423c1426809bae24d3e1dd24ed82?pvs=21),Credit card
70mai,"THB 2,827.00",🚗Car_AUG25 (https://app.notion.com/p/Car_AUG25-1680423c142680b2a981d669995bdf7b?pvs=21),No,"August 15, 2025",August 25 (https://app.notion.com/p/August-25-1680423c1426809bae24d3e1dd24ed82?pvs=21),Credit card
กระเพราด้ง,THB 65.00,🍴Eating_AUG25 (https://app.notion.com/p/Eating_AUG25-1680423c142680cfb85adc435ed67b87?pvs=21),No,"August 16, 2025",August 25 (https://app.notion.com/p/August-25-1680423c1426809bae24d3e1dd24ed82?pvs=21),Credit card
ครัวเชฟรัญจน์,THB 76.00,🍴Eating_AUG25 (https://app.notion.com/p/Eating_AUG25-1680423c142680cfb85adc435ed67b87?pvs=21),No,"August 16, 2025",August 25 (https://app.notion.com/p/August-25-1680423c1426809bae24d3e1dd24ed82?pvs=21),Credit card
Mommy bento,THB 86.00,🍴Eating_AUG25 (https://app.notion.com/p/Eating_AUG25-1680423c142680cfb85adc435ed67b87?pvs=21),No,"August 17, 2025",August 25 (https://app.notion.com/p/August-25-1680423c1426809bae24d3e1dd24ed82?pvs=21),Credit card
ฉู่ฉี่ไข่ฟูหมูสับ,THB 65.00,🍴Eating_AUG25 (https://app.notion.com/p/Eating_AUG25-1680423c142680cfb85adc435ed67b87?pvs=21),No,"August 18, 2025",August 25 (https://app.notion.com/p/August-25-1680423c1426809bae24d3e1dd24ed82?pvs=21),Online banking
กระเพรากระด้ง,THB 61.00,🍴Eating_AUG25 (https://app.notion.com/p/Eating_AUG25-1680423c142680cfb85adc435ed67b87?pvs=21),No,"August 18, 2025",August 25 (https://app.notion.com/p/August-25-1680423c1426809bae24d3e1dd24ed82?pvs=21),Credit card
Top,THB 467.25,🛍️Shopping_AUG25 (https://app.notion.com/p/Shopping_AUG25-1680423c142680c7b9f0d745fda69caa?pvs=21),No,"August 19, 2025",August 25 (https://app.notion.com/p/August-25-1680423c1426809bae24d3e1dd24ed82?pvs=21),Online banking
ป้าเครือ,THB 55.00,🍴Eating_AUG25 (https://app.notion.com/p/Eating_AUG25-1680423c142680cfb85adc435ed67b87?pvs=21),No,"August 20, 2025",August 25 (https://app.notion.com/p/August-25-1680423c1426809bae24d3e1dd24ed82?pvs=21),Online banking
กาแฟ,THB 120.00,🍴Eating_AUG25 (https://app.notion.com/p/Eating_AUG25-1680423c142680cfb85adc435ed67b87?pvs=21),No,"August 20, 2025",August 25 (https://app.notion.com/p/August-25-1680423c1426809bae24d3e1dd24ed82?pvs=21),Online banking
มุมอร่อย,THB 120.00,🍴Eating_AUG25 (https://app.notion.com/p/Eating_AUG25-1680423c142680cfb85adc435ed67b87?pvs=21),No,"August 20, 2025",August 25 (https://app.notion.com/p/August-25-1680423c1426809bae24d3e1dd24ed82?pvs=21),Online banking
ร้านขนมจีน,THB 125.00,🍴Eating_AUG25 (https://app.notion.com/p/Eating_AUG25-1680423c142680cfb85adc435ed67b87?pvs=21),No,"August 21, 2025",August 25 (https://app.notion.com/p/August-25-1680423c1426809bae24d3e1dd24ed82?pvs=21),Online banking
Mon shushu,THB 70.00,🍴Eating_AUG25 (https://app.notion.com/p/Eating_AUG25-1680423c142680cfb85adc435ed67b87?pvs=21),No,"August 21, 2025",August 25 (https://app.notion.com/p/August-25-1680423c1426809bae24d3e1dd24ed82?pvs=21),Online banking
ลบคำผิด,THB 39.00,📖Education_AUG25 (https://app.notion.com/p/Education_AUG25-1680423c142680ef9fb3f796c21fd45e?pvs=21),No,"August 21, 2025",August 25 (https://app.notion.com/p/August-25-1680423c1426809bae24d3e1dd24ed82?pvs=21),Online banking
Monitor + Arm,"THB 6,900.00",🏠Home_AUG25 (https://app.notion.com/p/Home_AUG25-1680423c142680c5938ed9a05e104c81?pvs=21),No,"August 22, 2025",August 25 (https://app.notion.com/p/August-25-1680423c1426809bae24d3e1dd24ed82?pvs=21),Credit card
เก้าอี้กล่อง,THB 267.00,🏠Home_AUG25 (https://app.notion.com/p/Home_AUG25-1680423c142680c5938ed9a05e104c81?pvs=21),No,"August 22, 2025",August 25 (https://app.notion.com/p/August-25-1680423c1426809bae24d3e1dd24ed82?pvs=21),Credit card
USB HUB,THB 186.00,🎮Entertainment_AUG25 (https://app.notion.com/p/Entertainment_AUG25-1680423c142680868d8bc727d2d4c312?pvs=21),No,"August 22, 2025",August 25 (https://app.notion.com/p/August-25-1680423c1426809bae24d3e1dd24ed82?pvs=21),Credit card
ที่วางรางปลั๊ก,THB 239.00,🏠Home_AUG25 (https://app.notion.com/p/Home_AUG25-1680423c142680c5938ed9a05e104c81?pvs=21),No,"August 22, 2025",August 25 (https://app.notion.com/p/August-25-1680423c1426809bae24d3e1dd24ed82?pvs=21),Credit card
Seven,THB 209.00,🍴Eating_AUG25 (https://app.notion.com/p/Eating_AUG25-1680423c142680cfb85adc435ed67b87?pvs=21),No,"August 23, 2025",August 25 (https://app.notion.com/p/August-25-1680423c1426809bae24d3e1dd24ed82?pvs=21),Online banking
Anyway,THB 120.00,🍴Eating_AUG25 (https://app.notion.com/p/Eating_AUG25-1680423c142680cfb85adc435ed67b87?pvs=21),No,"August 23, 2025",August 25 (https://app.notion.com/p/August-25-1680423c1426809bae24d3e1dd24ed82?pvs=21),Online banking
กระเพรากระด้ง,THB 83.00,🍴Eating_AUG25 (https://app.notion.com/p/Eating_AUG25-1680423c142680cfb85adc435ed67b87?pvs=21),No,"August 23, 2025",August 25 (https://app.notion.com/p/August-25-1680423c1426809bae24d3e1dd24ed82?pvs=21),Credit card
Xenoblade X,"THB 1,390.00",🎮Entertainment_AUG25 (https://app.notion.com/p/Entertainment_AUG25-1680423c142680868d8bc727d2d4c312?pvs=21),No,"August 24, 2025",August 25 (https://app.notion.com/p/August-25-1680423c1426809bae24d3e1dd24ed82?pvs=21),
กระเพราบ้านสวน,THB 99.00,🍴Eating_AUG25 (https://app.notion.com/p/Eating_AUG25-1680423c142680cfb85adc435ed67b87?pvs=21),No,"August 24, 2025",August 25 (https://app.notion.com/p/August-25-1680423c1426809bae24d3e1dd24ed82?pvs=21),Online banking
Yogurt,THB 165.00,🍴Eating_AUG25 (https://app.notion.com/p/Eating_AUG25-1680423c142680cfb85adc435ed67b87?pvs=21),No,"August 24, 2025",August 25 (https://app.notion.com/p/August-25-1680423c1426809bae24d3e1dd24ed82?pvs=21),Online banking
Salad khunnai,THB 115.00,🍴Eating_AUG25 (https://app.notion.com/p/Eating_AUG25-1680423c142680cfb85adc435ed67b87?pvs=21),No,"August 24, 2025",August 25 (https://app.notion.com/p/August-25-1680423c1426809bae24d3e1dd24ed82?pvs=21),Credit card
Ratika,THB 45.00,🍴Eating_AUG25 (https://app.notion.com/p/Eating_AUG25-1680423c142680cfb85adc435ed67b87?pvs=21),No,"August 25, 2025",August 25 (https://app.notion.com/p/August-25-1680423c1426809bae24d3e1dd24ed82?pvs=21),Online banking
Salad terrace,THB 179.00,🍴Eating_AUG25 (https://app.notion.com/p/Eating_AUG25-1680423c142680cfb85adc435ed67b87?pvs=21),No,"August 26, 2025",August 25 (https://app.notion.com/p/August-25-1680423c1426809bae24d3e1dd24ed82?pvs=21),Online banking
ตลาด,THB 105.00,🍴Eating_AUG25 (https://app.notion.com/p/Eating_AUG25-1680423c142680cfb85adc435ed67b87?pvs=21),No,"August 27, 2025",August 25 (https://app.notion.com/p/August-25-1680423c1426809bae24d3e1dd24ed82?pvs=21),Online banking
DINKY,THB 278.00,🍴Eating_AUG25 (https://app.notion.com/p/Eating_AUG25-1680423c142680cfb85adc435ed67b87?pvs=21),No,"August 27, 2025",August 25 (https://app.notion.com/p/August-25-1680423c1426809bae24d3e1dd24ed82?pvs=21),Online banking
ส้มตำอุดร,THB 410.00,🍴Eating_AUG25 (https://app.notion.com/p/Eating_AUG25-1680423c142680cfb85adc435ed67b87?pvs=21),No,"August 28, 2025",August 25 (https://app.notion.com/p/August-25-1680423c1426809bae24d3e1dd24ed82?pvs=21),Online banking
Grab,THB 158.00,🍴Eating_AUG25 (https://app.notion.com/p/Eating_AUG25-1680423c142680cfb85adc435ed67b87?pvs=21),No,"August 29, 2025",August 25 (https://app.notion.com/p/August-25-1680423c1426809bae24d3e1dd24ed82?pvs=21),Credit card
เค้กกล้วยหอม บ้านไร่ยามเย็น,THB 369.00,🍴Eating_AUG25 (https://app.notion.com/p/Eating_AUG25-1680423c142680cfb85adc435ed67b87?pvs=21),No,"August 29, 2025",August 25 (https://app.notion.com/p/August-25-1680423c1426809bae24d3e1dd24ed82?pvs=21),Credit card
Zuza,THB 257.00,🍴Eating_AUG25 (https://app.notion.com/p/Eating_AUG25-1680423c142680cfb85adc435ed67b87?pvs=21),No,"August 29, 2025",August 25 (https://app.notion.com/p/August-25-1680423c1426809bae24d3e1dd24ed82?pvs=21),Online banking
Roastniyom,THB 155.00,🍴Eating_AUG25 (https://app.notion.com/p/Eating_AUG25-1680423c142680cfb85adc435ed67b87?pvs=21),No,"August 30, 2025",August 25 (https://app.notion.com/p/August-25-1680423c1426809bae24d3e1dd24ed82?pvs=21),Online banking
BigC mini,THB 58.00,🍴Eating_AUG25 (https://app.notion.com/p/Eating_AUG25-1680423c142680cfb85adc435ed67b87?pvs=21),No,"August 30, 2025",August 25 (https://app.notion.com/p/August-25-1680423c1426809bae24d3e1dd24ed82?pvs=21),Online banking
ก๋วยเตี๋ยว,THB 180.00,🍴Eating_AUG25 (https://app.notion.com/p/Eating_AUG25-1680423c142680cfb85adc435ed67b87?pvs=21),No,"August 30, 2025",August 25 (https://app.notion.com/p/August-25-1680423c1426809bae24d3e1dd24ed82?pvs=21),Online banking
Yayoi,THB 726.00,🍴Eating_AUG25 (https://app.notion.com/p/Eating_AUG25-1680423c142680cfb85adc435ed67b87?pvs=21),No,"August 31, 2025",August 25 (https://app.notion.com/p/August-25-1680423c1426809bae24d3e1dd24ed82?pvs=21),Credit card
Watson,THB 460.00,🛍️Shopping_AUG25 (https://app.notion.com/p/Shopping_AUG25-1680423c142680c7b9f0d745fda69caa?pvs=21),No,"August 31, 2025",August 25 (https://app.notion.com/p/August-25-1680423c1426809bae24d3e1dd24ed82?pvs=21),Credit card
ร้านถาปัตย์,THB 127.00,🍴Eating_SEP25 (https://app.notion.com/p/Eating_SEP25-1680423c1426805c9d0feefecb9eec2e?pvs=21),No,"September 1, 2025",September 25 (https://app.notion.com/p/September-25-1680423c142680febd5ad64882b3e363?pvs=21),Credit card
Seven,THB 161.00,🍴Eating_SEP25 (https://app.notion.com/p/Eating_SEP25-1680423c1426805c9d0feefecb9eec2e?pvs=21),No,"September 1, 2025",September 25 (https://app.notion.com/p/September-25-1680423c142680febd5ad64882b3e363?pvs=21),Online banking
Food,THB 207.00,🍴Eating_SEP25 (https://app.notion.com/p/Eating_SEP25-1680423c1426805c9d0feefecb9eec2e?pvs=21),No,"September 2, 2025",September 25 (https://app.notion.com/p/September-25-1680423c142680febd5ad64882b3e363?pvs=21),Online banking
ซักผ้า,THB 110.00,🏠Home_SEP25 (https://app.notion.com/p/Home_SEP25-1680423c142680ea9578d46c309a0e31?pvs=21),No,"September 2, 2025",September 25 (https://app.notion.com/p/September-25-1680423c142680febd5ad64882b3e363?pvs=21),Online banking
Food,THB 39.50,🍴Eating_SEP25 (https://app.notion.com/p/Eating_SEP25-1680423c1426805c9d0feefecb9eec2e?pvs=21),No,"September 2, 2025",September 25 (https://app.notion.com/p/September-25-1680423c142680febd5ad64882b3e363?pvs=21),Online banking
Crosc,"THB 1,733.00",🛍️Shopping_SEP25 (https://app.notion.com/p/Shopping_SEP25-1680423c14268071b87ae4e4fb9eaecc?pvs=21),No,"September 2, 2025",September 25 (https://app.notion.com/p/September-25-1680423c142680febd5ad64882b3e363?pvs=21),Credit card
Protein ให้ที่บ้าน,"THB 1,584.00",❤️Lover_SEP25 (https://app.notion.com/p/Lover_SEP25-1680423c142680b8bca2f5ab4759681a?pvs=21),No,"September 2, 2025",September 25 (https://app.notion.com/p/September-25-1680423c142680febd5ad64882b3e363?pvs=21),Credit card
ป้าดา,THB 180.00,🍴Eating_SEP25 (https://app.notion.com/p/Eating_SEP25-1680423c1426805c9d0feefecb9eec2e?pvs=21),No,"September 4, 2025",September 25 (https://app.notion.com/p/September-25-1680423c142680febd5ad64882b3e363?pvs=21),Online banking
Amazon,THB 130.00,🍴Eating_SEP25 (https://app.notion.com/p/Eating_SEP25-1680423c1426805c9d0feefecb9eec2e?pvs=21),No,"September 4, 2025",September 25 (https://app.notion.com/p/September-25-1680423c142680febd5ad64882b3e363?pvs=21),Online banking
ชั้นวางของ,THB 408.00,🏠Home_SEP25 (https://app.notion.com/p/Home_SEP25-1680423c142680ea9578d46c309a0e31?pvs=21),No,"September 5, 2025",September 25 (https://app.notion.com/p/September-25-1680423c142680febd5ad64882b3e363?pvs=21),Credit card
Food,THB 280.00,🍴Eating_SEP25 (https://app.notion.com/p/Eating_SEP25-1680423c1426805c9d0feefecb9eec2e?pvs=21),No,"September 5, 2025",September 25 (https://app.notion.com/p/September-25-1680423c142680febd5ad64882b3e363?pvs=21),Online banking
Oil,THB 740.00,🛢️Transportation_SEP25 (https://app.notion.com/p/Transportation_SEP25-1680423c14268067a445c5de196f10e5?pvs=21),No,"September 5, 2025",September 25 (https://app.notion.com/p/September-25-1680423c142680febd5ad64882b3e363?pvs=21),Credit card
กะเพรา,THB 125.00,🍴Eating_SEP25 (https://app.notion.com/p/Eating_SEP25-1680423c1426805c9d0feefecb9eec2e?pvs=21),No,"September 7, 2025",September 25 (https://app.notion.com/p/September-25-1680423c142680febd5ad64882b3e363?pvs=21),Online banking
ทราย รองฉี่,"THB 1,004.00",🐱Cat_SEP25 (https://app.notion.com/p/Cat_SEP25-1680423c14268019bd31db4acb7d2ecb?pvs=21),No,"September 9, 2025",September 25 (https://app.notion.com/p/September-25-1680423c142680febd5ad64882b3e363?pvs=21),Credit card
ซักผ้า,THB 110.00,🏠Home_SEP25 (https://app.notion.com/p/Home_SEP25-1680423c142680ea9578d46c309a0e31?pvs=21),No,"September 8, 2025",September 25 (https://app.notion.com/p/September-25-1680423c142680febd5ad64882b3e363?pvs=21),Online banking
ไฟติดผนัง,THB 241.00,🏠Home_SEP25 (https://app.notion.com/p/Home_SEP25-1680423c142680ea9578d46c309a0e31?pvs=21),No,"September 9, 2025",September 25 (https://app.notion.com/p/September-25-1680423c142680febd5ad64882b3e363?pvs=21),Credit card
Food,THB 65.00,🍴Eating_SEP25 (https://app.notion.com/p/Eating_SEP25-1680423c1426805c9d0feefecb9eec2e?pvs=21),No,"September 10, 2025",September 25 (https://app.notion.com/p/September-25-1680423c142680febd5ad64882b3e363?pvs=21),Online banking
คาเฟ่หลังวัด,THB 200.00,🍴Eating_SEP25 (https://app.notion.com/p/Eating_SEP25-1680423c1426805c9d0feefecb9eec2e?pvs=21),No,"September 10, 2025",September 25 (https://app.notion.com/p/September-25-1680423c142680febd5ad64882b3e363?pvs=21),Online banking
ยา,THB 262.00,💊Health & Fitness_SEP25 (https://app.notion.com/p/Health-Fitness_SEP25-1680423c142680949162e7468a15698c?pvs=21),No,"September 11, 2025",September 25 (https://app.notion.com/p/September-25-1680423c142680febd5ad64882b3e363?pvs=21),Online banking
ซาลาเปา ขนมจีบ,THB 40.00,🍴Eating_SEP25 (https://app.notion.com/p/Eating_SEP25-1680423c1426805c9d0feefecb9eec2e?pvs=21),No,"September 13, 2025",September 25 (https://app.notion.com/p/September-25-1680423c142680febd5ad64882b3e363?pvs=21),Online banking
สายยืด เช็ดจอ วางแก้ว,THB 521.00,🛍️Shopping_SEP25 (https://app.notion.com/p/Shopping_SEP25-1680423c14268071b87ae4e4fb9eaecc?pvs=21),No,"September 13, 2025",September 25 (https://app.notion.com/p/September-25-1680423c142680febd5ad64882b3e363?pvs=21),Credit card
Oil,THB 800.00,🛢️Transportation_SEP25 (https://app.notion.com/p/Transportation_SEP25-1680423c14268067a445c5de196f10e5?pvs=21),No,"September 14, 2025",September 25 (https://app.notion.com/p/September-25-1680423c142680febd5ad64882b3e363?pvs=21),Credit card
ล้างรถ,THB 200.00,🚗Car_SEP25 (https://app.notion.com/p/Car_SEP25-1680423c1426807fb124cf946975a7d6?pvs=21),No,"September 15, 2025",September 25 (https://app.notion.com/p/September-25-1680423c142680febd5ad64882b3e363?pvs=21),Credit card
CNX-BKK,"THB 2,434.81",✈️Travel_SEP25 (https://app.notion.com/p/Travel_SEP25-1680423c142680a88498f635f236347e?pvs=21),No,"September 16, 2025",September 25 (https://app.notion.com/p/September-25-1680423c142680febd5ad64882b3e363?pvs=21),Credit card
หอมเชย,THB 134.00,🍴Eating_SEP25 (https://app.notion.com/p/Eating_SEP25-1680423c1426805c9d0feefecb9eec2e?pvs=21),No,"September 16, 2025",September 25 (https://app.notion.com/p/September-25-1680423c142680febd5ad64882b3e363?pvs=21),Online banking
Melt and mellow,THB 170.00,🍴Eating_SEP25 (https://app.notion.com/p/Eating_SEP25-1680423c1426805c9d0feefecb9eec2e?pvs=21),No,"September 16, 2025",September 25 (https://app.notion.com/p/September-25-1680423c142680febd5ad64882b3e363?pvs=21),Online banking
SW coffee,THB 105.00,🍴Eating_SEP25 (https://app.notion.com/p/Eating_SEP25-1680423c1426805c9d0feefecb9eec2e?pvs=21),No,"September 17, 2025",September 25 (https://app.notion.com/p/September-25-1680423c142680febd5ad64882b3e363?pvs=21),Online banking
ซักผ้า,THB 100.00,🏠Home_SEP25 (https://app.notion.com/p/Home_SEP25-1680423c142680ea9578d46c309a0e31?pvs=21),No,"September 19, 2025",September 25 (https://app.notion.com/p/September-25-1680423c142680febd5ad64882b3e363?pvs=21),Online banking
Oil,THB 780.00,🛢️Transportation_SEP25 (https://app.notion.com/p/Transportation_SEP25-1680423c14268067a445c5de196f10e5?pvs=21),No,"September 19, 2025",September 25 (https://app.notion.com/p/September-25-1680423c142680febd5ad64882b3e363?pvs=21),Credit card
Popcorn,THB 260.00,🍴Eating_SEP25 (https://app.notion.com/p/Eating_SEP25-1680423c1426805c9d0feefecb9eec2e?pvs=21),No,"September 20, 2025",September 25 (https://app.notion.com/p/September-25-1680423c142680febd5ad64882b3e363?pvs=21),Online banking
The warmth,THB 120.00,🍴Eating_SEP25 (https://app.notion.com/p/Eating_SEP25-1680423c1426805c9d0feefecb9eec2e?pvs=21),No,"September 20, 2025",September 25 (https://app.notion.com/p/September-25-1680423c142680febd5ad64882b3e363?pvs=21),Online banking
ซาน,THB 230.00,🍴Eating_SEP25 (https://app.notion.com/p/Eating_SEP25-1680423c1426805c9d0feefecb9eec2e?pvs=21),No,"September 21, 2025",September 25 (https://app.notion.com/p/September-25-1680423c142680febd5ad64882b3e363?pvs=21),Online banking
Moonfood,THB 194.00,🍴Eating_SEP25 (https://app.notion.com/p/Eating_SEP25-1680423c1426805c9d0feefecb9eec2e?pvs=21),No,"September 22, 2025",September 25 (https://app.notion.com/p/September-25-1680423c142680febd5ad64882b3e363?pvs=21),Online banking
ไฟติดทางเดิน,THB 381.00,🏠Home_SEP25 (https://app.notion.com/p/Home_SEP25-1680423c142680ea9578d46c309a0e31?pvs=21),No,"September 22, 2025",September 25 (https://app.notion.com/p/September-25-1680423c142680febd5ad64882b3e363?pvs=21),Credit card
บ้านกวี,THB 260.00,🍴Eating_SEP25 (https://app.notion.com/p/Eating_SEP25-1680423c1426805c9d0feefecb9eec2e?pvs=21),No,"September 24, 2025",September 25 (https://app.notion.com/p/September-25-1680423c142680febd5ad64882b3e363?pvs=21),Online banking
ตามสั่ง,THB 80.00,🍴Eating_SEP25 (https://app.notion.com/p/Eating_SEP25-1680423c1426805c9d0feefecb9eec2e?pvs=21),No,"September 25, 2025",September 25 (https://app.notion.com/p/September-25-1680423c142680febd5ad64882b3e363?pvs=21),Online banking
คาเฟ่ลับ,THB 185.00,🍴Eating_SEP25 (https://app.notion.com/p/Eating_SEP25-1680423c1426805c9d0feefecb9eec2e?pvs=21),No,"September 25, 2025",September 25 (https://app.notion.com/p/September-25-1680423c142680febd5ad64882b3e363?pvs=21),Online banking
ซักผ้า,THB 60.00,🏠Home_SEP25 (https://app.notion.com/p/Home_SEP25-1680423c142680ea9578d46c309a0e31?pvs=21),No,"September 25, 2025",September 25 (https://app.notion.com/p/September-25-1680423c142680febd5ad64882b3e363?pvs=21),Online banking
San,THB 400.00,🍴Eating_SEP25 (https://app.notion.com/p/Eating_SEP25-1680423c1426805c9d0feefecb9eec2e?pvs=21),No,"September 25, 2025",September 25 (https://app.notion.com/p/September-25-1680423c142680febd5ad64882b3e363?pvs=21),Online banking
เบาะรถ,THB 110.00,🚗Car_SEP25 (https://app.notion.com/p/Car_SEP25-1680423c1426807fb124cf946975a7d6?pvs=21),No,"September 26, 2025",September 25 (https://app.notion.com/p/September-25-1680423c142680febd5ad64882b3e363?pvs=21),Credit card
Oil,THB 700.00,🛢️Transportation_SEP25 (https://app.notion.com/p/Transportation_SEP25-1680423c14268067a445c5de196f10e5?pvs=21),No,"September 26, 2025",September 25 (https://app.notion.com/p/September-25-1680423c142680febd5ad64882b3e363?pvs=21),Credit card
เมล็ดกาแฟ,THB 332.00,🍴Eating_SEP25 (https://app.notion.com/p/Eating_SEP25-1680423c1426805c9d0feefecb9eec2e?pvs=21),No,"September 26, 2025",September 25 (https://app.notion.com/p/September-25-1680423c142680febd5ad64882b3e363?pvs=21),Credit card
ขนมเปี๊ยะ,THB 405.00,🍴Eating_SEP25 (https://app.notion.com/p/Eating_SEP25-1680423c1426805c9d0feefecb9eec2e?pvs=21),No,"September 28, 2025",September 25 (https://app.notion.com/p/September-25-1680423c142680febd5ad64882b3e363?pvs=21),Online banking
Inthanin,THB 189.00,🍴Eating_SEP25 (https://app.notion.com/p/Eating_SEP25-1680423c1426805c9d0feefecb9eec2e?pvs=21),No,"September 29, 2025",September 25 (https://app.notion.com/p/September-25-1680423c142680febd5ad64882b3e363?pvs=21),Online banking
สุกี้ช้างเผือก,THB 145.00,🍴Eating_SEP25 (https://app.notion.com/p/Eating_SEP25-1680423c1426805c9d0feefecb9eec2e?pvs=21),No,"September 30, 2025",September 25 (https://app.notion.com/p/September-25-1680423c142680febd5ad64882b3e363?pvs=21),Online banking
Seven,THB 113.75,🍴Eating_SEP25 (https://app.notion.com/p/Eating_SEP25-1680423c1426805c9d0feefecb9eec2e?pvs=21),No,"September 30, 2025",September 25 (https://app.notion.com/p/September-25-1680423c142680febd5ad64882b3e363?pvs=21),Online banking
Seven,THB 15.00,🍴Eating_OCT25 (https://app.notion.com/p/Eating_OCT25-1680423c142680a6901cfb9e766d5bd9?pvs=21),No,"October 1, 2025",October 25 (https://app.notion.com/p/October-25-1680423c1426801db108da5af9c1f261?pvs=21),Online banking
ฟิล์มกันน้ำ,THB 48.00,🛍️Shopping_OCT25 (https://app.notion.com/p/Shopping_OCT25-1680423c14268062af37c53af5d37b56?pvs=21),No,"October 2, 2025",October 25 (https://app.notion.com/p/October-25-1680423c1426801db108da5af9c1f261?pvs=21),Credit card
KFC,THB 169.00,🍴Eating_OCT25 (https://app.notion.com/p/Eating_OCT25-1680423c142680a6901cfb9e766d5bd9?pvs=21),No,"October 3, 2025",October 25 (https://app.notion.com/p/October-25-1680423c1426801db108da5af9c1f261?pvs=21),Credit card
Case ipad + film SS,"THB 1,240.00",🛍️Shopping_OCT25 (https://app.notion.com/p/Shopping_OCT25-1680423c14268062af37c53af5d37b56?pvs=21),No,"October 3, 2025",October 25 (https://app.notion.com/p/October-25-1680423c1426801db108da5af9c1f261?pvs=21),Online banking
Minoxidil,THB 445.00,💊Health & Fitness_OCT25 (https://app.notion.com/p/Health-Fitness_OCT25-1680423c1426803f9558ff2993da17b7?pvs=21),No,"October 3, 2025",October 25 (https://app.notion.com/p/October-25-1680423c1426801db108da5af9c1f261?pvs=21),Online banking
Top,THB 447.00,🛍️Shopping_OCT25 (https://app.notion.com/p/Shopping_OCT25-1680423c14268062af37c53af5d37b56?pvs=21),No,"October 3, 2025",October 25 (https://app.notion.com/p/October-25-1680423c1426801db108da5af9c1f261?pvs=21),Credit card
Grab,THB 165.00,🛢️Transportation_OCT25 (https://app.notion.com/p/Transportation_OCT25-1680423c142680939c73e620f4d04806?pvs=21),No,"October 4, 2025",October 25 (https://app.notion.com/p/October-25-1680423c1426801db108da5af9c1f261?pvs=21),Credit card
Steak,THB 99.00,🍴Eating_OCT25 (https://app.notion.com/p/Eating_OCT25-1680423c142680a6901cfb9e766d5bd9?pvs=21),No,"October 4, 2025",October 25 (https://app.notion.com/p/October-25-1680423c1426801db108da5af9c1f261?pvs=21),Online banking
ไหมขัดฟัน นม ลิป,THB 353.00,🛍️Shopping_OCT25 (https://app.notion.com/p/Shopping_OCT25-1680423c14268062af37c53af5d37b56?pvs=21),No,"October 4, 2025",October 25 (https://app.notion.com/p/October-25-1680423c1426801db108da5af9c1f261?pvs=21),Online banking
Dulex,THB 319.00,💊Health & Fitness_OCT25 (https://app.notion.com/p/Health-Fitness_OCT25-1680423c1426803f9558ff2993da17b7?pvs=21),No,"October 4, 2025",October 25 (https://app.notion.com/p/October-25-1680423c1426801db108da5af9c1f261?pvs=21),Credit card
Book,THB 270.00,📖Education_OCT25 (https://app.notion.com/p/Education_OCT25-1680423c14268024b3e9cc43127d15e9?pvs=21),No,"October 5, 2025",October 25 (https://app.notion.com/p/October-25-1680423c1426801db108da5af9c1f261?pvs=21),Online banking
กับข้าวบ้านสวน,THB 320.00,🍴Eating_OCT25 (https://app.notion.com/p/Eating_OCT25-1680423c142680a6901cfb9e766d5bd9?pvs=21),No,"October 5, 2025",October 25 (https://app.notion.com/p/October-25-1680423c1426801db108da5af9c1f261?pvs=21),Online banking
ถุงยาง,THB 123.00,💊Health & Fitness_OCT25 (https://app.notion.com/p/Health-Fitness_OCT25-1680423c1426803f9558ff2993da17b7?pvs=21),No,"October 6, 2025",October 25 (https://app.notion.com/p/October-25-1680423c1426801db108da5af9c1f261?pvs=21),Credit card
ซ่อมรถ,THB 480.00,🚗Car_OCT25 (https://app.notion.com/p/Car_OCT25-1680423c14268041a758dac6397b2539?pvs=21),No,"October 6, 2025",October 25 (https://app.notion.com/p/October-25-1680423c1426801db108da5af9c1f261?pvs=21),Online banking
Salad khunnai,THB 94.00,🍴Eating_OCT25 (https://app.notion.com/p/Eating_OCT25-1680423c142680a6901cfb9e766d5bd9?pvs=21),No,"October 9, 2025",October 25 (https://app.notion.com/p/October-25-1680423c1426801db108da5af9c1f261?pvs=21),Credit card
Diamond grain,THB 719.00,🍴Eating_OCT25 (https://app.notion.com/p/Eating_OCT25-1680423c142680a6901cfb9e766d5bd9?pvs=21),No,"October 9, 2025",October 25 (https://app.notion.com/p/October-25-1680423c1426801db108da5af9c1f261?pvs=21),Credit card
ยาหยอด,THB 319.00,🐱Cat_OCT25 (https://app.notion.com/p/Cat_OCT25-1680423c142680b18311ed408ab2b121?pvs=21),No,"October 9, 2025",October 25 (https://app.notion.com/p/October-25-1680423c1426801db108da5af9c1f261?pvs=21),Credit card
Wherywell,"THB 1,426.00",🍴Eating_OCT25 (https://app.notion.com/p/Eating_OCT25-1680423c142680a6901cfb9e766d5bd9?pvs=21),No,"October 9, 2025",October 25 (https://app.notion.com/p/October-25-1680423c1426801db108da5af9c1f261?pvs=21),Credit card
ตัดผม,THB 130.00,💊Health & Fitness_OCT25 (https://app.notion.com/p/Health-Fitness_OCT25-1680423c1426803f9558ff2993da17b7?pvs=21),No,"October 11, 2025",October 25 (https://app.notion.com/p/October-25-1680423c1426801db108da5af9c1f261?pvs=21),Online banking
Wabisabi,THB 75.00,🍴Eating_OCT25 (https://app.notion.com/p/Eating_OCT25-1680423c142680a6901cfb9e766d5bd9?pvs=21),No,"October 11, 2025",October 25 (https://app.notion.com/p/October-25-1680423c1426801db108da5af9c1f261?pvs=21),Credit card
กะเพรากระด้ง,THB 98.00,🍴Eating_OCT25 (https://app.notion.com/p/Eating_OCT25-1680423c142680a6901cfb9e766d5bd9?pvs=21),No,"October 11, 2025",October 25 (https://app.notion.com/p/October-25-1680423c1426801db108da5af9c1f261?pvs=21),Credit card
Potto,THB 141.00,🍴Eating_OCT25 (https://app.notion.com/p/Eating_OCT25-1680423c142680a6901cfb9e766d5bd9?pvs=21),No,"October 11, 2025",October 25 (https://app.notion.com/p/October-25-1680423c1426801db108da5af9c1f261?pvs=21),Credit card
ผ้าปู พรม,"THB 1,084.00",🏠Home_OCT25 (https://app.notion.com/p/Home_OCT25-1680423c14268033a094edbb8c5cf6be?pvs=21),No,"October 12, 2025",October 25 (https://app.notion.com/p/October-25-1680423c1426801db108da5af9c1f261?pvs=21),Credit card
Subway,THB 79.00,🍴Eating_OCT25 (https://app.notion.com/p/Eating_OCT25-1680423c142680a6901cfb9e766d5bd9?pvs=21),No,"October 12, 2025",October 25 (https://app.notion.com/p/October-25-1680423c1426801db108da5af9c1f261?pvs=21),Credit card
กระเพรา,THB 69.00,🍴Eating_OCT25 (https://app.notion.com/p/Eating_OCT25-1680423c142680a6901cfb9e766d5bd9?pvs=21),No,"October 13, 2025",October 25 (https://app.notion.com/p/October-25-1680423c1426801db108da5af9c1f261?pvs=21),Credit card
Salad khunnai,THB 121.00,🍴Eating_OCT25 (https://app.notion.com/p/Eating_OCT25-1680423c142680a6901cfb9e766d5bd9?pvs=21),No,"October 15, 2025",October 25 (https://app.notion.com/p/October-25-1680423c1426801db108da5af9c1f261?pvs=21),Credit card
Oil,THB 100.00,🛢️Transportation_OCT25 (https://app.notion.com/p/Transportation_OCT25-1680423c142680939c73e620f4d04806?pvs=21),No,"October 16, 2025",October 25 (https://app.notion.com/p/October-25-1680423c1426801db108da5af9c1f261?pvs=21),Online banking
ตั้งโต๊ะ,THB 237.00,🍴Eating_OCT25 (https://app.notion.com/p/Eating_OCT25-1680423c142680a6901cfb9e766d5bd9?pvs=21),No,"October 16, 2025",October 25 (https://app.notion.com/p/October-25-1680423c1426801db108da5af9c1f261?pvs=21),Online banking
ซักผ้า,THB 110.00,🏠Home_OCT25 (https://app.notion.com/p/Home_OCT25-1680423c14268033a094edbb8c5cf6be?pvs=21),No,"October 17, 2025",October 25 (https://app.notion.com/p/October-25-1680423c1426801db108da5af9c1f261?pvs=21),Online banking
เต้าหู้ทอด,THB 98.00,🍴Eating_OCT25 (https://app.notion.com/p/Eating_OCT25-1680423c142680a6901cfb9e766d5bd9?pvs=21),No,"October 17, 2025",October 25 (https://app.notion.com/p/October-25-1680423c1426801db108da5af9c1f261?pvs=21),Credit card
ไก่จ๊อ,THB 40.00,🍴Eating_OCT25 (https://app.notion.com/p/Eating_OCT25-1680423c142680a6901cfb9e766d5bd9?pvs=21),No,"October 18, 2025",October 25 (https://app.notion.com/p/October-25-1680423c1426801db108da5af9c1f261?pvs=21),Online banking
Shabushi,"THB 1,385.65",🍴Eating_OCT25 (https://app.notion.com/p/Eating_OCT25-1680423c142680a6901cfb9e766d5bd9?pvs=21),No,"October 18, 2025",October 25 (https://app.notion.com/p/October-25-1680423c1426801db108da5af9c1f261?pvs=21),Credit card
ปลั๊กพ่วง,THB 333.00,🏠Home_OCT25 (https://app.notion.com/p/Home_OCT25-1680423c14268033a094edbb8c5cf6be?pvs=21),No,"October 18, 2025",October 25 (https://app.notion.com/p/October-25-1680423c1426801db108da5af9c1f261?pvs=21),Online banking
Oil,THB 810.00,🛢️Transportation_OCT25 (https://app.notion.com/p/Transportation_OCT25-1680423c142680939c73e620f4d04806?pvs=21),No,"October 19, 2025",October 25 (https://app.notion.com/p/October-25-1680423c1426801db108da5af9c1f261?pvs=21),Credit card
Food,THB 120.00,🍴Eating_OCT25 (https://app.notion.com/p/Eating_OCT25-1680423c142680a6901cfb9e766d5bd9?pvs=21),No,"October 19, 2025",October 25 (https://app.notion.com/p/October-25-1680423c1426801db108da5af9c1f261?pvs=21),Online banking
Cofreeze,THB 100.00,🍴Eating_OCT25 (https://app.notion.com/p/Eating_OCT25-1680423c142680a6901cfb9e766d5bd9?pvs=21),No,"October 21, 2025",October 25 (https://app.notion.com/p/October-25-1680423c1426801db108da5af9c1f261?pvs=21),Online banking
Wherywell,"THB 1,267.00",🍴Eating_OCT25 (https://app.notion.com/p/Eating_OCT25-1680423c142680a6901cfb9e766d5bd9?pvs=21),No,"October 21, 2025",October 25 (https://app.notion.com/p/October-25-1680423c1426801db108da5af9c1f261?pvs=21),Credit card
ตั๋วนครชัยแอร์,"THB 2,206.00",🛢️Transportation_OCT25 (https://app.notion.com/p/Transportation_OCT25-1680423c142680939c73e620f4d04806?pvs=21),No,"October 22, 2025",October 25 (https://app.notion.com/p/October-25-1680423c1426801db108da5af9c1f261?pvs=21),Online banking
ข้าวผัด,THB 54.00,🍴Eating_OCT25 (https://app.notion.com/p/Eating_OCT25-1680423c142680a6901cfb9e766d5bd9?pvs=21),No,"October 22, 2025",October 25 (https://app.notion.com/p/October-25-1680423c1426801db108da5af9c1f261?pvs=21),Online banking
กระเพรา,THB 69.00,🍴Eating_OCT25 (https://app.notion.com/p/Eating_OCT25-1680423c142680a6901cfb9e766d5bd9?pvs=21),No,"October 23, 2025",October 25 (https://app.notion.com/p/October-25-1680423c1426801db108da5af9c1f261?pvs=21),Credit card
อัพ ram + เปลี่ยน silicone,"THB 2,990.00",🎮Entertainment_OCT25 (https://app.notion.com/p/Entertainment_OCT25-1680423c14268011942fc60234d6784f?pvs=21),No,"October 23, 2025",October 25 (https://app.notion.com/p/October-25-1680423c1426801db108da5af9c1f261?pvs=21),Online banking
มาม่าผัด,THB 45.00,🍴Eating_OCT25 (https://app.notion.com/p/Eating_OCT25-1680423c142680a6901cfb9e766d5bd9?pvs=21),No,"October 23, 2025",October 25 (https://app.notion.com/p/October-25-1680423c1426801db108da5af9c1f261?pvs=21),Online banking
Sunday,THB 55.00,🍴Eating_OCT25 (https://app.notion.com/p/Eating_OCT25-1680423c142680a6901cfb9e766d5bd9?pvs=21),No,"October 24, 2025",October 25 (https://app.notion.com/p/October-25-1680423c1426801db108da5af9c1f261?pvs=21),Online banking
สุกี้หมู,THB 60.20,🍴Eating_OCT25 (https://app.notion.com/p/Eating_OCT25-1680423c142680a6901cfb9e766d5bd9?pvs=21),No,"October 24, 2025",October 25 (https://app.notion.com/p/October-25-1680423c1426801db108da5af9c1f261?pvs=21),Credit card
กระเพราถาดคุณยาย,THB 79.00,🍴Eating_OCT25 (https://app.notion.com/p/Eating_OCT25-1680423c142680a6901cfb9e766d5bd9?pvs=21),No,"October 25, 2025",October 25 (https://app.notion.com/p/October-25-1680423c1426801db108da5af9c1f261?pvs=21),Online banking
สลัดฟาร์ม,THB 86.00,🍴Eating_OCT25 (https://app.notion.com/p/Eating_OCT25-1680423c142680a6901cfb9e766d5bd9?pvs=21),No,"October 25, 2025",October 25 (https://app.notion.com/p/October-25-1680423c1426801db108da5af9c1f261?pvs=21),Credit card
Food,THB 342.50,🍴Eating_OCT25 (https://app.notion.com/p/Eating_OCT25-1680423c142680a6901cfb9e766d5bd9?pvs=21),No,"October 26, 2025",October 25 (https://app.notion.com/p/October-25-1680423c1426801db108da5af9c1f261?pvs=21),Online banking
ซ่อมคอม,THB 569.00,🎮Entertainment_OCT25 (https://app.notion.com/p/Entertainment_OCT25-1680423c14268011942fc60234d6784f?pvs=21),No,"October 26, 2025",October 25 (https://app.notion.com/p/October-25-1680423c1426801db108da5af9c1f261?pvs=21),Online banking
อโวคาโด,THB 69.00,🍴Eating_OCT25 (https://app.notion.com/p/Eating_OCT25-1680423c142680a6901cfb9e766d5bd9?pvs=21),No,"October 28, 2025",October 25 (https://app.notion.com/p/October-25-1680423c1426801db108da5af9c1f261?pvs=21),Online banking
Flydigi BS2pro,"THB 2,091.00",🎮Entertainment_OCT25 (https://app.notion.com/p/Entertainment_OCT25-1680423c14268011942fc60234d6784f?pvs=21),No,"October 28, 2025",October 25 (https://app.notion.com/p/October-25-1680423c1426801db108da5af9c1f261?pvs=21),Credit card
Ponganase,THB 100.00,🍴Eating_OCT25 (https://app.notion.com/p/Eating_OCT25-1680423c142680a6901cfb9e766d5bd9?pvs=21),No,"October 30, 2025",October 25 (https://app.notion.com/p/October-25-1680423c1426801db108da5af9c1f261?pvs=21),Online banking
กาแฟดอยหลวง,THB 35.00,🍴Eating_OCT25 (https://app.notion.com/p/Eating_OCT25-1680423c142680a6901cfb9e766d5bd9?pvs=21),No,"October 31, 2025",October 25 (https://app.notion.com/p/October-25-1680423c1426801db108da5af9c1f261?pvs=21),Online banking
ข้าวซอยไก่,THB 79.00,🍴Eating_OCT25 (https://app.notion.com/p/Eating_OCT25-1680423c142680a6901cfb9e766d5bd9?pvs=21),No,"October 31, 2025",October 25 (https://app.notion.com/p/October-25-1680423c1426801db108da5af9c1f261?pvs=21),Online banking
Food,THB 54.00,🍴Eating_OCT25 (https://app.notion.com/p/Eating_OCT25-1680423c142680a6901cfb9e766d5bd9?pvs=21),No,"October 31, 2025",October 25 (https://app.notion.com/p/October-25-1680423c1426801db108da5af9c1f261?pvs=21),Online banking
Coffee,THB 410.00,🍴Eating_OCT25 (https://app.notion.com/p/Eating_OCT25-1680423c142680a6901cfb9e766d5bd9?pvs=21),No,"October 31, 2025",October 25 (https://app.notion.com/p/October-25-1680423c1426801db108da5af9c1f261?pvs=21),Credit card
กระเพรา,THB 30.50,🍴Eating_NOV25 (https://app.notion.com/p/Eating_NOV25-1680423c14268095ad82c9be08906dc5?pvs=21),No,"November 2, 2025",November 25 (https://app.notion.com/p/November-25-1680423c1426807fb656e64f5f6ca534?pvs=21),Online banking
Thyme time,THB 247.00,🍴Eating_NOV25 (https://app.notion.com/p/Eating_NOV25-1680423c14268095ad82c9be08906dc5?pvs=21),No,"November 2, 2025",November 25 (https://app.notion.com/p/November-25-1680423c1426807fb656e64f5f6ca534?pvs=21),Online banking
Food,THB 30.00,🍴Eating_NOV25 (https://app.notion.com/p/Eating_NOV25-1680423c14268095ad82c9be08906dc5?pvs=21),No,"November 3, 2025",November 25 (https://app.notion.com/p/November-25-1680423c1426807fb656e64f5f6ca534?pvs=21),Online banking
Bay day,THB 200.00,🍴Eating_NOV25 (https://app.notion.com/p/Eating_NOV25-1680423c14268095ad82c9be08906dc5?pvs=21),No,"November 3, 2025",November 25 (https://app.notion.com/p/November-25-1680423c1426807fb656e64f5f6ca534?pvs=21),Online banking
Ministory,THB 30.00,🍴Eating_NOV25 (https://app.notion.com/p/Eating_NOV25-1680423c14268095ad82c9be08906dc5?pvs=21),No,"November 4, 2025",November 25 (https://app.notion.com/p/November-25-1680423c1426807fb656e64f5f6ca534?pvs=21),Online banking
Food,THB 49.00,🍴Eating_NOV25 (https://app.notion.com/p/Eating_NOV25-1680423c14268095ad82c9be08906dc5?pvs=21),No,"November 5, 2025",November 25 (https://app.notion.com/p/November-25-1680423c1426807fb656e64f5f6ca534?pvs=21),Online banking
Ministory,THB 30.00,🍴Eating_NOV25 (https://app.notion.com/p/Eating_NOV25-1680423c14268095ad82c9be08906dc5?pvs=21),No,"November 6, 2025",November 25 (https://app.notion.com/p/November-25-1680423c1426807fb656e64f5f6ca534?pvs=21),Online banking
หอมเชย,THB 187.00,🍴Eating_NOV25 (https://app.notion.com/p/Eating_NOV25-1680423c14268095ad82c9be08906dc5?pvs=21),No,"November 8, 2025",November 25 (https://app.notion.com/p/November-25-1680423c1426807fb656e64f5f6ca534?pvs=21),Online banking
ลิ้มรสให้รู้ราก,THB 625.00,🍴Eating_NOV25 (https://app.notion.com/p/Eating_NOV25-1680423c14268095ad82c9be08906dc5?pvs=21),No,"November 8, 2025",November 25 (https://app.notion.com/p/November-25-1680423c1426807fb656e64f5f6ca534?pvs=21),Online banking
Seven,THB 195.00,🍴Eating_NOV25 (https://app.notion.com/p/Eating_NOV25-1680423c14268095ad82c9be08906dc5?pvs=21),No,"November 9, 2025",November 25 (https://app.notion.com/p/November-25-1680423c1426807fb656e64f5f6ca534?pvs=21),Online banking
Oil,THB 760.00,🛢️Transportation_NOV25 (https://app.notion.com/p/Transportation_NOV25-1680423c142680a7a74ad7d78d8d7f25?pvs=21),No,"November 9, 2025",November 25 (https://app.notion.com/p/November-25-1680423c1426807fb656e64f5f6ca534?pvs=21),Credit card
กระเพรา,THB 44.00,🍴Eating_NOV25 (https://app.notion.com/p/Eating_NOV25-1680423c14268095ad82c9be08906dc5?pvs=21),No,"November 10, 2025",November 25 (https://app.notion.com/p/November-25-1680423c1426807fb656e64f5f6ca534?pvs=21),Credit card
รสแท้กระเพรา,THB 32.50,🍴Eating_NOV25 (https://app.notion.com/p/Eating_NOV25-1680423c14268095ad82c9be08906dc5?pvs=21),No,"November 11, 2025",November 25 (https://app.notion.com/p/November-25-1680423c1426807fb656e64f5f6ca534?pvs=21),Credit card
Food,THB 34.50,🍴Eating_NOV25 (https://app.notion.com/p/Eating_NOV25-1680423c14268095ad82c9be08906dc5?pvs=21),No,"November 12, 2025",November 25 (https://app.notion.com/p/November-25-1680423c1426807fb656e64f5f6ca534?pvs=21),Online banking
Food,THB 30.00,🍴Eating_NOV25 (https://app.notion.com/p/Eating_NOV25-1680423c14268095ad82c9be08906dc5?pvs=21),No,"November 13, 2025",November 25 (https://app.notion.com/p/November-25-1680423c1426807fb656e64f5f6ca534?pvs=21),Online banking
เส้นสด,THB 175.00,🍴Eating_NOV25 (https://app.notion.com/p/Eating_NOV25-1680423c14268095ad82c9be08906dc5?pvs=21),No,"November 13, 2025",November 25 (https://app.notion.com/p/November-25-1680423c1426807fb656e64f5f6ca534?pvs=21),Online banking
กระเพราไข่เจียว,THB 40.00,🍴Eating_NOV25 (https://app.notion.com/p/Eating_NOV25-1680423c14268095ad82c9be08906dc5?pvs=21),No,"November 15, 2025",November 25 (https://app.notion.com/p/November-25-1680423c1426807fb656e64f5f6ca534?pvs=21),Credit card
พีลพีลทำเล็บ,THB 162.00,❤️Lover_NOV25 (https://app.notion.com/p/Lover_NOV25-1680423c142680d786ccee0d6d432dc4?pvs=21),No,"November 15, 2025",November 25 (https://app.notion.com/p/November-25-1680423c1426807fb656e64f5f6ca534?pvs=21),Online banking
แปรง,THB 164.00,🛍️Shopping_NOV25 (https://app.notion.com/p/Shopping_NOV25-1680423c142680d39efdde8a9a7040e1?pvs=21),No,"November 15, 2025",November 25 (https://app.notion.com/p/November-25-1680423c1426807fb656e64f5f6ca534?pvs=21),Online banking
สเต๊กเด็กแนว,THB 138.00,🍴Eating_NOV25 (https://app.notion.com/p/Eating_NOV25-1680423c14268095ad82c9be08906dc5?pvs=21),No,"November 15, 2025",November 25 (https://app.notion.com/p/November-25-1680423c1426807fb656e64f5f6ca534?pvs=21),Online banking
กะเพรา,THB 46.00,🍴Eating_NOV25 (https://app.notion.com/p/Eating_NOV25-1680423c14268095ad82c9be08906dc5?pvs=21),No,"November 16, 2025",November 25 (https://app.notion.com/p/November-25-1680423c1426807fb656e64f5f6ca534?pvs=21),Credit card
Fernpresso,THB 120.00,🍴Eating_NOV25 (https://app.notion.com/p/Eating_NOV25-1680423c14268095ad82c9be08906dc5?pvs=21),No,"November 16, 2025",November 25 (https://app.notion.com/p/November-25-1680423c1426807fb656e64f5f6ca534?pvs=21),Online banking
The House 224,THB 835.00,🍴Eating_NOV25 (https://app.notion.com/p/Eating_NOV25-1680423c14268095ad82c9be08906dc5?pvs=21),No,"November 16, 2025",November 25 (https://app.notion.com/p/November-25-1680423c1426807fb656e64f5f6ca534?pvs=21),Online banking
Food,THB 32.50,🍴Eating_NOV25 (https://app.notion.com/p/Eating_NOV25-1680423c14268095ad82c9be08906dc5?pvs=21),No,"November 17, 2025",November 25 (https://app.notion.com/p/November-25-1680423c1426807fb656e64f5f6ca534?pvs=21),Online banking
Food,THB 27.50,🍴Eating_NOV25 (https://app.notion.com/p/Eating_NOV25-1680423c14268095ad82c9be08906dc5?pvs=21),No,"November 18, 2025",November 25 (https://app.notion.com/p/November-25-1680423c1426807fb656e64f5f6ca534?pvs=21),Online banking
Mother cow,THB 69.00,🍴Eating_NOV25 (https://app.notion.com/p/Eating_NOV25-1680423c14268095ad82c9be08906dc5?pvs=21),No,"November 19, 2025",November 25 (https://app.notion.com/p/November-25-1680423c1426807fb656e64f5f6ca534?pvs=21),Credit card
Ministory,THB 30.00,🍴Eating_NOV25 (https://app.notion.com/p/Eating_NOV25-1680423c14268095ad82c9be08906dc5?pvs=21),No,"November 20, 2025",November 25 (https://app.notion.com/p/November-25-1680423c1426807fb656e64f5f6ca534?pvs=21),Online banking
ดินสอสอบ,THB 26.00,📖Education_NOV25 (https://app.notion.com/p/Education_NOV25-1680423c142680e6806ce3e9029935f2?pvs=21),No,"November 21, 2025",November 25 (https://app.notion.com/p/November-25-1680423c1426807fb656e64f5f6ca534?pvs=21),Online banking
โอ้ กะ จู๋,THB 268.00,🍴Eating_NOV25 (https://app.notion.com/p/Eating_NOV25-1680423c14268095ad82c9be08906dc5?pvs=21),No,"November 21, 2025",November 25 (https://app.notion.com/p/November-25-1680423c1426807fb656e64f5f6ca534?pvs=21),Online banking
Seven มื้อดึก,THB 303.00,🍴Eating_NOV25 (https://app.notion.com/p/Eating_NOV25-1680423c14268095ad82c9be08906dc5?pvs=21),No,"November 21, 2025",November 25 (https://app.notion.com/p/November-25-1680423c1426807fb656e64f5f6ca534?pvs=21),Online banking
Maxim,THB 76.00,🛢️Transportation_NOV25 (https://app.notion.com/p/Transportation_NOV25-1680423c142680a7a74ad7d78d8d7f25?pvs=21),No,"November 22, 2025",November 25 (https://app.notion.com/p/November-25-1680423c1426807fb656e64f5f6ca534?pvs=21),Credit card
ChatGPT,THB 713.11,📖Education_NOV25 (https://app.notion.com/p/Education_NOV25-1680423c142680e6806ce3e9029935f2?pvs=21),No,"November 16, 2025",November 25 (https://app.notion.com/p/November-25-1680423c1426807fb656e64f5f6ca534?pvs=21),Credit card
Hollow knight,THB 400.00,🎮Entertainment_NOV25 (https://app.notion.com/p/Entertainment_NOV25-1680423c142680b1a4fbef7912960d8b?pvs=21),No,"November 22, 2025",November 25 (https://app.notion.com/p/November-25-1680423c1426807fb656e64f5f6ca534?pvs=21),Credit card
ซักรีด,THB 130.00,,No,"November 23, 2025",November 25 (https://app.notion.com/p/November-25-1680423c1426807fb656e64f5f6ca534?pvs=21),Online banking
Potato corner,THB 59.00,🍴Eating_NOV25 (https://app.notion.com/p/Eating_NOV25-1680423c14268095ad82c9be08906dc5?pvs=21),No,"November 23, 2025",November 25 (https://app.notion.com/p/November-25-1680423c1426807fb656e64f5f6ca534?pvs=21),Online banking
Yoshinoya,THB 402.00,🍴Eating_NOV25 (https://app.notion.com/p/Eating_NOV25-1680423c14268095ad82c9be08906dc5?pvs=21),No,"November 23, 2025",November 25 (https://app.notion.com/p/November-25-1680423c1426807fb656e64f5f6ca534?pvs=21),Credit card
กางเกง  uniqlo,"THB 1,290.00",🛍️Shopping_NOV25 (https://app.notion.com/p/Shopping_NOV25-1680423c142680d39efdde8a9a7040e1?pvs=21),No,"November 23, 2025",November 25 (https://app.notion.com/p/November-25-1680423c1426807fb656e64f5f6ca534?pvs=21),Online banking
มันม่วง,THB 68.00,🍴Eating_NOV25 (https://app.notion.com/p/Eating_NOV25-1680423c14268095ad82c9be08906dc5?pvs=21),No,"November 23, 2025",November 25 (https://app.notion.com/p/November-25-1680423c1426807fb656e64f5f6ca534?pvs=21),Online banking
กระเพรา,THB 88.00,🍴Eating_NOV25 (https://app.notion.com/p/Eating_NOV25-1680423c14268095ad82c9be08906dc5?pvs=21),No,"November 23, 2025",November 25 (https://app.notion.com/p/November-25-1680423c1426807fb656e64f5f6ca534?pvs=21),Credit card
Food,THB 20.00,🍴Eating_NOV25 (https://app.notion.com/p/Eating_NOV25-1680423c14268095ad82c9be08906dc5?pvs=21),No,"November 24, 2025",November 25 (https://app.notion.com/p/November-25-1680423c1426807fb656e64f5f6ca534?pvs=21),Online banking
Americano,THB 50.00,🍴Eating_NOV25 (https://app.notion.com/p/Eating_NOV25-1680423c14268095ad82c9be08906dc5?pvs=21),No,"November 25, 2025",November 25 (https://app.notion.com/p/November-25-1680423c1426807fb656e64f5f6ca534?pvs=21),Online banking
Food,THB 76.00,🍴Eating_NOV25 (https://app.notion.com/p/Eating_NOV25-1680423c14268095ad82c9be08906dc5?pvs=21),No,"November 25, 2025",November 25 (https://app.notion.com/p/November-25-1680423c1426807fb656e64f5f6ca534?pvs=21),Online banking
Seven,THB 101.25,🍴Eating_NOV25 (https://app.notion.com/p/Eating_NOV25-1680423c14268095ad82c9be08906dc5?pvs=21),No,"November 25, 2025",November 25 (https://app.notion.com/p/November-25-1680423c1426807fb656e64f5f6ca534?pvs=21),Online banking
Oil,THB 50.00,🛢️Transportation_NOV25 (https://app.notion.com/p/Transportation_NOV25-1680423c142680a7a74ad7d78d8d7f25?pvs=21),No,"November 26, 2025",November 25 (https://app.notion.com/p/November-25-1680423c1426807fb656e64f5f6ca534?pvs=21),Online banking
บริจาคหาดใหญ่,THB 300.00,❤️Lover_NOV25 (https://app.notion.com/p/Lover_NOV25-1680423c142680d786ccee0d6d432dc4?pvs=21),No,"November 27, 2025",November 25 (https://app.notion.com/p/November-25-1680423c1426807fb656e64f5f6ca534?pvs=21),Online banking
Taste,THB 60.00,🍴Eating_NOV25 (https://app.notion.com/p/Eating_NOV25-1680423c14268095ad82c9be08906dc5?pvs=21),No,"November 27, 2025",November 25 (https://app.notion.com/p/November-25-1680423c1426807fb656e64f5f6ca534?pvs=21),Online banking
ตัดผม,THB 130.00,💊Health & Fitness_NOV25 (https://app.notion.com/p/Health-Fitness_NOV25-1680423c1426802595c6d8eae522e331?pvs=21),No,"November 27, 2025",November 25 (https://app.notion.com/p/November-25-1680423c1426807fb656e64f5f6ca534?pvs=21),Online banking
นวล,THB 200.00,🍴Eating_NOV25 (https://app.notion.com/p/Eating_NOV25-1680423c14268095ad82c9be08906dc5?pvs=21),No,"November 27, 2025",November 25 (https://app.notion.com/p/November-25-1680423c1426807fb656e64f5f6ca534?pvs=21),Online banking
Taste,THB 55.00,🍴Eating_NOV25 (https://app.notion.com/p/Eating_NOV25-1680423c14268095ad82c9be08906dc5?pvs=21),No,"November 28, 2025",November 25 (https://app.notion.com/p/November-25-1680423c1426807fb656e64f5f6ca534?pvs=21),Online banking
Food,THB 70.00,🍴Eating_NOV25 (https://app.notion.com/p/Eating_NOV25-1680423c14268095ad82c9be08906dc5?pvs=21),No,"November 28, 2025",November 25 (https://app.notion.com/p/November-25-1680423c1426807fb656e64f5f6ca534?pvs=21),Online banking
Reten-5,THB 720.00,💊Health & Fitness_NOV25 (https://app.notion.com/p/Health-Fitness_NOV25-1680423c1426802595c6d8eae522e331?pvs=21),No,"November 28, 2025",November 25 (https://app.notion.com/p/November-25-1680423c1426807fb656e64f5f6ca534?pvs=21),Online banking
กาญจน์โภชนา,THB 85.00,🍴Eating_NOV25 (https://app.notion.com/p/Eating_NOV25-1680423c14268095ad82c9be08906dc5?pvs=21),No,"November 28, 2025",November 25 (https://app.notion.com/p/November-25-1680423c1426807fb656e64f5f6ca534?pvs=21),Online banking
Grab,THB 93.00,🛢️Transportation_NOV25 (https://app.notion.com/p/Transportation_NOV25-1680423c142680a7a74ad7d78d8d7f25?pvs=21),No,"November 29, 2025",November 25 (https://app.notion.com/p/November-25-1680423c1426807fb656e64f5f6ca534?pvs=21),Credit card
Food,THB 186.00,🍴Eating_NOV25 (https://app.notion.com/p/Eating_NOV25-1680423c14268095ad82c9be08906dc5?pvs=21),No,"November 29, 2025",November 25 (https://app.notion.com/p/November-25-1680423c1426807fb656e64f5f6ca534?pvs=21),Online banking
Hideout,THB 129.00,🍴Eating_NOV25 (https://app.notion.com/p/Eating_NOV25-1680423c14268095ad82c9be08906dc5?pvs=21),No,"November 29, 2025",November 25 (https://app.notion.com/p/November-25-1680423c1426807fb656e64f5f6ca534?pvs=21),Online banking
เสื้อสูท Uniqlo,"THB 1,990.00",🛍️Shopping_NOV25 (https://app.notion.com/p/Shopping_NOV25-1680423c142680d39efdde8a9a7040e1?pvs=21),No,"November 29, 2025",November 25 (https://app.notion.com/p/November-25-1680423c1426807fb656e64f5f6ca534?pvs=21),Online banking
Maxim,THB 114.00,🛢️Transportation_NOV25 (https://app.notion.com/p/Transportation_NOV25-1680423c142680a7a74ad7d78d8d7f25?pvs=21),No,"November 30, 2025",November 25 (https://app.notion.com/p/November-25-1680423c1426807fb656e64f5f6ca534?pvs=21),Credit card
Food,THB 100.00,🍴Eating_DEC25 (https://app.notion.com/p/Eating_DEC25-1680423c1426803b847cea3f4ed0462a?pvs=21),No,"December 1, 2025",December 25 (https://app.notion.com/p/December-25-1680423c1426803f85ceedf0b2210a9c?pvs=21),Online banking
กระเพรากระด้ง,THB 71.00,🍴Eating_DEC25 (https://app.notion.com/p/Eating_DEC25-1680423c1426803b847cea3f4ed0462a?pvs=21),No,"December 1, 2025",December 25 (https://app.notion.com/p/December-25-1680423c1426803f85ceedf0b2210a9c?pvs=21),Credit card
Food,THB 45.00,🍴Eating_DEC25 (https://app.notion.com/p/Eating_DEC25-1680423c1426803b847cea3f4ed0462a?pvs=21),No,"December 2, 2025",December 25 (https://app.notion.com/p/December-25-1680423c1426803f85ceedf0b2210a9c?pvs=21),Online banking
The barn,THB 233.00,🍴Eating_DEC25 (https://app.notion.com/p/Eating_DEC25-1680423c1426803b847cea3f4ed0462a?pvs=21),No,"December 2, 2025",December 25 (https://app.notion.com/p/December-25-1680423c1426803f85ceedf0b2210a9c?pvs=21),Online banking
ไก่ผัดซอสเทริยากิ,THB 45.00,🍴Eating_DEC25 (https://app.notion.com/p/Eating_DEC25-1680423c1426803b847cea3f4ed0462a?pvs=21),No,"December 3, 2025",December 25 (https://app.notion.com/p/December-25-1680423c1426803f85ceedf0b2210a9c?pvs=21),Online banking
Ratika,THB 50.00,🍴Eating_DEC25 (https://app.notion.com/p/Eating_DEC25-1680423c1426803b847cea3f4ed0462a?pvs=21),No,"December 3, 2025",December 25 (https://app.notion.com/p/December-25-1680423c1426803f85ceedf0b2210a9c?pvs=21),Online banking
ฝรั่ง,THB 20.00,🍴Eating_DEC25 (https://app.notion.com/p/Eating_DEC25-1680423c1426803b847cea3f4ed0462a?pvs=21),No,"December 3, 2025",December 25 (https://app.notion.com/p/December-25-1680423c1426803f85ceedf0b2210a9c?pvs=21),Online banking
Shinkanzen,THB 239.00,🍴Eating_DEC25 (https://app.notion.com/p/Eating_DEC25-1680423c1426803b847cea3f4ed0462a?pvs=21),No,"December 3, 2025",December 25 (https://app.notion.com/p/December-25-1680423c1426803f85ceedf0b2210a9c?pvs=21),Online banking
Tumbler,THB 60.00,🍴Eating_DEC25 (https://app.notion.com/p/Eating_DEC25-1680423c1426803b847cea3f4ed0462a?pvs=21),No,"December 4, 2025",December 25 (https://app.notion.com/p/December-25-1680423c1426803f85ceedf0b2210a9c?pvs=21),Online banking
กระเพรา ไข่เจียว,THB 35.00,🍴Eating_DEC25 (https://app.notion.com/p/Eating_DEC25-1680423c1426803b847cea3f4ed0462a?pvs=21),No,"December 4, 2025",December 25 (https://app.notion.com/p/December-25-1680423c1426803f85ceedf0b2210a9c?pvs=21),Online banking
Salad farm,THB 80.00,🍴Eating_DEC25 (https://app.notion.com/p/Eating_DEC25-1680423c1426803b847cea3f4ed0462a?pvs=21),No,"December 4, 2025",December 25 (https://app.notion.com/p/December-25-1680423c1426803f85ceedf0b2210a9c?pvs=21),Credit card
อยู่ป่า,THB 128.00,🍴Eating_DEC25 (https://app.notion.com/p/Eating_DEC25-1680423c1426803b847cea3f4ed0462a?pvs=21),No,"December 5, 2025",December 25 (https://app.notion.com/p/December-25-1680423c1426803f85ceedf0b2210a9c?pvs=21),Online banking
Cafe หมา,THB 159.00,🍴Eating_DEC25 (https://app.notion.com/p/Eating_DEC25-1680423c1426803b847cea3f4ed0462a?pvs=21),No,"December 5, 2025",December 25 (https://app.notion.com/p/December-25-1680423c1426803f85ceedf0b2210a9c?pvs=21),Online banking
เที่ยวพร้าว,"THB 2,131.00",✈️Travel_DEC25 (https://app.notion.com/p/Travel_DEC25-1680423c14268081aa5fddf8bafbc946?pvs=21),No,"December 6, 2025",December 25 (https://app.notion.com/p/December-25-1680423c1426803f85ceedf0b2210a9c?pvs=21),Online banking
บินไป workshop R3,"THB 2,337.97",✈️Travel_DEC25 (https://app.notion.com/p/Travel_DEC25-1680423c14268081aa5fddf8bafbc946?pvs=21),No,"December 7, 2025",December 25 (https://app.notion.com/p/December-25-1680423c1426803f85ceedf0b2210a9c?pvs=21),Online banking
Salad farm,THB 265.00,🍴Eating_DEC25 (https://app.notion.com/p/Eating_DEC25-1680423c1426803b847cea3f4ed0462a?pvs=21),No,"December 7, 2025",December 25 (https://app.notion.com/p/December-25-1680423c1426803f85ceedf0b2210a9c?pvs=21),Online banking
สเต๊กเด็กแนว,THB 61.50,🍴Eating_DEC25 (https://app.notion.com/p/Eating_DEC25-1680423c1426803b847cea3f4ed0462a?pvs=21),No,"December 7, 2025",December 25 (https://app.notion.com/p/December-25-1680423c1426803f85ceedf0b2210a9c?pvs=21),Online banking
กระเพราหมู ไข่ดาว,THB 55.00,🍴Eating_DEC25 (https://app.notion.com/p/Eating_DEC25-1680423c1426803b847cea3f4ed0462a?pvs=21),No,"December 8, 2025",December 25 (https://app.notion.com/p/December-25-1680423c1426803f85ceedf0b2210a9c?pvs=21),Online banking
Food,THB 27.00,🍴Eating_DEC25 (https://app.notion.com/p/Eating_DEC25-1680423c1426803b847cea3f4ed0462a?pvs=21),No,"December 8, 2025",December 25 (https://app.notion.com/p/December-25-1680423c1426803f85ceedf0b2210a9c?pvs=21),Online banking
Fernpresso,THB 149.00,🍴Eating_DEC25 (https://app.notion.com/p/Eating_DEC25-1680423c1426803b847cea3f4ed0462a?pvs=21),No,"December 9, 2025",December 25 (https://app.notion.com/p/December-25-1680423c1426803f85ceedf0b2210a9c?pvs=21),Online banking
กระเพราไข่เจียว,THB 36.00,🍴Eating_DEC25 (https://app.notion.com/p/Eating_DEC25-1680423c1426803b847cea3f4ed0462a?pvs=21),No,"December 9, 2025",December 25 (https://app.notion.com/p/December-25-1680423c1426803f85ceedf0b2210a9c?pvs=21),Online banking
Groon,THB 475.00,🍴Eating_DEC25 (https://app.notion.com/p/Eating_DEC25-1680423c1426803b847cea3f4ed0462a?pvs=21),No,"December 10, 2025",December 25 (https://app.notion.com/p/December-25-1680423c1426803f85ceedf0b2210a9c?pvs=21),Online banking
Food,THB 50.00,🍴Eating_DEC25 (https://app.notion.com/p/Eating_DEC25-1680423c1426803b847cea3f4ed0462a?pvs=21),No,"December 11, 2025",December 25 (https://app.notion.com/p/December-25-1680423c1426803f85ceedf0b2210a9c?pvs=21),Online banking
Food,THB 32.00,🍴Eating_DEC25 (https://app.notion.com/p/Eating_DEC25-1680423c1426803b847cea3f4ed0462a?pvs=21),No,"December 11, 2025",December 25 (https://app.notion.com/p/December-25-1680423c1426803f85ceedf0b2210a9c?pvs=21),Online banking
สหภาพสเต๊ก,THB 123.50,🍴Eating_DEC25 (https://app.notion.com/p/Eating_DEC25-1680423c1426803b847cea3f4ed0462a?pvs=21),No,"December 11, 2025",December 25 (https://app.notion.com/p/December-25-1680423c1426803f85ceedf0b2210a9c?pvs=21),Online banking
Pizza,THB 648.00,🍴Eating_DEC25 (https://app.notion.com/p/Eating_DEC25-1680423c1426803b847cea3f4ed0462a?pvs=21),No,"December 12, 2025",December 25 (https://app.notion.com/p/December-25-1680423c1426803f85ceedf0b2210a9c?pvs=21),Online banking
Case nintendo,THB 990.00,🎮Entertainment_DEC25 (https://app.notion.com/p/Entertainment_DEC25-1680423c142680d98b80fa66a423a054?pvs=21),No,"December 12, 2025",December 25 (https://app.notion.com/p/December-25-1680423c1426803f85ceedf0b2210a9c?pvs=21),Credit card
บรีส,THB 269.00,🛍️Shopping_DEC25 (https://app.notion.com/p/Shopping_DEC25-1680423c14268008b49fe7583b483bfc?pvs=21),No,"December 12, 2025",December 25 (https://app.notion.com/p/December-25-1680423c1426803f85ceedf0b2210a9c?pvs=21),Credit card
กระเพรากระด้ง,THB 77.00,🍴Eating_DEC25 (https://app.notion.com/p/Eating_DEC25-1680423c1426803b847cea3f4ed0462a?pvs=21),No,"December 13, 2025",December 25 (https://app.notion.com/p/December-25-1680423c1426803f85ceedf0b2210a9c?pvs=21),Credit card
ชาบู,THB 99.00,🍴Eating_DEC25 (https://app.notion.com/p/Eating_DEC25-1680423c1426803b847cea3f4ed0462a?pvs=21),No,"December 13, 2025",December 25 (https://app.notion.com/p/December-25-1680423c1426803f85ceedf0b2210a9c?pvs=21),Online banking
กะเพรา,THB 38.50,🍴Eating_DEC25 (https://app.notion.com/p/Eating_DEC25-1680423c1426803b847cea3f4ed0462a?pvs=21),No,"December 15, 2025",December 25 (https://app.notion.com/p/December-25-1680423c1426803f85ceedf0b2210a9c?pvs=21),Online banking
สุกี้สยาม,THB 75.00,🍴Eating_DEC25 (https://app.notion.com/p/Eating_DEC25-1680423c1426803b847cea3f4ed0462a?pvs=21),No,"December 16, 2025",December 25 (https://app.notion.com/p/December-25-1680423c1426803f85ceedf0b2210a9c?pvs=21),Online banking
น้ำยาบ้วนปาก,THB 209.00,🛍️Shopping_DEC25 (https://app.notion.com/p/Shopping_DEC25-1680423c14268008b49fe7583b483bfc?pvs=21),No,"December 16, 2025",December 25 (https://app.notion.com/p/December-25-1680423c1426803f85ceedf0b2210a9c?pvs=21),Online banking
นมมันนัว,THB 87.00,🍴Eating_DEC25 (https://app.notion.com/p/Eating_DEC25-1680423c1426803b847cea3f4ed0462a?pvs=21),No,"December 16, 2025",December 25 (https://app.notion.com/p/December-25-1680423c1426803f85ceedf0b2210a9c?pvs=21),Online banking
Soy protein,THB 984.00,🍴Eating_DEC25 (https://app.notion.com/p/Eating_DEC25-1680423c1426803b847cea3f4ed0462a?pvs=21),No,"December 17, 2025",December 25 (https://app.notion.com/p/December-25-1680423c1426803f85ceedf0b2210a9c?pvs=21),Credit card
Potto,THB 99.00,🍴Eating_DEC25 (https://app.notion.com/p/Eating_DEC25-1680423c1426803b847cea3f4ed0462a?pvs=21),No,"December 17, 2025",December 25 (https://app.notion.com/p/December-25-1680423c1426803f85ceedf0b2210a9c?pvs=21),Online banking
กระเพรา,THB 80.00,🍴Eating_DEC25 (https://app.notion.com/p/Eating_DEC25-1680423c1426803b847cea3f4ed0462a?pvs=21),No,"December 18, 2025",December 25 (https://app.notion.com/p/December-25-1680423c1426803f85ceedf0b2210a9c?pvs=21),Online banking
Ginger farm,THB 381.00,🍴Eating_DEC25 (https://app.notion.com/p/Eating_DEC25-1680423c1426803b847cea3f4ed0462a?pvs=21),No,"December 18, 2025",December 25 (https://app.notion.com/p/December-25-1680423c1426803f85ceedf0b2210a9c?pvs=21),Online banking
กระเพรา,THB 38.50,🍴Eating_DEC25 (https://app.notion.com/p/Eating_DEC25-1680423c1426803b847cea3f4ed0462a?pvs=21),No,"December 19, 2025",December 25 (https://app.notion.com/p/December-25-1680423c1426803f85ceedf0b2210a9c?pvs=21),Online banking
สเต๊กเด็กแนว,THB 61.50,🍴Eating_DEC25 (https://app.notion.com/p/Eating_DEC25-1680423c1426803b847cea3f4ed0462a?pvs=21),No,"December 19, 2025",December 25 (https://app.notion.com/p/December-25-1680423c1426803f85ceedf0b2210a9c?pvs=21),Online banking
ของจับฉลาก,THB 276.00,❤️Lover_DEC25 (https://app.notion.com/p/Lover_DEC25-1680423c1426800799c6ed834228fb79?pvs=21),No,"December 19, 2025",December 25 (https://app.notion.com/p/December-25-1680423c1426803f85ceedf0b2210a9c?pvs=21),Credit card
ไก่กรอบ ไข่ข้น,THB 44.50,🍴Eating_DEC25 (https://app.notion.com/p/Eating_DEC25-1680423c1426803b847cea3f4ed0462a?pvs=21),No,"December 20, 2025",December 25 (https://app.notion.com/p/December-25-1680423c1426803f85ceedf0b2210a9c?pvs=21),Online banking
Roastniyom,THB 145.00,🍴Eating_DEC25 (https://app.notion.com/p/Eating_DEC25-1680423c1426803b847cea3f4ed0462a?pvs=21),No,"December 20, 2025",December 25 (https://app.notion.com/p/December-25-1680423c1426803f85ceedf0b2210a9c?pvs=21),Online banking
ของฝากปีใหม่,THB 963.00,❤️Lover_DEC25 (https://app.notion.com/p/Lover_DEC25-1680423c1426800799c6ed834228fb79?pvs=21),No,"December 20, 2025",December 25 (https://app.notion.com/p/December-25-1680423c1426803f85ceedf0b2210a9c?pvs=21),Credit card
กระเพรา,THB 32.50,🍴Eating_DEC25 (https://app.notion.com/p/Eating_DEC25-1680423c1426803b847cea3f4ed0462a?pvs=21),No,"December 21, 2025",December 25 (https://app.notion.com/p/December-25-1680423c1426803f85ceedf0b2210a9c?pvs=21),Online banking
สุกี้แห้ง,THB 32.50,🍴Eating_DEC25 (https://app.notion.com/p/Eating_DEC25-1680423c1426803b847cea3f4ed0462a?pvs=21),No,"December 21, 2025",December 25 (https://app.notion.com/p/December-25-1680423c1426803f85ceedf0b2210a9c?pvs=21),Online banking
กาดพยบ.,THB 47.50,🍴Eating_DEC25 (https://app.notion.com/p/Eating_DEC25-1680423c1426803b847cea3f4ed0462a?pvs=21),No,"December 22, 2025",December 25 (https://app.notion.com/p/December-25-1680423c1426803f85ceedf0b2210a9c?pvs=21),Online banking
พ็อตโต๊ะ,THB 99.00,🍴Eating_DEC25 (https://app.notion.com/p/Eating_DEC25-1680423c1426803b847cea3f4ed0462a?pvs=21),No,"December 22, 2025",December 25 (https://app.notion.com/p/December-25-1680423c1426803f85ceedf0b2210a9c?pvs=21),Online banking
สลัด อกไก่,THB 80.00,🍴Eating_DEC25 (https://app.notion.com/p/Eating_DEC25-1680423c1426803b847cea3f4ed0462a?pvs=21),No,"December 23, 2025",December 25 (https://app.notion.com/p/December-25-1680423c1426803f85ceedf0b2210a9c?pvs=21),Online banking
ค่ายา,THB 50.00,💊Health & Fitness_DEC25 (https://app.notion.com/p/Health-Fitness_DEC25-1680423c142680e5b582dc5213083bc9?pvs=21),No,"December 24, 2025",December 25 (https://app.notion.com/p/December-25-1680423c1426803f85ceedf0b2210a9c?pvs=21),Online banking
Thymetime,THB 300.00,🍴Eating_DEC25 (https://app.notion.com/p/Eating_DEC25-1680423c1426803b847cea3f4ed0462a?pvs=21),No,"December 24, 2025",December 25 (https://app.notion.com/p/December-25-1680423c1426803f85ceedf0b2210a9c?pvs=21),Online banking
แมคโดนอล,THB 119.00,🍴Eating_DEC25 (https://app.notion.com/p/Eating_DEC25-1680423c1426803b847cea3f4ed0462a?pvs=21),No,"December 25, 2025",December 25 (https://app.notion.com/p/December-25-1680423c1426803f85ceedf0b2210a9c?pvs=21),Online banking
Sizzler,THB 206.00,🍴Eating_DEC25 (https://app.notion.com/p/Eating_DEC25-1680423c1426803b847cea3f4ed0462a?pvs=21),No,"December 26, 2025",December 25 (https://app.notion.com/p/December-25-1680423c1426803f85ceedf0b2210a9c?pvs=21),Credit card
ที่พัก LKN resident,"THB 2,124.79",✈️Travel_DEC25 (https://app.notion.com/p/Travel_DEC25-1680423c14268081aa5fddf8bafbc946?pvs=21),Yes,"January 23, 2026 → January 25, 2026",December 25 (https://app.notion.com/p/December-25-1680423c1426803f85ceedf0b2210a9c?pvs=21),Credit card
Piang,THB 165.00,🍴Eating_DEC25 (https://app.notion.com/p/Eating_DEC25-1680423c1426803b847cea3f4ed0462a?pvs=21),No,"December 27, 2025",December 25 (https://app.notion.com/p/December-25-1680423c1426803f85ceedf0b2210a9c?pvs=21),Online banking
Sasaki,THB 49.00,🍴Eating_DEC25 (https://app.notion.com/p/Eating_DEC25-1680423c1426803b847cea3f4ed0462a?pvs=21),No,"December 27, 2025",December 25 (https://app.notion.com/p/December-25-1680423c1426803f85ceedf0b2210a9c?pvs=21),Online banking
KFC,THB 309.00,🍴Eating_DEC25 (https://app.notion.com/p/Eating_DEC25-1680423c1426803b847cea3f4ed0462a?pvs=21),No,"December 27, 2025",December 25 (https://app.notion.com/p/December-25-1680423c1426803f85ceedf0b2210a9c?pvs=21),Online banking
ขนมจีบ,THB 50.00,🍴Eating_DEC25 (https://app.notion.com/p/Eating_DEC25-1680423c1426803b847cea3f4ed0462a?pvs=21),No,"December 28, 2025",December 25 (https://app.notion.com/p/December-25-1680423c1426803f85ceedf0b2210a9c?pvs=21),Online banking
สะพานซากุระ,THB 100.00,✈️Travel_DEC25 (https://app.notion.com/p/Travel_DEC25-1680423c14268081aa5fddf8bafbc946?pvs=21),No,"December 28, 2025",December 25 (https://app.notion.com/p/December-25-1680423c1426803f85ceedf0b2210a9c?pvs=21),Online banking
กาแฟโปโป,THB 60.00,🍴Eating_DEC25 (https://app.notion.com/p/Eating_DEC25-1680423c1426803b847cea3f4ed0462a?pvs=21),No,"December 28, 2025",December 25 (https://app.notion.com/p/December-25-1680423c1426803f85ceedf0b2210a9c?pvs=21),Online banking
กับข้าวบ้านสวน,THB 210.00,🍴Eating_DEC25 (https://app.notion.com/p/Eating_DEC25-1680423c1426803b847cea3f4ed0462a?pvs=21),No,"December 28, 2025",December 25 (https://app.notion.com/p/December-25-1680423c1426803f85ceedf0b2210a9c?pvs=21),Online banking
Tumbler,THB 60.00,🍴Eating_DEC25 (https://app.notion.com/p/Eating_DEC25-1680423c1426803b847cea3f4ed0462a?pvs=21),No,"December 29, 2025",December 25 (https://app.notion.com/p/December-25-1680423c1426803f85ceedf0b2210a9c?pvs=21),Online banking
Salad khunnai,THB 137.00,🍴Eating_DEC25 (https://app.notion.com/p/Eating_DEC25-1680423c1426803b847cea3f4ed0462a?pvs=21),No,"December 29, 2025",December 25 (https://app.notion.com/p/December-25-1680423c1426803f85ceedf0b2210a9c?pvs=21),Credit card
ด้งเจริญ,THB 149.00,🍴Eating_DEC25 (https://app.notion.com/p/Eating_DEC25-1680423c1426803b847cea3f4ed0462a?pvs=21),No,"December 30, 2025",December 25 (https://app.notion.com/p/December-25-1680423c1426803f85ceedf0b2210a9c?pvs=21),Online banking
Oil,THB 540.00,🛢️Transportation_DEC25 (https://app.notion.com/p/Transportation_DEC25-1680423c14268042abdac080044db7e4?pvs=21),No,"December 31, 2025",December 25 (https://app.notion.com/p/December-25-1680423c1426803f85ceedf0b2210a9c?pvs=21),Credit card
ร้านส้มตำ,THB 208.00,🍴Eating_DEC25 (https://app.notion.com/p/Eating_DEC25-1680423c1426803b847cea3f4ed0462a?pvs=21),No,"December 31, 2025",December 25 (https://app.notion.com/p/December-25-1680423c1426803f85ceedf0b2210a9c?pvs=21),Online banking
Case  มือถือแม่,THB 88.00,❤️Lover_DEC25 (https://app.notion.com/p/Lover_DEC25-1680423c1426800799c6ed834228fb79?pvs=21),No,"December 31, 2025",December 25 (https://app.notion.com/p/December-25-1680423c1426803f85ceedf0b2210a9c?pvs=21),Credit card
Seven,THB 117.00,🍴Eating_DEC25 (https://app.notion.com/p/Eating_DEC25-1680423c1426803b847cea3f4ed0462a?pvs=21),No,"December 31, 2025",December 25 (https://app.notion.com/p/December-25-1680423c1426803f85ceedf0b2210a9c?pvs=21),Online banking
หญ้าแมว,THB 118.00,🐱Cat_JAN26 (https://app.notion.com/p/Cat_JAN26-2c90423c142680139b81c1ed4f1e846a?pvs=21),No,"January 1, 2026",January 26 (https://app.notion.com/p/January-26-2c90423c142680648023f35f261f33f3?pvs=21),Credit card
หอมเชย,THB 294.00,🍴Eating_JAN26 (https://app.notion.com/p/Eating_JAN26-2c90423c142680c7b48eea71d7e2479f?pvs=21),No,"January 1, 2026",January 26 (https://app.notion.com/p/January-26-2c90423c142680648023f35f261f33f3?pvs=21),Online banking
ไก่ปิ้ง หมูปิ้ง,THB 50.00,🍴Eating_JAN26 (https://app.notion.com/p/Eating_JAN26-2c90423c142680c7b48eea71d7e2479f?pvs=21),No,"January 1, 2026",January 26 (https://app.notion.com/p/January-26-2c90423c142680648023f35f261f33f3?pvs=21),Online banking
เจ๊แฮ,THB 360.00,🍴Eating_JAN26 (https://app.notion.com/p/Eating_JAN26-2c90423c142680c7b48eea71d7e2479f?pvs=21),No,"January 2, 2026",January 26 (https://app.notion.com/p/January-26-2c90423c142680648023f35f261f33f3?pvs=21),Online banking
Oil,THB 670.00,🛢️Transportation_JAN26 (https://app.notion.com/p/Transportation_JAN26-2c90423c142680c094bfe32cc69161ed?pvs=21),No,"January 3, 2026",January 26 (https://app.notion.com/p/January-26-2c90423c142680648023f35f261f33f3?pvs=21),Credit card
EWA,THB 725.00,📖Education_JAN26 (https://app.notion.com/p/Education_JAN26-2c90423c1426802ba85dd650fa72ad95?pvs=21),No,"January 3, 2026",January 26 (https://app.notion.com/p/January-26-2c90423c142680648023f35f261f33f3?pvs=21),Credit card
Potto,THB 99.00,🍴Eating_JAN26 (https://app.notion.com/p/Eating_JAN26-2c90423c142680c7b48eea71d7e2479f?pvs=21),No,"January 3, 2026",January 26 (https://app.notion.com/p/January-26-2c90423c142680648023f35f261f33f3?pvs=21),Online banking
Nomberone,THB 80.00,🍴Eating_JAN26 (https://app.notion.com/p/Eating_JAN26-2c90423c142680c7b48eea71d7e2479f?pvs=21),No,"January 3, 2026",January 26 (https://app.notion.com/p/January-26-2c90423c142680648023f35f261f33f3?pvs=21),Online banking
Food,THB 190.00,🍴Eating_JAN26 (https://app.notion.com/p/Eating_JAN26-2c90423c142680c7b48eea71d7e2479f?pvs=21),No,"January 4, 2026",January 26 (https://app.notion.com/p/January-26-2c90423c142680648023f35f261f33f3?pvs=21),Online banking
กระเพรา,THB 82.00,🍴Eating_JAN26 (https://app.notion.com/p/Eating_JAN26-2c90423c142680c7b48eea71d7e2479f?pvs=21),No,"January 4, 2026",January 26 (https://app.notion.com/p/January-26-2c90423c142680648023f35f261f33f3?pvs=21),Credit card
กระเพรา,THB 55.00,🍴Eating_JAN26 (https://app.notion.com/p/Eating_JAN26-2c90423c142680c7b48eea71d7e2479f?pvs=21),No,"January 5, 2026",January 26 (https://app.notion.com/p/January-26-2c90423c142680648023f35f261f33f3?pvs=21),Online banking
Americano,THB 120.00,🍴Eating_JAN26 (https://app.notion.com/p/Eating_JAN26-2c90423c142680c7b48eea71d7e2479f?pvs=21),No,"January 5, 2026",January 26 (https://app.notion.com/p/January-26-2c90423c142680648023f35f261f33f3?pvs=21),Online banking
India,THB 89.00,🍴Eating_JAN26 (https://app.notion.com/p/Eating_JAN26-2c90423c142680c7b48eea71d7e2479f?pvs=21),No,"January 5, 2026",January 26 (https://app.notion.com/p/January-26-2c90423c142680648023f35f261f33f3?pvs=21),Credit card
หมาล่า,THB 118.00,🍴Eating_JAN26 (https://app.notion.com/p/Eating_JAN26-2c90423c142680c7b48eea71d7e2479f?pvs=21),No,"January 6, 2026",January 26 (https://app.notion.com/p/January-26-2c90423c142680648023f35f261f33f3?pvs=21),Online banking
Food,THB 32.00,🍴Eating_JAN26 (https://app.notion.com/p/Eating_JAN26-2c90423c142680c7b48eea71d7e2479f?pvs=21),No,"January 6, 2026",January 26 (https://app.notion.com/p/January-26-2c90423c142680648023f35f261f33f3?pvs=21),Online banking
กาแฟ + ข้าว,THB 103.00,🍴Eating_JAN26 (https://app.notion.com/p/Eating_JAN26-2c90423c142680c7b48eea71d7e2479f?pvs=21),No,"January 7, 2026",January 26 (https://app.notion.com/p/January-26-2c90423c142680648023f35f261f33f3?pvs=21),Online banking
สุกี้ช้างเผือก,THB 76.00,🍴Eating_JAN26 (https://app.notion.com/p/Eating_JAN26-2c90423c142680c7b48eea71d7e2479f?pvs=21),No,"January 7, 2026",January 26 (https://app.notion.com/p/January-26-2c90423c142680648023f35f261f33f3?pvs=21),Credit card
ฉู่ฉี่ไข่เจียว,THB 65.00,🍴Eating_JAN26 (https://app.notion.com/p/Eating_JAN26-2c90423c142680c7b48eea71d7e2479f?pvs=21),No,"January 8, 2026",January 26 (https://app.notion.com/p/January-26-2c90423c142680648023f35f261f33f3?pvs=21),Online banking
Food,THB 45.00,🍴Eating_JAN26 (https://app.notion.com/p/Eating_JAN26-2c90423c142680c7b48eea71d7e2479f?pvs=21),No,"January 8, 2026",January 26 (https://app.notion.com/p/January-26-2c90423c142680648023f35f261f33f3?pvs=21),Online banking
Salad khunnai,THB 97.00,🍴Eating_JAN26 (https://app.notion.com/p/Eating_JAN26-2c90423c142680c7b48eea71d7e2479f?pvs=21),No,"January 8, 2026",January 26 (https://app.notion.com/p/January-26-2c90423c142680648023f35f261f33f3?pvs=21),Credit card
อองตอง,THB 109.00,🍴Eating_JAN26 (https://app.notion.com/p/Eating_JAN26-2c90423c142680c7b48eea71d7e2479f?pvs=21),No,"January 9, 2026",January 26 (https://app.notion.com/p/January-26-2c90423c142680648023f35f261f33f3?pvs=21),Online banking
ชาดำน้ำผึ้งมะนาว,THB 65.00,🍴Eating_JAN26 (https://app.notion.com/p/Eating_JAN26-2c90423c142680c7b48eea71d7e2479f?pvs=21),No,"January 9, 2026",January 26 (https://app.notion.com/p/January-26-2c90423c142680648023f35f261f33f3?pvs=21),Online banking
Katsudon,THB 109.00,🍴Eating_JAN26 (https://app.notion.com/p/Eating_JAN26-2c90423c142680c7b48eea71d7e2479f?pvs=21),No,"January 9, 2026",January 26 (https://app.notion.com/p/January-26-2c90423c142680648023f35f261f33f3?pvs=21),Credit card
กระเพรา,THB 64.00,🍴Eating_JAN26 (https://app.notion.com/p/Eating_JAN26-2c90423c142680c7b48eea71d7e2479f?pvs=21),No,"January 10, 2026",January 26 (https://app.notion.com/p/January-26-2c90423c142680648023f35f261f33f3?pvs=21),Credit card
เมล็ดกาแฟ กระดาษกรอง,THB 708.00,🛍️Shopping_JAN26 (https://app.notion.com/p/Shopping_JAN26-2c90423c14268095acecd0f5f0cb122e?pvs=21),No,"January 10, 2026",January 26 (https://app.notion.com/p/January-26-2c90423c142680648023f35f261f33f3?pvs=21),Credit card
ไก่กรอบไข่ข้น,THB 69.00,🍴Eating_JAN26 (https://app.notion.com/p/Eating_JAN26-2c90423c142680c7b48eea71d7e2479f?pvs=21),No,"January 10, 2026",January 26 (https://app.notion.com/p/January-26-2c90423c142680648023f35f261f33f3?pvs=21),Credit card
กะเพราไก่ กาแฟ,THB 83.00,🍴Eating_JAN26 (https://app.notion.com/p/Eating_JAN26-2c90423c142680c7b48eea71d7e2479f?pvs=21),No,"January 11, 2026",January 26 (https://app.notion.com/p/January-26-2c90423c142680648023f35f261f33f3?pvs=21),Credit card
สลัดฟาร์ม,THB 80.00,🍴Eating_JAN26 (https://app.notion.com/p/Eating_JAN26-2c90423c142680c7b48eea71d7e2479f?pvs=21),No,"January 11, 2026",January 26 (https://app.notion.com/p/January-26-2c90423c142680648023f35f261f33f3?pvs=21),Credit card
ปลาแกะ น้ำเปล่า,THB 60.00,🍴Eating_JAN26 (https://app.notion.com/p/Eating_JAN26-2c90423c142680c7b48eea71d7e2479f?pvs=21),No,"January 12, 2026",January 26 (https://app.notion.com/p/January-26-2c90423c142680648023f35f261f33f3?pvs=21),Online banking
ซันไลท์ ทิชชู่,THB 122.00,🛍️Shopping_JAN26 (https://app.notion.com/p/Shopping_JAN26-2c90423c14268095acecd0f5f0cb122e?pvs=21),No,"January 12, 2026",January 26 (https://app.notion.com/p/January-26-2c90423c142680648023f35f261f33f3?pvs=21),Online banking
Salad khunnai,THB 124.00,🍴Eating_JAN26 (https://app.notion.com/p/Eating_JAN26-2c90423c142680c7b48eea71d7e2479f?pvs=21),No,"January 12, 2026",January 26 (https://app.notion.com/p/January-26-2c90423c142680648023f35f261f33f3?pvs=21),Credit card
Salad,THB 80.00,🍴Eating_JAN26 (https://app.notion.com/p/Eating_JAN26-2c90423c142680c7b48eea71d7e2479f?pvs=21),No,"January 13, 2026",January 26 (https://app.notion.com/p/January-26-2c90423c142680648023f35f261f33f3?pvs=21),Online banking
Tumbler เลี้ยง electice,THB 120.00,🍴Eating_JAN26 (https://app.notion.com/p/Eating_JAN26-2c90423c142680c7b48eea71d7e2479f?pvs=21),No,"January 13, 2026",January 26 (https://app.notion.com/p/January-26-2c90423c142680648023f35f261f33f3?pvs=21),Online banking
Food,THB 109.60,🍴Eating_JAN26 (https://app.notion.com/p/Eating_JAN26-2c90423c142680c7b48eea71d7e2479f?pvs=21),No,"January 13, 2026",January 26 (https://app.notion.com/p/January-26-2c90423c142680648023f35f261f33f3?pvs=21),Credit card
ข้าว OR,THB 52.00,🍴Eating_JAN26 (https://app.notion.com/p/Eating_JAN26-2c90423c142680c7b48eea71d7e2479f?pvs=21),No,"January 14, 2026",January 26 (https://app.notion.com/p/January-26-2c90423c142680648023f35f261f33f3?pvs=21),Online banking
ฝรั่ง,THB 35.00,🍴Eating_JAN26 (https://app.notion.com/p/Eating_JAN26-2c90423c142680c7b48eea71d7e2479f?pvs=21),No,"January 14, 2026",January 26 (https://app.notion.com/p/January-26-2c90423c142680648023f35f261f33f3?pvs=21),Online banking
กระเพรา,THB 52.00,🍴Eating_JAN26 (https://app.notion.com/p/Eating_JAN26-2c90423c142680c7b48eea71d7e2479f?pvs=21),No,"January 14, 2026",January 26 (https://app.notion.com/p/January-26-2c90423c142680648023f35f261f33f3?pvs=21),Credit card
กระเพรา,THB 47.00,🍴Eating_JAN26 (https://app.notion.com/p/Eating_JAN26-2c90423c142680c7b48eea71d7e2479f?pvs=21),No,"January 15, 2026",January 26 (https://app.notion.com/p/January-26-2c90423c142680648023f35f261f33f3?pvs=21),Online banking
Tumbler,THB 60.00,🍴Eating_JAN26 (https://app.notion.com/p/Eating_JAN26-2c90423c142680c7b48eea71d7e2479f?pvs=21),No,"January 15, 2026",January 26 (https://app.notion.com/p/January-26-2c90423c142680648023f35f261f33f3?pvs=21),Online banking
สลัดฟาร์ม,THB 86.00,🍴Eating_JAN26 (https://app.notion.com/p/Eating_JAN26-2c90423c142680c7b48eea71d7e2479f?pvs=21),No,"January 15, 2026",January 26 (https://app.notion.com/p/January-26-2c90423c142680648023f35f261f33f3?pvs=21),Credit card
กาแฟ,THB 75.00,🍴Eating_JAN26 (https://app.notion.com/p/Eating_JAN26-2c90423c142680c7b48eea71d7e2479f?pvs=21),No,"January 16, 2026",January 26 (https://app.notion.com/p/January-26-2c90423c142680648023f35f261f33f3?pvs=21),Online banking
Food,THB 81.00,🍴Eating_JAN26 (https://app.notion.com/p/Eating_JAN26-2c90423c142680c7b48eea71d7e2479f?pvs=21),No,"January 16, 2026",January 26 (https://app.notion.com/p/January-26-2c90423c142680648023f35f261f33f3?pvs=21),Online banking
ข้าวไก่ทอด,THB 66.00,🍴Eating_JAN26 (https://app.notion.com/p/Eating_JAN26-2c90423c142680c7b48eea71d7e2479f?pvs=21),No,"January 16, 2026",January 26 (https://app.notion.com/p/January-26-2c90423c142680648023f35f261f33f3?pvs=21),Credit card
กระเพราด้ง,THB 55.00,🍴Eating_JAN26 (https://app.notion.com/p/Eating_JAN26-2c90423c142680c7b48eea71d7e2479f?pvs=21),No,"January 17, 2026",January 26 (https://app.notion.com/p/January-26-2c90423c142680648023f35f261f33f3?pvs=21),Online banking
ห่อหมกทะเล,THB 69.00,🍴Eating_JAN26 (https://app.notion.com/p/Eating_JAN26-2c90423c142680c7b48eea71d7e2479f?pvs=21),No,"January 17, 2026",January 26 (https://app.notion.com/p/January-26-2c90423c142680648023f35f261f33f3?pvs=21),Credit card
คะน้าหมูกรอบ,THB 75.00,🍴Eating_JAN26 (https://app.notion.com/p/Eating_JAN26-2c90423c142680c7b48eea71d7e2479f?pvs=21),No,"January 18, 2026",January 26 (https://app.notion.com/p/January-26-2c90423c142680648023f35f261f33f3?pvs=21),Online banking
ตัดผม,THB 138.00,💊Health & Fitness_JAN26 (https://app.notion.com/p/Health-Fitness_JAN26-2c90423c142680cd9c6dcfe727a8c24c?pvs=21),No,"January 18, 2026",January 26 (https://app.notion.com/p/January-26-2c90423c142680648023f35f261f33f3?pvs=21),Online banking
Oil,THB 80.00,🛢️Transportation_JAN26 (https://app.notion.com/p/Transportation_JAN26-2c90423c142680c094bfe32cc69161ed?pvs=21),No,"January 18, 2026",January 26 (https://app.notion.com/p/January-26-2c90423c142680648023f35f261f33f3?pvs=21),Online banking
Food,THB 43.25,🍴Eating_JAN26 (https://app.notion.com/p/Eating_JAN26-2c90423c142680c7b48eea71d7e2479f?pvs=21),No,"January 18, 2026",January 26 (https://app.notion.com/p/January-26-2c90423c142680648023f35f261f33f3?pvs=21),Online banking
Genshin,THB 109.94,🎮Entertainment_JAN26 (https://app.notion.com/p/Entertainment_JAN26-2c90423c142680f9bbceee354e8ad111?pvs=21),No,"January 18, 2026",January 26 (https://app.notion.com/p/January-26-2c90423c142680648023f35f261f33f3?pvs=21),Online banking
Yuzu vaccine,THB 290.00,🐱Cat_JAN26 (https://app.notion.com/p/Cat_JAN26-2c90423c142680139b81c1ed4f1e846a?pvs=21),No,"January 18, 2026",January 26 (https://app.notion.com/p/January-26-2c90423c142680648023f35f261f33f3?pvs=21),Online banking
สเต๊ก,THB 100.40,🍴Eating_JAN26 (https://app.notion.com/p/Eating_JAN26-2c90423c142680c7b48eea71d7e2479f?pvs=21),No,"January 18, 2026",January 26 (https://app.notion.com/p/January-26-2c90423c142680648023f35f261f33f3?pvs=21),Credit card
เมดเทค,THB 55.00,🍴Eating_JAN26 (https://app.notion.com/p/Eating_JAN26-2c90423c142680c7b48eea71d7e2479f?pvs=21),No,"January 19, 2026",January 26 (https://app.notion.com/p/January-26-2c90423c142680648023f35f261f33f3?pvs=21),Online banking
Food,THB 72.00,🍴Eating_JAN26 (https://app.notion.com/p/Eating_JAN26-2c90423c142680c7b48eea71d7e2479f?pvs=21),No,"January 19, 2026",January 26 (https://app.notion.com/p/January-26-2c90423c142680648023f35f261f33f3?pvs=21),Credit card
Food,THB 100.00,🍴Eating_JAN26 (https://app.notion.com/p/Eating_JAN26-2c90423c142680c7b48eea71d7e2479f?pvs=21),No,"January 20, 2026",January 26 (https://app.notion.com/p/January-26-2c90423c142680648023f35f261f33f3?pvs=21),Online banking
นมัสเต,THB 83.00,🍴Eating_JAN26 (https://app.notion.com/p/Eating_JAN26-2c90423c142680c7b48eea71d7e2479f?pvs=21),No,"January 20, 2026",January 26 (https://app.notion.com/p/January-26-2c90423c142680648023f35f261f33f3?pvs=21),Credit card
Food,THB 40.00,🍴Eating_JAN26 (https://app.notion.com/p/Eating_JAN26-2c90423c142680c7b48eea71d7e2479f?pvs=21),No,"January 21, 2026",January 26 (https://app.notion.com/p/January-26-2c90423c142680648023f35f261f33f3?pvs=21),Online banking
Food,THB 60.00,🍴Eating_JAN26 (https://app.notion.com/p/Eating_JAN26-2c90423c142680c7b48eea71d7e2479f?pvs=21),No,"January 21, 2026",January 26 (https://app.notion.com/p/January-26-2c90423c142680648023f35f261f33f3?pvs=21),Online banking
Food,THB 52.00,🍴Eating_JAN26 (https://app.notion.com/p/Eating_JAN26-2c90423c142680c7b48eea71d7e2479f?pvs=21),No,"January 21, 2026",January 26 (https://app.notion.com/p/January-26-2c90423c142680648023f35f261f33f3?pvs=21),Credit card
สลัด,THB 89.00,🍴Eating_JAN26 (https://app.notion.com/p/Eating_JAN26-2c90423c142680c7b48eea71d7e2479f?pvs=21),No,"January 22, 2026",January 26 (https://app.notion.com/p/January-26-2c90423c142680648023f35f261f33f3?pvs=21),Online banking
ขูดหินปูน,THB 900.00,💊Health & Fitness_JAN26 (https://app.notion.com/p/Health-Fitness_JAN26-2c90423c142680cd9c6dcfe727a8c24c?pvs=21),No,"January 22, 2026",January 26 (https://app.notion.com/p/January-26-2c90423c142680648023f35f261f33f3?pvs=21),Online banking
ไก่ทอด,THB 91.00,🍴Eating_JAN26 (https://app.notion.com/p/Eating_JAN26-2c90423c142680c7b48eea71d7e2479f?pvs=21),No,"January 22, 2026",January 26 (https://app.notion.com/p/January-26-2c90423c142680648023f35f261f33f3?pvs=21),Credit card
Food,THB 48.00,🍴Eating_JAN26 (https://app.notion.com/p/Eating_JAN26-2c90423c142680c7b48eea71d7e2479f?pvs=21),No,"January 23, 2026",January 26 (https://app.notion.com/p/January-26-2c90423c142680648023f35f261f33f3?pvs=21),Credit card
Bolt,THB 84.00,🛢️Transportation_JAN26 (https://app.notion.com/p/Transportation_JAN26-2c90423c142680c094bfe32cc69161ed?pvs=21),No,"January 23, 2026",January 26 (https://app.notion.com/p/January-26-2c90423c142680648023f35f261f33f3?pvs=21),Credit card
A1 BTS rabbit card,THB 207.00,🛢️Transportation_JAN26 (https://app.notion.com/p/Transportation_JAN26-2c90423c142680c094bfe32cc69161ed?pvs=21),No,"January 23, 2026",January 26 (https://app.notion.com/p/January-26-2c90423c142680648023f35f261f33f3?pvs=21),Online banking
Kate Teaw,THB 292.60,🍴Eating_JAN26 (https://app.notion.com/p/Eating_JAN26-2c90423c142680c7b48eea71d7e2479f?pvs=21),No,"January 23, 2026",January 26 (https://app.notion.com/p/January-26-2c90423c142680648023f35f261f33f3?pvs=21),Online banking
Auntie anne,THB 90.00,🍴Eating_JAN26 (https://app.notion.com/p/Eating_JAN26-2c90423c142680c7b48eea71d7e2479f?pvs=21),No,"January 23, 2026",January 26 (https://app.notion.com/p/January-26-2c90423c142680648023f35f261f33f3?pvs=21),Online banking
Koi the,THB 295.00,🍴Eating_JAN26 (https://app.notion.com/p/Eating_JAN26-2c90423c142680c7b48eea71d7e2479f?pvs=21),No,"January 23, 2026",January 26 (https://app.notion.com/p/January-26-2c90423c142680648023f35f261f33f3?pvs=21),Online banking
เซเว่น,THB 58.00,🍴Eating_JAN26 (https://app.notion.com/p/Eating_JAN26-2c90423c142680c7b48eea71d7e2479f?pvs=21),No,"January 23, 2026",January 26 (https://app.notion.com/p/January-26-2c90423c142680648023f35f261f33f3?pvs=21),Online banking
Seven,THB 46.00,🍴Eating_JAN26 (https://app.notion.com/p/Eating_JAN26-2c90423c142680c7b48eea71d7e2479f?pvs=21),No,"January 24, 2026",January 26 (https://app.notion.com/p/January-26-2c90423c142680648023f35f261f33f3?pvs=21),Online banking
BTS,THB 98.00,🛢️Transportation_JAN26 (https://app.notion.com/p/Transportation_JAN26-2c90423c142680c094bfe32cc69161ed?pvs=21),No,"January 24, 2026",January 26 (https://app.notion.com/p/January-26-2c90423c142680648023f35f261f33f3?pvs=21),Online banking
Hachiban,THB 256.00,🍴Eating_JAN26 (https://app.notion.com/p/Eating_JAN26-2c90423c142680c7b48eea71d7e2479f?pvs=21),No,"January 24, 2026",January 26 (https://app.notion.com/p/January-26-2c90423c142680648023f35f261f33f3?pvs=21),Online banking
Don don doki,THB 337.00,🍴Eating_JAN26 (https://app.notion.com/p/Eating_JAN26-2c90423c142680c7b48eea71d7e2479f?pvs=21),No,"January 24, 2026",January 26 (https://app.notion.com/p/January-26-2c90423c142680648023f35f261f33f3?pvs=21),Online banking
Maji curry,THB 295.00,🍴Eating_JAN26 (https://app.notion.com/p/Eating_JAN26-2c90423c142680c7b48eea71d7e2479f?pvs=21),No,"January 24, 2026",January 26 (https://app.notion.com/p/January-26-2c90423c142680648023f35f261f33f3?pvs=21),Online banking
ของขวัญ PP (case + moft),"THB 1,454.30",❤️Lover_JAN26 (https://app.notion.com/p/Lover_JAN26-2c90423c1426809ab234c2daf2194916?pvs=21),No,"January 24, 2026",January 26 (https://app.notion.com/p/January-26-2c90423c142680648023f35f261f33f3?pvs=21),Credit card
Tomtoc T66,"THB 2,290.00",🛍️Shopping_JAN26 (https://app.notion.com/p/Shopping_JAN26-2c90423c14268095acecd0f5f0cb122e?pvs=21),No,"January 24, 2026",January 26 (https://app.notion.com/p/January-26-2c90423c142680648023f35f261f33f3?pvs=21),Credit card
Food,THB 80.00,🍴Eating_JAN26 (https://app.notion.com/p/Eating_JAN26-2c90423c142680c7b48eea71d7e2479f?pvs=21),No,"January 25, 2026",January 26 (https://app.notion.com/p/January-26-2c90423c142680648023f35f261f33f3?pvs=21),Online banking
Casa lapin,THB 60.00,🍴Eating_JAN26 (https://app.notion.com/p/Eating_JAN26-2c90423c142680c7b48eea71d7e2479f?pvs=21),No,"January 25, 2026",January 26 (https://app.notion.com/p/January-26-2c90423c142680648023f35f261f33f3?pvs=21),Online banking
หมอน ergotrend,"THB 1,124.00",🏠Home_JAN26 (https://app.notion.com/p/Home_JAN26-2c90423c1426809eb5b5de699e3dc302?pvs=21),No,"January 25, 2026",January 26 (https://app.notion.com/p/January-26-2c90423c142680648023f35f261f33f3?pvs=21),Credit card
Bolt,THB 132.00,🛢️Transportation_JAN26 (https://app.notion.com/p/Transportation_JAN26-2c90423c142680c094bfe32cc69161ed?pvs=21),No,"January 25, 2026",January 26 (https://app.notion.com/p/January-26-2c90423c142680648023f35f261f33f3?pvs=21),Credit card
BTS,THB 17.00,🛢️Transportation_JAN26 (https://app.notion.com/p/Transportation_JAN26-2c90423c142680c094bfe32cc69161ed?pvs=21),No,"January 25, 2026",January 26 (https://app.notion.com/p/January-26-2c90423c142680648023f35f261f33f3?pvs=21),Online banking
Seven,THB 132.50,🍴Eating_JAN26 (https://app.notion.com/p/Eating_JAN26-2c90423c142680c7b48eea71d7e2479f?pvs=21),No,"January 25, 2026",January 26 (https://app.notion.com/p/January-26-2c90423c142680648023f35f261f33f3?pvs=21),Online banking
Akiyoshi,THB 599.00,🍴Eating_JAN26 (https://app.notion.com/p/Eating_JAN26-2c90423c142680c7b48eea71d7e2479f?pvs=21),No,"January 26, 2026",January 26 (https://app.notion.com/p/January-26-2c90423c142680648023f35f261f33f3?pvs=21),Online banking
BTS,THB 53.00,🛢️Transportation_JAN26 (https://app.notion.com/p/Transportation_JAN26-2c90423c142680c094bfe32cc69161ed?pvs=21),No,"January 26, 2026",January 26 (https://app.notion.com/p/January-26-2c90423c142680648023f35f261f33f3?pvs=21),Online banking
Food,THB 150.00,🍴Eating_JAN26 (https://app.notion.com/p/Eating_JAN26-2c90423c142680c7b48eea71d7e2479f?pvs=21),No,"January 27, 2026",January 26 (https://app.notion.com/p/January-26-2c90423c142680648023f35f261f33f3?pvs=21),Online banking
เทียมทาน,THB 105.00,🍴Eating_JAN26 (https://app.notion.com/p/Eating_JAN26-2c90423c142680c7b48eea71d7e2479f?pvs=21),No,"January 27, 2026",January 26 (https://app.notion.com/p/January-26-2c90423c142680648023f35f261f33f3?pvs=21),Online banking
Don don donki,THB 69.00,🍴Eating_JAN26 (https://app.notion.com/p/Eating_JAN26-2c90423c142680c7b48eea71d7e2479f?pvs=21),No,"January 27, 2026",January 26 (https://app.notion.com/p/January-26-2c90423c142680648023f35f261f33f3?pvs=21),Online banking
BTS,THB 88.00,🛢️Transportation_JAN26 (https://app.notion.com/p/Transportation_JAN26-2c90423c142680c094bfe32cc69161ed?pvs=21),No,"January 27, 2026",January 26 (https://app.notion.com/p/January-26-2c90423c142680648023f35f261f33f3?pvs=21),Online banking
BTS + rail link,THB 62.00,🛢️Transportation_JAN26 (https://app.notion.com/p/Transportation_JAN26-2c90423c142680c094bfe32cc69161ed?pvs=21),No,"January 28, 2026",January 26 (https://app.notion.com/p/January-26-2c90423c142680648023f35f261f33f3?pvs=21),Online banking
ข้าวราดแกง,THB 50.00,🍴Eating_JAN26 (https://app.notion.com/p/Eating_JAN26-2c90423c142680c7b48eea71d7e2479f?pvs=21),No,"January 29, 2026",January 26 (https://app.notion.com/p/January-26-2c90423c142680648023f35f261f33f3?pvs=21),Online banking
Five star,THB 25.00,🍴Eating_JAN26 (https://app.notion.com/p/Eating_JAN26-2c90423c142680c7b48eea71d7e2479f?pvs=21),No,"January 29, 2026",January 26 (https://app.notion.com/p/January-26-2c90423c142680648023f35f261f33f3?pvs=21),Online banking
Salad khunnai,THB 139.00,🍴Eating_JAN26 (https://app.notion.com/p/Eating_JAN26-2c90423c142680c7b48eea71d7e2479f?pvs=21),No,"January 29, 2026",January 26 (https://app.notion.com/p/January-26-2c90423c142680648023f35f261f33f3?pvs=21),Credit card
กระเพราไข่ดาว,THB 52.00,🍴Eating_JAN26 (https://app.notion.com/p/Eating_JAN26-2c90423c142680c7b48eea71d7e2479f?pvs=21),No,"January 30, 2026",January 26 (https://app.notion.com/p/January-26-2c90423c142680648023f35f261f33f3?pvs=21),Online banking
Food,THB 68.00,🍴Eating_JAN26 (https://app.notion.com/p/Eating_JAN26-2c90423c142680c7b48eea71d7e2479f?pvs=21),No,"January 30, 2026",January 26 (https://app.notion.com/p/January-26-2c90423c142680648023f35f261f33f3?pvs=21),Credit card
BTS,THB 81.00,🛢️Transportation_JAN26 (https://app.notion.com/p/Transportation_JAN26-2c90423c142680c094bfe32cc69161ed?pvs=21),No,"January 30, 2026",January 26 (https://app.notion.com/p/January-26-2c90423c142680648023f35f261f33f3?pvs=21),Online banking
Food,THB 40.00,🍴Eating_JAN26 (https://app.notion.com/p/Eating_JAN26-2c90423c142680c7b48eea71d7e2479f?pvs=21),No,"January 31, 2026",January 26 (https://app.notion.com/p/January-26-2c90423c142680648023f35f261f33f3?pvs=21),Credit card
ไก่ทอดด,THB 86.00,🍴Eating_JAN26 (https://app.notion.com/p/Eating_JAN26-2c90423c142680c7b48eea71d7e2479f?pvs=21),No,"January 31, 2026",January 26 (https://app.notion.com/p/January-26-2c90423c142680648023f35f261f33f3?pvs=21),Credit card
Fitwhey,THB 594.00,🍴Eating_JAN26 (https://app.notion.com/p/Eating_JAN26-2c90423c142680c7b48eea71d7e2479f?pvs=21),No,"January 31, 2026",January 26 (https://app.notion.com/p/January-26-2c90423c142680648023f35f261f33f3?pvs=21),Credit card
กระเพราไข่ข้น,THB 70.00,🍴Eating_FEB26 (https://app.notion.com/p/Eating_FEB26-2c90423c1426801fb9a3cd25b2f6d9c7?pvs=21),No,"February 1, 2026",February 26 (https://app.notion.com/p/February-26-2c90423c142680cbb553dba809feb098?pvs=21),Credit card
สหภาพสเต๊ก,THB 114.40,🍴Eating_FEB26 (https://app.notion.com/p/Eating_FEB26-2c90423c1426801fb9a3cd25b2f6d9c7?pvs=21),No,"February 1, 2026",February 26 (https://app.notion.com/p/February-26-2c90423c142680cbb553dba809feb098?pvs=21),Credit card
ทรายแมว,THB 974.00,🐱Cat_FEB26 (https://app.notion.com/p/Cat_FEB26-2c90423c14268002bc9dc395ab7970b6?pvs=21),No,"February 2, 2026",February 26 (https://app.notion.com/p/February-26-2c90423c142680cbb553dba809feb098?pvs=21),Credit card
Food OR,THB 52.00,🍴Eating_FEB26 (https://app.notion.com/p/Eating_FEB26-2c90423c1426801fb9a3cd25b2f6d9c7?pvs=21),No,"February 2, 2026",February 26 (https://app.notion.com/p/February-26-2c90423c142680cbb553dba809feb098?pvs=21),Online banking
ด้งเจริญ,THB 109.00,🍴Eating_FEB26 (https://app.notion.com/p/Eating_FEB26-2c90423c1426801fb9a3cd25b2f6d9c7?pvs=21),No,"February 2, 2026",February 26 (https://app.notion.com/p/February-26-2c90423c142680cbb553dba809feb098?pvs=21),Credit card
สลัดฟาร์ม,THB 99.00,🍴Eating_FEB26 (https://app.notion.com/p/Eating_FEB26-2c90423c1426801fb9a3cd25b2f6d9c7?pvs=21),No,"February 3, 2026",February 26 (https://app.notion.com/p/February-26-2c90423c142680cbb553dba809feb098?pvs=21),Credit card
Mini story,THB 210.00,🍴Eating_FEB26 (https://app.notion.com/p/Eating_FEB26-2c90423c1426801fb9a3cd25b2f6d9c7?pvs=21),No,"February 4, 2026",February 26 (https://app.notion.com/p/February-26-2c90423c142680cbb553dba809feb098?pvs=21),Online banking
Food OR,THB 47.00,🍴Eating_FEB26 (https://app.notion.com/p/Eating_FEB26-2c90423c1426801fb9a3cd25b2f6d9c7?pvs=21),No,"February 4, 2026",February 26 (https://app.notion.com/p/February-26-2c90423c142680cbb553dba809feb098?pvs=21),Online banking
สหภาพสเต๊ก,THB 115.00,🍴Eating_FEB26 (https://app.notion.com/p/Eating_FEB26-2c90423c1426801fb9a3cd25b2f6d9c7?pvs=21),No,"February 4, 2026",February 26 (https://app.notion.com/p/February-26-2c90423c142680cbb553dba809feb098?pvs=21),Credit card
Food + ผลไม้,THB 65.00,🍴Eating_FEB26 (https://app.notion.com/p/Eating_FEB26-2c90423c1426801fb9a3cd25b2f6d9c7?pvs=21),No,"February 5, 2026",February 26 (https://app.notion.com/p/February-26-2c90423c142680cbb553dba809feb098?pvs=21),Online banking
กระเพรากระด้ง,THB 65.00,🍴Eating_FEB26 (https://app.notion.com/p/Eating_FEB26-2c90423c1426801fb9a3cd25b2f6d9c7?pvs=21),No,"February 5, 2026",February 26 (https://app.notion.com/p/February-26-2c90423c142680cbb553dba809feb098?pvs=21),Credit card
โกเหลียง,THB 50.00,🍴Eating_FEB26 (https://app.notion.com/p/Eating_FEB26-2c90423c1426801fb9a3cd25b2f6d9c7?pvs=21),No,"February 6, 2026",February 26 (https://app.notion.com/p/February-26-2c90423c142680cbb553dba809feb098?pvs=21),Online banking
ข้าวผัดไก่กรอบ,THB 71.00,🍴Eating_FEB26 (https://app.notion.com/p/Eating_FEB26-2c90423c1426801fb9a3cd25b2f6d9c7?pvs=21),No,"February 6, 2026",February 26 (https://app.notion.com/p/February-26-2c90423c142680cbb553dba809feb098?pvs=21),Credit card
สลัดหน้าไก่ย่างห้าดาว,THB 60.00,🍴Eating_FEB26 (https://app.notion.com/p/Eating_FEB26-2c90423c1426801fb9a3cd25b2f6d9c7?pvs=21),No,"February 7, 2026",February 26 (https://app.notion.com/p/February-26-2c90423c142680cbb553dba809feb098?pvs=21),Online banking
Seven,THB 43.25,🍴Eating_FEB26 (https://app.notion.com/p/Eating_FEB26-2c90423c1426801fb9a3cd25b2f6d9c7?pvs=21),No,"February 7, 2026",February 26 (https://app.notion.com/p/February-26-2c90423c142680cbb553dba809feb098?pvs=21),Online banking
หมูสับคั่วพริกเกลือ,THB 85.00,🍴Eating_FEB26 (https://app.notion.com/p/Eating_FEB26-2c90423c1426801fb9a3cd25b2f6d9c7?pvs=21),No,"February 7, 2026",February 26 (https://app.notion.com/p/February-26-2c90423c142680cbb553dba809feb098?pvs=21),Credit card
BTS,THB 300.00,🛢️Transportation_FEB26 (https://app.notion.com/p/Transportation_FEB26-2c90423c142680f3908ac8af6bb27105?pvs=21),No,"February 8, 2026",February 26 (https://app.notion.com/p/February-26-2c90423c142680cbb553dba809feb098?pvs=21),Online banking
Food,THB 44.00,🍴Eating_FEB26 (https://app.notion.com/p/Eating_FEB26-2c90423c1426801fb9a3cd25b2f6d9c7?pvs=21),No,"February 8, 2026",February 26 (https://app.notion.com/p/February-26-2c90423c142680cbb553dba809feb098?pvs=21),Online banking
Food,THB 79.00,🍴Eating_FEB26 (https://app.notion.com/p/Eating_FEB26-2c90423c1426801fb9a3cd25b2f6d9c7?pvs=21),No,"February 8, 2026",February 26 (https://app.notion.com/p/February-26-2c90423c142680cbb553dba809feb098?pvs=21),Credit card
สหภาพเสต๊ก,THB 75.00,🍴Eating_FEB26 (https://app.notion.com/p/Eating_FEB26-2c90423c1426801fb9a3cd25b2f6d9c7?pvs=21),No,"February 8, 2026",February 26 (https://app.notion.com/p/February-26-2c90423c142680cbb553dba809feb098?pvs=21),Credit card
Food,THB 55.00,🍴Eating_FEB26 (https://app.notion.com/p/Eating_FEB26-2c90423c1426801fb9a3cd25b2f6d9c7?pvs=21),No,"February 9, 2026",February 26 (https://app.notion.com/p/February-26-2c90423c142680cbb553dba809feb098?pvs=21),Online banking
Yogurt  strawberry,THB 69.00,🍴Eating_FEB26 (https://app.notion.com/p/Eating_FEB26-2c90423c1426801fb9a3cd25b2f6d9c7?pvs=21),No,"February 9, 2026",February 26 (https://app.notion.com/p/February-26-2c90423c142680cbb553dba809feb098?pvs=21),Online banking
กระเพราเนื้อเนื้อ,THB 65.00,🍴Eating_FEB26 (https://app.notion.com/p/Eating_FEB26-2c90423c1426801fb9a3cd25b2f6d9c7?pvs=21),No,"February 9, 2026",February 26 (https://app.notion.com/p/February-26-2c90423c142680cbb553dba809feb098?pvs=21),Credit card
Food,THB 85.00,🍴Eating_FEB26 (https://app.notion.com/p/Eating_FEB26-2c90423c1426801fb9a3cd25b2f6d9c7?pvs=21),No,"February 10, 2026",February 26 (https://app.notion.com/p/February-26-2c90423c142680cbb553dba809feb098?pvs=21),Online banking
Food,THB 65.00,🍴Eating_FEB26 (https://app.notion.com/p/Eating_FEB26-2c90423c1426801fb9a3cd25b2f6d9c7?pvs=21),No,"February 10, 2026",February 26 (https://app.notion.com/p/February-26-2c90423c142680cbb553dba809feb098?pvs=21),Online banking
Salad khunnai,THB 128.00,🍴Eating_FEB26 (https://app.notion.com/p/Eating_FEB26-2c90423c1426801fb9a3cd25b2f6d9c7?pvs=21),No,"February 10, 2026",February 26 (https://app.notion.com/p/February-26-2c90423c142680cbb553dba809feb098?pvs=21),Credit card
Maz,THB 342.50,🍴Eating_FEB26 (https://app.notion.com/p/Eating_FEB26-2c90423c1426801fb9a3cd25b2f6d9c7?pvs=21),No,"February 11, 2026",February 26 (https://app.notion.com/p/February-26-2c90423c142680cbb553dba809feb098?pvs=21),Online banking
Bayday,THB 165.00,🍴Eating_FEB26 (https://app.notion.com/p/Eating_FEB26-2c90423c1426801fb9a3cd25b2f6d9c7?pvs=21),No,"February 11, 2026",February 26 (https://app.notion.com/p/February-26-2c90423c142680cbb553dba809feb098?pvs=21),Online banking
Moisturizer Watson,THB 143.49,💊Health & Fitness_FEB26 (https://app.notion.com/p/Health-Fitness_FEB26-2c90423c142680a9b040f1393acaa70c?pvs=21),No,"February 11, 2026",February 26 (https://app.notion.com/p/February-26-2c90423c142680cbb553dba809feb098?pvs=21),Online banking
Food fair,THB 100.00,🍴Eating_FEB26 (https://app.notion.com/p/Eating_FEB26-2c90423c1426801fb9a3cd25b2f6d9c7?pvs=21),No,"February 12, 2026",February 26 (https://app.notion.com/p/February-26-2c90423c142680cbb553dba809feb098?pvs=21),Online banking
สหภาพเสต๊ก,THB 121.55,🍴Eating_FEB26 (https://app.notion.com/p/Eating_FEB26-2c90423c1426801fb9a3cd25b2f6d9c7?pvs=21),No,"February 12, 2026",February 26 (https://app.notion.com/p/February-26-2c90423c142680cbb553dba809feb098?pvs=21),Credit card
Nitro coffee,THB 60.00,🍴Eating_FEB26 (https://app.notion.com/p/Eating_FEB26-2c90423c1426801fb9a3cd25b2f6d9c7?pvs=21),No,"February 13, 2026",February 26 (https://app.notion.com/p/February-26-2c90423c142680cbb553dba809feb098?pvs=21),Online banking
ก๋วยเตี๋ยว,THB 164.00,🍴Eating_FEB26 (https://app.notion.com/p/Eating_FEB26-2c90423c1426801fb9a3cd25b2f6d9c7?pvs=21),No,"February 13, 2026",February 26 (https://app.notion.com/p/February-26-2c90423c142680cbb553dba809feb098?pvs=21),Online banking
Re-ten 5,THB 445.00,💊Health & Fitness_FEB26 (https://app.notion.com/p/Health-Fitness_FEB26-2c90423c142680a9b040f1393acaa70c?pvs=21),No,"February 13, 2026",February 26 (https://app.notion.com/p/February-26-2c90423c142680cbb553dba809feb098?pvs=21),Online banking
Dorle,THB 275.00,🍴Eating_FEB26 (https://app.notion.com/p/Eating_FEB26-2c90423c1426801fb9a3cd25b2f6d9c7?pvs=21),No,"February 14, 2026",February 26 (https://app.notion.com/p/February-26-2c90423c142680cbb553dba809feb098?pvs=21),Online banking
SF,THB 178.00,🎮Entertainment_FEB26 (https://app.notion.com/p/Entertainment_FEB26-2c90423c1426802d835febd61616853d?pvs=21),No,"February 14, 2026",February 26 (https://app.notion.com/p/February-26-2c90423c142680cbb553dba809feb098?pvs=21),Credit card
ฮะจิบัง,THB 256.00,🍴Eating_FEB26 (https://app.notion.com/p/Eating_FEB26-2c90423c1426801fb9a3cd25b2f6d9c7?pvs=21),No,"February 14, 2026",February 26 (https://app.notion.com/p/February-26-2c90423c142680cbb553dba809feb098?pvs=21),Online banking
Chum,THB 247.00,🍴Eating_FEB26 (https://app.notion.com/p/Eating_FEB26-2c90423c1426801fb9a3cd25b2f6d9c7?pvs=21),No,"February 15, 2026",February 26 (https://app.notion.com/p/February-26-2c90423c142680cbb553dba809feb098?pvs=21),Online banking
Salad khunnai,THB 128.00,🍴Eating_FEB26 (https://app.notion.com/p/Eating_FEB26-2c90423c1426801fb9a3cd25b2f6d9c7?pvs=21),No,"February 15, 2026",February 26 (https://app.notion.com/p/February-26-2c90423c142680cbb553dba809feb098?pvs=21),Credit card
Food,THB 55.00,🍴Eating_FEB26 (https://app.notion.com/p/Eating_FEB26-2c90423c1426801fb9a3cd25b2f6d9c7?pvs=21),No,"February 16, 2026",February 26 (https://app.notion.com/p/February-26-2c90423c142680cbb553dba809feb098?pvs=21),Online banking
Food,THB 24.00,🍴Eating_FEB26 (https://app.notion.com/p/Eating_FEB26-2c90423c1426801fb9a3cd25b2f6d9c7?pvs=21),No,"February 16, 2026",February 26 (https://app.notion.com/p/February-26-2c90423c142680cbb553dba809feb098?pvs=21),Online banking
โคตรไก่,THB 71.00,🍴Eating_FEB26 (https://app.notion.com/p/Eating_FEB26-2c90423c1426801fb9a3cd25b2f6d9c7?pvs=21),No,"February 16, 2026",February 26 (https://app.notion.com/p/February-26-2c90423c142680cbb553dba809feb098?pvs=21),Credit card
ข้าวมันไก่ น้ำปั่น ขนมปัง,THB 100.00,🍴Eating_FEB26 (https://app.notion.com/p/Eating_FEB26-2c90423c1426801fb9a3cd25b2f6d9c7?pvs=21),No,"February 17, 2026",February 26 (https://app.notion.com/p/February-26-2c90423c142680cbb553dba809feb098?pvs=21),Online banking
มันอินเตอร์ บะหมี่นักกล้าม,THB 104.00,🍴Eating_FEB26 (https://app.notion.com/p/Eating_FEB26-2c90423c1426801fb9a3cd25b2f6d9c7?pvs=21),No,"February 17, 2026",February 26 (https://app.notion.com/p/February-26-2c90423c142680cbb553dba809feb098?pvs=21),Credit card
Food OR,THB 62.00,🍴Eating_FEB26 (https://app.notion.com/p/Eating_FEB26-2c90423c1426801fb9a3cd25b2f6d9c7?pvs=21),No,"February 18, 2026",February 26 (https://app.notion.com/p/February-26-2c90423c142680cbb553dba809feb098?pvs=21),Online banking
แร๊ฟสลัดฟาร์ม ผลไม้,THB 110.00,🍴Eating_FEB26 (https://app.notion.com/p/Eating_FEB26-2c90423c1426801fb9a3cd25b2f6d9c7?pvs=21),No,"February 18, 2026",February 26 (https://app.notion.com/p/February-26-2c90423c142680cbb553dba809feb098?pvs=21),Credit card
แปรง + diamond grain,THB 529.00,🛍️Shopping_FEB26 (https://app.notion.com/p/Shopping_FEB26-2c90423c1426800ab24ef407ece1e9dc?pvs=21),No,"February 18, 2026",February 26 (https://app.notion.com/p/February-26-2c90423c142680cbb553dba809feb098?pvs=21),Credit card
ก๋วยเตี๋ยวหอพยบ.,THB 35.00,🍴Eating_FEB26 (https://app.notion.com/p/Eating_FEB26-2c90423c1426801fb9a3cd25b2f6d9c7?pvs=21),No,"February 19, 2026",February 26 (https://app.notion.com/p/February-26-2c90423c142680cbb553dba809feb098?pvs=21),Online banking
Oil,THB 40.00,🛢️Transportation_FEB26 (https://app.notion.com/p/Transportation_FEB26-2c90423c142680f3908ac8af6bb27105?pvs=21),No,"February 19, 2026",February 26 (https://app.notion.com/p/February-26-2c90423c142680cbb553dba809feb098?pvs=21),Online banking
Bayday,THB 170.00,🍴Eating_FEB26 (https://app.notion.com/p/Eating_FEB26-2c90423c1426801fb9a3cd25b2f6d9c7?pvs=21),No,"February 20, 2026",February 26 (https://app.notion.com/p/February-26-2c90423c142680cbb553dba809feb098?pvs=21),Online banking
Under over,THB 140.00,🍴Eating_FEB26 (https://app.notion.com/p/Eating_FEB26-2c90423c1426801fb9a3cd25b2f6d9c7?pvs=21),No,"February 20, 2026",February 26 (https://app.notion.com/p/February-26-2c90423c142680cbb553dba809feb098?pvs=21),Online banking
กระเพรากระด้ง,THB 52.00,🍴Eating_FEB26 (https://app.notion.com/p/Eating_FEB26-2c90423c1426801fb9a3cd25b2f6d9c7?pvs=21),No,"February 20, 2026",February 26 (https://app.notion.com/p/February-26-2c90423c142680cbb553dba809feb098?pvs=21),Credit card
กะเพรา + ผลไม้,THB 139.00,🍴Eating_FEB26 (https://app.notion.com/p/Eating_FEB26-2c90423c1426801fb9a3cd25b2f6d9c7?pvs=21),No,"February 21, 2026",February 26 (https://app.notion.com/p/February-26-2c90423c142680cbb553dba809feb098?pvs=21),Credit card
สหภาพสเต๊ก,THB 121.55,🍴Eating_FEB26 (https://app.notion.com/p/Eating_FEB26-2c90423c1426801fb9a3cd25b2f6d9c7?pvs=21),No,"February 21, 2026",February 26 (https://app.notion.com/p/February-26-2c90423c142680cbb553dba809feb098?pvs=21),Credit card
โฮมมี่,THB 14.00,🍴Eating_FEB26 (https://app.notion.com/p/Eating_FEB26-2c90423c1426801fb9a3cd25b2f6d9c7?pvs=21),No,"February 22, 2026",February 26 (https://app.notion.com/p/February-26-2c90423c142680cbb553dba809feb098?pvs=21),Online banking
ไข่เจียว,THB 50.00,🍴Eating_FEB26 (https://app.notion.com/p/Eating_FEB26-2c90423c1426801fb9a3cd25b2f6d9c7?pvs=21),No,"February 22, 2026",February 26 (https://app.notion.com/p/February-26-2c90423c142680cbb553dba809feb098?pvs=21),Online banking
Salad farm,THB 90.00,🍴Eating_FEB26 (https://app.notion.com/p/Eating_FEB26-2c90423c1426801fb9a3cd25b2f6d9c7?pvs=21),No,"February 22, 2026",February 26 (https://app.notion.com/p/February-26-2c90423c142680cbb553dba809feb098?pvs=21),Credit card
Octopath traveller 0,"THB 1,352.00",🎮Entertainment_FEB26 (https://app.notion.com/p/Entertainment_FEB26-2c90423c1426802d835febd61616853d?pvs=21),No,"February 23, 2026",February 26 (https://app.notion.com/p/February-26-2c90423c142680cbb553dba809feb098?pvs=21),Credit card
Food,THB 80.00,🍴Eating_FEB26 (https://app.notion.com/p/Eating_FEB26-2c90423c1426801fb9a3cd25b2f6d9c7?pvs=21),No,"February 23, 2026",February 26 (https://app.notion.com/p/February-26-2c90423c142680cbb553dba809feb098?pvs=21),Online banking
Seven,THB 117.75,🍴Eating_FEB26 (https://app.notion.com/p/Eating_FEB26-2c90423c1426801fb9a3cd25b2f6d9c7?pvs=21),No,"February 23, 2026",February 26 (https://app.notion.com/p/February-26-2c90423c142680cbb553dba809feb098?pvs=21),Online banking
เมล็ดกาแฟ,THB 358.00,🍴Eating_FEB26 (https://app.notion.com/p/Eating_FEB26-2c90423c1426801fb9a3cd25b2f6d9c7?pvs=21),No,"February 24, 2026",February 26 (https://app.notion.com/p/February-26-2c90423c142680cbb553dba809feb098?pvs=21),Credit card
Film nintendo,THB 95.00,🎮Entertainment_FEB26 (https://app.notion.com/p/Entertainment_FEB26-2c90423c1426802d835febd61616853d?pvs=21),No,"February 24, 2026",February 26 (https://app.notion.com/p/February-26-2c90423c142680cbb553dba809feb098?pvs=21),Credit card
Food,THB 103.00,🍴Eating_FEB26 (https://app.notion.com/p/Eating_FEB26-2c90423c1426801fb9a3cd25b2f6d9c7?pvs=21),No,"February 24, 2026",February 26 (https://app.notion.com/p/February-26-2c90423c142680cbb553dba809feb098?pvs=21),Online banking
กระเพรากระด้ง,THB 64.00,🍴Eating_FEB26 (https://app.notion.com/p/Eating_FEB26-2c90423c1426801fb9a3cd25b2f6d9c7?pvs=21),No,"February 24, 2026",February 26 (https://app.notion.com/p/February-26-2c90423c142680cbb553dba809feb098?pvs=21),Credit card
Food,THB 148.00,🍴Eating_FEB26 (https://app.notion.com/p/Eating_FEB26-2c90423c1426801fb9a3cd25b2f6d9c7?pvs=21),No,"February 25, 2026",February 26 (https://app.notion.com/p/February-26-2c90423c142680cbb553dba809feb098?pvs=21),Online banking
Salad khunnai,THB 125.00,🍴Eating_FEB26 (https://app.notion.com/p/Eating_FEB26-2c90423c1426801fb9a3cd25b2f6d9c7?pvs=21),No,"February 25, 2026",February 26 (https://app.notion.com/p/February-26-2c90423c142680cbb553dba809feb098?pvs=21),Credit card
เลี้ยงส้มตำอุดร,THB 273.00,🍴Eating_FEB26 (https://app.notion.com/p/Eating_FEB26-2c90423c1426801fb9a3cd25b2f6d9c7?pvs=21),No,"February 26, 2026",February 26 (https://app.notion.com/p/February-26-2c90423c142680cbb553dba809feb098?pvs=21),Online banking
กะเพรากระด้ง,THB 62.00,🍴Eating_FEB26 (https://app.notion.com/p/Eating_FEB26-2c90423c1426801fb9a3cd25b2f6d9c7?pvs=21),No,"February 26, 2026",February 26 (https://app.notion.com/p/February-26-2c90423c142680cbb553dba809feb098?pvs=21),Credit card
Food OR,THB 47.00,🍴Eating_FEB26 (https://app.notion.com/p/Eating_FEB26-2c90423c1426801fb9a3cd25b2f6d9c7?pvs=21),No,"February 27, 2026",February 26 (https://app.notion.com/p/February-26-2c90423c142680cbb553dba809feb098?pvs=21),Online banking
Manee fried chicken,THB 71.00,🍴Eating_FEB26 (https://app.notion.com/p/Eating_FEB26-2c90423c1426801fb9a3cd25b2f6d9c7?pvs=21),No,"February 27, 2026",February 26 (https://app.notion.com/p/February-26-2c90423c142680cbb553dba809feb098?pvs=21),Credit card
Amazon,THB 65.00,🍴Eating_FEB26 (https://app.notion.com/p/Eating_FEB26-2c90423c1426801fb9a3cd25b2f6d9c7?pvs=21),No,"February 28, 2026",February 26 (https://app.notion.com/p/February-26-2c90423c142680cbb553dba809feb098?pvs=21),Online banking
โกเหลียง,THB 50.00,🍴Eating_FEB26 (https://app.notion.com/p/Eating_FEB26-2c90423c1426801fb9a3cd25b2f6d9c7?pvs=21),No,"February 28, 2026",February 26 (https://app.notion.com/p/February-26-2c90423c142680cbb553dba809feb098?pvs=21),Online banking
Food,THB 40.00,🍴Eating_FEB26 (https://app.notion.com/p/Eating_FEB26-2c90423c1426801fb9a3cd25b2f6d9c7?pvs=21),No,"February 28, 2026",February 26 (https://app.notion.com/p/February-26-2c90423c142680cbb553dba809feb098?pvs=21),Online banking
ลาบรื่น + บอร์ดเกมส์,THB 223.00,🍴Eating_FEB26 (https://app.notion.com/p/Eating_FEB26-2c90423c1426801fb9a3cd25b2f6d9c7?pvs=21),No,"February 28, 2026",February 26 (https://app.notion.com/p/February-26-2c90423c142680cbb553dba809feb098?pvs=21),Online banking
เค้กกล้วยหอม,THB 369.00,🍴Eating_MAR26 (https://app.notion.com/p/Eating_MAR26-2c90423c142680b9a8a7dcc3367ef47a?pvs=21),No,"March 1, 2026",March 26 (https://app.notion.com/p/March-26-2c90423c14268093a5d1d99ea2798193?pvs=21),Credit card
วันเกิด PP - sanrio,THB 729.00,❤️Lover_MAR26 (https://app.notion.com/p/Lover_MAR26-2c90423c14268079900ace8237108244?pvs=21),No,"March 1, 2026",March 26 (https://app.notion.com/p/March-26-2c90423c14268093a5d1d99ea2798193?pvs=21),Online banking
Mask + สบู่ + ทิชชู่เปียก,THB 141.00,🛍️Shopping_MAR26 (https://app.notion.com/p/Shopping_MAR26-2c90423c142680bcb34ad3cd86824c01?pvs=21),No,"March 1, 2026",March 26 (https://app.notion.com/p/March-26-2c90423c14268093a5d1d99ea2798193?pvs=21),Online banking
Food OR,THB 57.00,🍴Eating_MAR26 (https://app.notion.com/p/Eating_MAR26-2c90423c142680b9a8a7dcc3367ef47a?pvs=21),No,"March 2, 2026",March 26 (https://app.notion.com/p/March-26-2c90423c14268093a5d1d99ea2798193?pvs=21),Online banking
Food,THB 300.00,🍴Eating_MAR26 (https://app.notion.com/p/Eating_MAR26-2c90423c142680b9a8a7dcc3367ef47a?pvs=21),No,"March 3, 2026",March 26 (https://app.notion.com/p/March-26-2c90423c14268093a5d1d99ea2798193?pvs=21),Online banking
Food,THB 85.00,🍴Eating_MAR26 (https://app.notion.com/p/Eating_MAR26-2c90423c142680b9a8a7dcc3367ef47a?pvs=21),No,"March 4, 2026",March 26 (https://app.notion.com/p/March-26-2c90423c14268093a5d1d99ea2798193?pvs=21),Online banking
BTS,THB 300.00,🛢️Transportation_MAR26 (https://app.notion.com/p/Transportation_MAR26-2c90423c142680d68c4bff642d35d193?pvs=21),No,"March 4, 2026",March 26 (https://app.notion.com/p/March-26-2c90423c14268093a5d1d99ea2798193?pvs=21),Online banking
Salad khunnai,THB 89.00,🍴Eating_MAR26 (https://app.notion.com/p/Eating_MAR26-2c90423c142680b9a8a7dcc3367ef47a?pvs=21),No,"March 4, 2026",March 26 (https://app.notion.com/p/March-26-2c90423c14268093a5d1d99ea2798193?pvs=21),Credit card
มันอินเตอร์,THB 55.00,🍴Eating_MAR26 (https://app.notion.com/p/Eating_MAR26-2c90423c142680b9a8a7dcc3367ef47a?pvs=21),No,"March 5, 2026",March 26 (https://app.notion.com/p/March-26-2c90423c14268093a5d1d99ea2798193?pvs=21),Credit card
กะเพรากระด้ง,THB 39.00,🍴Eating_MAR26 (https://app.notion.com/p/Eating_MAR26-2c90423c142680b9a8a7dcc3367ef47a?pvs=21),No,"March 5, 2026",March 26 (https://app.notion.com/p/March-26-2c90423c14268093a5d1d99ea2798193?pvs=21),Credit card
ล้างฟิล์ม,THB 130.00,❤️Lover_MAR26 (https://app.notion.com/p/Lover_MAR26-2c90423c14268079900ace8237108244?pvs=21),No,"March 5, 2026",March 26 (https://app.notion.com/p/March-26-2c90423c14268093a5d1d99ea2798193?pvs=21),Online banking
หม่าล่า,THB 84.00,🍴Eating_MAR26 (https://app.notion.com/p/Eating_MAR26-2c90423c142680b9a8a7dcc3367ef47a?pvs=21),No,"March 6, 2026",March 26 (https://app.notion.com/p/March-26-2c90423c14268093a5d1d99ea2798193?pvs=21),Online banking
Tumbler,THB 220.00,🍴Eating_MAR26 (https://app.notion.com/p/Eating_MAR26-2c90423c142680b9a8a7dcc3367ef47a?pvs=21),No,"March 6, 2026",March 26 (https://app.notion.com/p/March-26-2c90423c14268093a5d1d99ea2798193?pvs=21),Online banking
กระเพรา,THB 45.00,🍴Eating_MAR26 (https://app.notion.com/p/Eating_MAR26-2c90423c142680b9a8a7dcc3367ef47a?pvs=21),No,"March 6, 2026",March 26 (https://app.notion.com/p/March-26-2c90423c14268093a5d1d99ea2798193?pvs=21),Credit card
Food,THB 50.00,🍴Eating_MAR26 (https://app.notion.com/p/Eating_MAR26-2c90423c142680b9a8a7dcc3367ef47a?pvs=21),No,"March 7, 2026",March 26 (https://app.notion.com/p/March-26-2c90423c14268093a5d1d99ea2798193?pvs=21),Online banking
Wabi sabi,THB 105.00,🍴Eating_MAR26 (https://app.notion.com/p/Eating_MAR26-2c90423c142680b9a8a7dcc3367ef47a?pvs=21),No,"March 7, 2026",March 26 (https://app.notion.com/p/March-26-2c90423c14268093a5d1d99ea2798193?pvs=21),Online banking
Subway,THB 89.00,🍴Eating_MAR26 (https://app.notion.com/p/Eating_MAR26-2c90423c142680b9a8a7dcc3367ef47a?pvs=21),No,"March 7, 2026",March 26 (https://app.notion.com/p/March-26-2c90423c14268093a5d1d99ea2798193?pvs=21),Credit card
กระเพรากระด้ง,THB 61.00,🍴Eating_MAR26 (https://app.notion.com/p/Eating_MAR26-2c90423c142680b9a8a7dcc3367ef47a?pvs=21),No,"March 8, 2026",March 26 (https://app.notion.com/p/March-26-2c90423c14268093a5d1d99ea2798193?pvs=21),Credit card
ตัดผม,THB 130.00,💊Health & Fitness_MAR26 (https://app.notion.com/p/Health-Fitness_MAR26-2c90423c142680b29770dc29d0709e23?pvs=21),No,"March 8, 2026",March 26 (https://app.notion.com/p/March-26-2c90423c14268093a5d1d99ea2798193?pvs=21),
Salad khunnai,THB 124.00,🍴Eating_MAR26 (https://app.notion.com/p/Eating_MAR26-2c90423c142680b9a8a7dcc3367ef47a?pvs=21),No,"March 8, 2026",March 26 (https://app.notion.com/p/March-26-2c90423c14268093a5d1d99ea2798193?pvs=21),Credit card
Food OR,THB 66.00,🍴Eating_MAR26 (https://app.notion.com/p/Eating_MAR26-2c90423c142680b9a8a7dcc3367ef47a?pvs=21),No,"March 9, 2026",March 26 (https://app.notion.com/p/March-26-2c90423c14268093a5d1d99ea2798193?pvs=21),Online banking
"น้ำยาบ้วนปาก ไหมขัดฟัน นม ",THB 341.75,🛍️Shopping_MAR26 (https://app.notion.com/p/Shopping_MAR26-2c90423c142680bcb34ad3cd86824c01?pvs=21),No,"March 9, 2026",March 26 (https://app.notion.com/p/March-26-2c90423c14268093a5d1d99ea2798193?pvs=21),Credit card
Salad farm,THB 120.40,🍴Eating_MAR26 (https://app.notion.com/p/Eating_MAR26-2c90423c142680b9a8a7dcc3367ef47a?pvs=21),No,"March 9, 2026",March 26 (https://app.notion.com/p/March-26-2c90423c14268093a5d1d99ea2798193?pvs=21),Credit card
มันไก่,THB 50.00,🍴Eating_MAR26 (https://app.notion.com/p/Eating_MAR26-2c90423c142680b9a8a7dcc3367ef47a?pvs=21),No,"March 10, 2026",March 26 (https://app.notion.com/p/March-26-2c90423c14268093a5d1d99ea2798193?pvs=21),Online banking
Food,THB 20.00,🍴Eating_MAR26 (https://app.notion.com/p/Eating_MAR26-2c90423c142680b9a8a7dcc3367ef47a?pvs=21),No,"March 10, 2026",March 26 (https://app.notion.com/p/March-26-2c90423c14268093a5d1d99ea2798193?pvs=21),Online banking
Mini story,THB 60.00,🍴Eating_MAR26 (https://app.notion.com/p/Eating_MAR26-2c90423c142680b9a8a7dcc3367ef47a?pvs=21),No,"March 10, 2026",March 26 (https://app.notion.com/p/March-26-2c90423c14268093a5d1d99ea2798193?pvs=21),Online banking
Food,THB 62.00,🍴Eating_MAR26 (https://app.notion.com/p/Eating_MAR26-2c90423c142680b9a8a7dcc3367ef47a?pvs=21),No,"March 11, 2026",March 26 (https://app.notion.com/p/March-26-2c90423c14268093a5d1d99ea2798193?pvs=21),Online banking
กระเพรากระด้ง,THB 61.00,🍴Eating_MAR26 (https://app.notion.com/p/Eating_MAR26-2c90423c142680b9a8a7dcc3367ef47a?pvs=21),No,"March 11, 2026",March 26 (https://app.notion.com/p/March-26-2c90423c14268093a5d1d99ea2798193?pvs=21),Credit card
Food,THB 82.00,🍴Eating_MAR26 (https://app.notion.com/p/Eating_MAR26-2c90423c142680b9a8a7dcc3367ef47a?pvs=21),No,"March 12, 2026",March 26 (https://app.notion.com/p/March-26-2c90423c14268093a5d1d99ea2798193?pvs=21),Online banking
Rock me,THB 397.00,🍴Eating_MAR26 (https://app.notion.com/p/Eating_MAR26-2c90423c142680b9a8a7dcc3367ef47a?pvs=21),No,"March 12, 2026",March 26 (https://app.notion.com/p/March-26-2c90423c14268093a5d1d99ea2798193?pvs=21),Online banking
Yogurt,THB 121.00,🍴Eating_MAR26 (https://app.notion.com/p/Eating_MAR26-2c90423c142680b9a8a7dcc3367ef47a?pvs=21),No,"March 12, 2026",March 26 (https://app.notion.com/p/March-26-2c90423c14268093a5d1d99ea2798193?pvs=21),Online banking
เลี้ยงน้ำสุขสันต์,THB 335.00,🍴Eating_MAR26 (https://app.notion.com/p/Eating_MAR26-2c90423c142680b9a8a7dcc3367ef47a?pvs=21),No,"March 13, 2026",March 26 (https://app.notion.com/p/March-26-2c90423c14268093a5d1d99ea2798193?pvs=21),Online banking
Salad khunnai,THB 128.00,🍴Eating_MAR26 (https://app.notion.com/p/Eating_MAR26-2c90423c142680b9a8a7dcc3367ef47a?pvs=21),No,"March 13, 2026",March 26 (https://app.notion.com/p/March-26-2c90423c14268093a5d1d99ea2798193?pvs=21),Credit card
BTS,THB 300.00,🛢️Transportation_MAR26 (https://app.notion.com/p/Transportation_MAR26-2c90423c142680d68c4bff642d35d193?pvs=21),No,"March 13, 2026",March 26 (https://app.notion.com/p/March-26-2c90423c14268093a5d1d99ea2798193?pvs=21),Online banking
โกยี,THB 65.00,🍴Eating_MAR26 (https://app.notion.com/p/Eating_MAR26-2c90423c142680b9a8a7dcc3367ef47a?pvs=21),No,"March 14, 2026",March 26 (https://app.notion.com/p/March-26-2c90423c14268093a5d1d99ea2798193?pvs=21),Online banking
สบู่ โฟมล้างหน้า,THB 308.00,🛍️Shopping_MAR26 (https://app.notion.com/p/Shopping_MAR26-2c90423c142680bcb34ad3cd86824c01?pvs=21),No,"March 14, 2026",March 26 (https://app.notion.com/p/March-26-2c90423c14268093a5d1d99ea2798193?pvs=21),Credit card
กระเพรากระด้ง,THB 61.00,🍴Eating_MAR26 (https://app.notion.com/p/Eating_MAR26-2c90423c142680b9a8a7dcc3367ef47a?pvs=21),No,"March 14, 2026",March 26 (https://app.notion.com/p/March-26-2c90423c14268093a5d1d99ea2798193?pvs=21),Credit card
Oil,THB 580.00,🛢️Transportation_MAR26 (https://app.notion.com/p/Transportation_MAR26-2c90423c142680d68c4bff642d35d193?pvs=21),No,"March 14, 2026",March 26 (https://app.notion.com/p/March-26-2c90423c14268093a5d1d99ea2798193?pvs=21),Credit card
หญ้าแมว + ชาม,THB 134.00,🐱Cat_MAR26 (https://app.notion.com/p/Cat_MAR26-2c90423c14268055bd94e5213fe54101?pvs=21),No,"March 15, 2026",March 26 (https://app.notion.com/p/March-26-2c90423c14268093a5d1d99ea2798193?pvs=21),Credit card
กาญจน์โภชนา,THB 71.00,🍴Eating_MAR26 (https://app.notion.com/p/Eating_MAR26-2c90423c142680b9a8a7dcc3367ef47a?pvs=21),No,"March 15, 2026",March 26 (https://app.notion.com/p/March-26-2c90423c14268093a5d1d99ea2798193?pvs=21),Credit card
สหภาพสเต๊ก,THB 121.00,🍴Eating_MAR26 (https://app.notion.com/p/Eating_MAR26-2c90423c142680b9a8a7dcc3367ef47a?pvs=21),No,"March 15, 2026",March 26 (https://app.notion.com/p/March-26-2c90423c14268093a5d1d99ea2798193?pvs=21),Credit card
โคตรไก่,THB 89.00,🍴Eating_MAR26 (https://app.notion.com/p/Eating_MAR26-2c90423c142680b9a8a7dcc3367ef47a?pvs=21),No,"March 16, 2026",March 26 (https://app.notion.com/p/March-26-2c90423c14268093a5d1d99ea2798193?pvs=21),Credit card
ผลไม้,THB 70.00,🍴Eating_MAR26 (https://app.notion.com/p/Eating_MAR26-2c90423c142680b9a8a7dcc3367ef47a?pvs=21),No,"March 16, 2026",March 26 (https://app.notion.com/p/March-26-2c90423c14268093a5d1d99ea2798193?pvs=21),Credit card
Food,THB 60.00,🍴Eating_MAR26 (https://app.notion.com/p/Eating_MAR26-2c90423c142680b9a8a7dcc3367ef47a?pvs=21),No,"March 17, 2026",March 26 (https://app.notion.com/p/March-26-2c90423c14268093a5d1d99ea2798193?pvs=21),Online banking
สุกี้ช้างเผือก,THB 69.00,🍴Eating_MAR26 (https://app.notion.com/p/Eating_MAR26-2c90423c142680b9a8a7dcc3367ef47a?pvs=21),No,"March 17, 2026",March 26 (https://app.notion.com/p/March-26-2c90423c14268093a5d1d99ea2798193?pvs=21),Credit card
Food,THB 65.00,🍴Eating_MAR26 (https://app.notion.com/p/Eating_MAR26-2c90423c142680b9a8a7dcc3367ef47a?pvs=21),No,"March 18, 2026",March 26 (https://app.notion.com/p/March-26-2c90423c14268093a5d1d99ea2798193?pvs=21),Online banking
ผลไม้,THB 50.00,🍴Eating_MAR26 (https://app.notion.com/p/Eating_MAR26-2c90423c142680b9a8a7dcc3367ef47a?pvs=21),No,"March 18, 2026",March 26 (https://app.notion.com/p/March-26-2c90423c14268093a5d1d99ea2798193?pvs=21),Online banking
กระเพรา ไข่เจียว,THB 64.00,🍴Eating_MAR26 (https://app.notion.com/p/Eating_MAR26-2c90423c142680b9a8a7dcc3367ef47a?pvs=21),No,"March 18, 2026",March 26 (https://app.notion.com/p/March-26-2c90423c14268093a5d1d99ea2798193?pvs=21),Credit card
Yelloo,THB 63.00,🍴Eating_MAR26 (https://app.notion.com/p/Eating_MAR26-2c90423c142680b9a8a7dcc3367ef47a?pvs=21),No,"March 19, 2026",March 26 (https://app.notion.com/p/March-26-2c90423c14268093a5d1d99ea2798193?pvs=21),Online banking
Oil,THB 80.00,🛢️Transportation_MAR26 (https://app.notion.com/p/Transportation_MAR26-2c90423c142680d68c4bff642d35d193?pvs=21),No,"March 19, 2026",March 26 (https://app.notion.com/p/March-26-2c90423c14268093a5d1d99ea2798193?pvs=21),Online banking
Food,THB 128.25,🍴Eating_MAR26 (https://app.notion.com/p/Eating_MAR26-2c90423c142680b9a8a7dcc3367ef47a?pvs=21),No,"March 19, 2026",March 26 (https://app.notion.com/p/March-26-2c90423c14268093a5d1d99ea2798193?pvs=21),Online banking
Food TOP,THB 39.00,🍴Eating_MAR26 (https://app.notion.com/p/Eating_MAR26-2c90423c142680b9a8a7dcc3367ef47a?pvs=21),No,"March 20, 2026",March 26 (https://app.notion.com/p/March-26-2c90423c14268093a5d1d99ea2798193?pvs=21),Online banking
Manee fried chicken,THB 89.00,🍴Eating_MAR26 (https://app.notion.com/p/Eating_MAR26-2c90423c142680b9a8a7dcc3367ef47a?pvs=21),No,"March 21, 2026",March 26 (https://app.notion.com/p/March-26-2c90423c14268093a5d1d99ea2798193?pvs=21),Credit card
Salad khunnai,THB 110.00,🍴Eating_MAR26 (https://app.notion.com/p/Eating_MAR26-2c90423c142680b9a8a7dcc3367ef47a?pvs=21),No,"March 21, 2026",March 26 (https://app.notion.com/p/March-26-2c90423c14268093a5d1d99ea2798193?pvs=21),Credit card
Food,THB 85.00,🍴Eating_MAR26 (https://app.notion.com/p/Eating_MAR26-2c90423c142680b9a8a7dcc3367ef47a?pvs=21),No,"March 22, 2026",March 26 (https://app.notion.com/p/March-26-2c90423c14268093a5d1d99ea2798193?pvs=21),Online banking
KFC,THB 173.00,🍴Eating_MAR26 (https://app.notion.com/p/Eating_MAR26-2c90423c142680b9a8a7dcc3367ef47a?pvs=21),No,"March 22, 2026",March 26 (https://app.notion.com/p/March-26-2c90423c14268093a5d1d99ea2798193?pvs=21),Credit card
Food OR,THB 57.00,🍴Eating_MAR26 (https://app.notion.com/p/Eating_MAR26-2c90423c142680b9a8a7dcc3367ef47a?pvs=21),No,"March 23, 2026",March 26 (https://app.notion.com/p/March-26-2c90423c14268093a5d1d99ea2798193?pvs=21),Online banking
Shabu oto + Chevit cheva,THB 597.00,🍴Eating_MAR26 (https://app.notion.com/p/Eating_MAR26-2c90423c142680b9a8a7dcc3367ef47a?pvs=21),No,"March 23, 2026",March 26 (https://app.notion.com/p/March-26-2c90423c14268093a5d1d99ea2798193?pvs=21),Online banking
ไก่ทอด สลัด,THB 110.00,🍴Eating_MAR26 (https://app.notion.com/p/Eating_MAR26-2c90423c142680b9a8a7dcc3367ef47a?pvs=21),No,"March 24, 2026",March 26 (https://app.notion.com/p/March-26-2c90423c14268093a5d1d99ea2798193?pvs=21),Online banking
ข้าวผัดน้ำพริก ไก่ทอด,THB 93.10,🍴Eating_MAR26 (https://app.notion.com/p/Eating_MAR26-2c90423c142680b9a8a7dcc3367ef47a?pvs=21),No,"March 24, 2026",March 26 (https://app.notion.com/p/March-26-2c90423c14268093a5d1d99ea2798193?pvs=21),Credit card
Food,THB 52.00,🍴Eating_MAR26 (https://app.notion.com/p/Eating_MAR26-2c90423c142680b9a8a7dcc3367ef47a?pvs=21),No,"March 25, 2026",March 26 (https://app.notion.com/p/March-26-2c90423c14268093a5d1d99ea2798193?pvs=21),Online banking
สุกี้ช้างเผือก,THB 69.00,🍴Eating_MAR26 (https://app.notion.com/p/Eating_MAR26-2c90423c142680b9a8a7dcc3367ef47a?pvs=21),No,"March 25, 2026",March 26 (https://app.notion.com/p/March-26-2c90423c14268093a5d1d99ea2798193?pvs=21),Credit card
ขนมเบื้อง หมูมะแขว่น,THB 80.00,🍴Eating_MAR26 (https://app.notion.com/p/Eating_MAR26-2c90423c142680b9a8a7dcc3367ef47a?pvs=21),No,"March 26, 2026",March 26 (https://app.notion.com/p/March-26-2c90423c14268093a5d1d99ea2798193?pvs=21),Online banking
Salad khunnai,THB 128.00,🍴Eating_MAR26 (https://app.notion.com/p/Eating_MAR26-2c90423c142680b9a8a7dcc3367ef47a?pvs=21),No,"March 26, 2026",March 26 (https://app.notion.com/p/March-26-2c90423c14268093a5d1d99ea2798193?pvs=21),Credit card
Food,THB 62.00,🍴Eating_MAR26 (https://app.notion.com/p/Eating_MAR26-2c90423c142680b9a8a7dcc3367ef47a?pvs=21),No,"March 27, 2026",March 26 (https://app.notion.com/p/March-26-2c90423c14268093a5d1d99ea2798193?pvs=21),Online banking
Manee fried chicken,THB 89.00,🍴Eating_MAR26 (https://app.notion.com/p/Eating_MAR26-2c90423c142680b9a8a7dcc3367ef47a?pvs=21),No,"March 27, 2026",March 26 (https://app.notion.com/p/March-26-2c90423c14268093a5d1d99ea2798193?pvs=21),Credit card
กระเพราหมูสับ ไข่ข้น,THB 69.00,🍴Eating_MAR26 (https://app.notion.com/p/Eating_MAR26-2c90423c142680b9a8a7dcc3367ef47a?pvs=21),No,"March 28, 2026",March 26 (https://app.notion.com/p/March-26-2c90423c14268093a5d1d99ea2798193?pvs=21),Credit card
ด้งเจริญ,THB 109.00,🍴Eating_MAR26 (https://app.notion.com/p/Eating_MAR26-2c90423c142680b9a8a7dcc3367ef47a?pvs=21),No,"March 28, 2026",March 26 (https://app.notion.com/p/March-26-2c90423c14268093a5d1d99ea2798193?pvs=21),Credit card
" กระเพรากระด้ง",THB 74.00,🍴Eating_MAR26 (https://app.notion.com/p/Eating_MAR26-2c90423c142680b9a8a7dcc3367ef47a?pvs=21),No,"March 29, 2026",March 26 (https://app.notion.com/p/March-26-2c90423c14268093a5d1d99ea2798193?pvs=21),Credit card
Subway,THB 109.00,🍴Eating_MAR26 (https://app.notion.com/p/Eating_MAR26-2c90423c142680b9a8a7dcc3367ef47a?pvs=21),No,"March 29, 2026",March 26 (https://app.notion.com/p/March-26-2c90423c14268093a5d1d99ea2798193?pvs=21),Credit card
Food,THB 90.00,🍴Eating_MAR26 (https://app.notion.com/p/Eating_MAR26-2c90423c142680b9a8a7dcc3367ef47a?pvs=21),No,"March 30, 2026",March 26 (https://app.notion.com/p/March-26-2c90423c14268093a5d1d99ea2798193?pvs=21),Online banking
Salad khunnai,THB 92.00,🍴Eating_MAR26 (https://app.notion.com/p/Eating_MAR26-2c90423c142680b9a8a7dcc3367ef47a?pvs=21),No,"March 30, 2026",March 26 (https://app.notion.com/p/March-26-2c90423c14268093a5d1d99ea2798193?pvs=21),Credit card
เจียวดาว,THB 50.00,🍴Eating_MAR26 (https://app.notion.com/p/Eating_MAR26-2c90423c142680b9a8a7dcc3367ef47a?pvs=21),No,"March 31, 2026",March 26 (https://app.notion.com/p/March-26-2c90423c14268093a5d1d99ea2798193?pvs=21),Online banking
ชาไทย,THB 35.00,🍴Eating_MAR26 (https://app.notion.com/p/Eating_MAR26-2c90423c142680b9a8a7dcc3367ef47a?pvs=21),No,"March 31, 2026",March 26 (https://app.notion.com/p/March-26-2c90423c14268093a5d1d99ea2798193?pvs=21),Online banking
กะเพรากะด้ง,THB 72.00,🍴Eating_MAR26 (https://app.notion.com/p/Eating_MAR26-2c90423c142680b9a8a7dcc3367ef47a?pvs=21),No,"March 31, 2026",March 26 (https://app.notion.com/p/March-26-2c90423c14268093a5d1d99ea2798193?pvs=21),Credit card
Dirty Sora,THB 75.00,🍴Eating_APR26 (https://app.notion.com/p/Eating_APR26-2c90423c1426806d871cdf46708a3cc1?pvs=21),No,"April 1, 2026",April 26 (https://app.notion.com/p/April-26-2c90423c142680d49359cb3961872ebf?pvs=21),Online banking
Salad khunnai,THB 128.00,🍴Eating_APR26 (https://app.notion.com/p/Eating_APR26-2c90423c1426806d871cdf46708a3cc1?pvs=21),No,"April 1, 2026",April 26 (https://app.notion.com/p/April-26-2c90423c142680d49359cb3961872ebf?pvs=21),Credit card
Whey,THB 868.00,🍴Eating_APR26 (https://app.notion.com/p/Eating_APR26-2c90423c1426806d871cdf46708a3cc1?pvs=21),No,"April 1, 2026",April 26 (https://app.notion.com/p/April-26-2c90423c142680d49359cb3961872ebf?pvs=21),Credit card
Food,THB 55.00,🍴Eating_APR26 (https://app.notion.com/p/Eating_APR26-2c90423c1426806d871cdf46708a3cc1?pvs=21),No,"April 2, 2026",April 26 (https://app.notion.com/p/April-26-2c90423c142680d49359cb3961872ebf?pvs=21),Online banking
สลัด มันอินเตอร์,THB 156.00,🍴Eating_APR26 (https://app.notion.com/p/Eating_APR26-2c90423c1426806d871cdf46708a3cc1?pvs=21),No,"April 2, 2026",April 26 (https://app.notion.com/p/April-26-2c90423c142680d49359cb3961872ebf?pvs=21),Credit card
Light brown,THB 85.00,🍴Eating_APR26 (https://app.notion.com/p/Eating_APR26-2c90423c1426806d871cdf46708a3cc1?pvs=21),No,"April 3, 2026",April 26 (https://app.notion.com/p/April-26-2c90423c142680d49359cb3961872ebf?pvs=21),Online banking
สหภาพสเต๊ก,THB 123.00,🍴Eating_APR26 (https://app.notion.com/p/Eating_APR26-2c90423c1426806d871cdf46708a3cc1?pvs=21),No,"April 3, 2026",April 26 (https://app.notion.com/p/April-26-2c90423c142680d49359cb3961872ebf?pvs=21),Credit card
ก๋วยเตี๋ยว,THB 71.00,🍴Eating_APR26 (https://app.notion.com/p/Eating_APR26-2c90423c1426806d871cdf46708a3cc1?pvs=21),No,"April 3, 2026",April 26 (https://app.notion.com/p/April-26-2c90423c142680d49359cb3961872ebf?pvs=21),Online banking
ไก่นุ่มเทริยากิ ชาเย็น,THB 69.00,🍴Eating_APR26 (https://app.notion.com/p/Eating_APR26-2c90423c1426806d871cdf46708a3cc1?pvs=21),No,"April 4, 2026",April 26 (https://app.notion.com/p/April-26-2c90423c142680d49359cb3961872ebf?pvs=21),Credit card
ข้าวยำไก่แซ่บ หมกไก่,THB 99.00,🍴Eating_APR26 (https://app.notion.com/p/Eating_APR26-2c90423c1426806d871cdf46708a3cc1?pvs=21),No,"April 4, 2026",April 26 (https://app.notion.com/p/April-26-2c90423c142680d49359cb3961872ebf?pvs=21),Credit card
ไก่ฉีก กาแฟ,THB 109.00,🍴Eating_APR26 (https://app.notion.com/p/Eating_APR26-2c90423c1426806d871cdf46708a3cc1?pvs=21),No,"April 5, 2026",April 26 (https://app.notion.com/p/April-26-2c90423c142680d49359cb3961872ebf?pvs=21),Credit card
ข้าวเหนียวมะม่วง,THB 180.00,🍴Eating_APR26 (https://app.notion.com/p/Eating_APR26-2c90423c1426806d871cdf46708a3cc1?pvs=21),No,"April 6, 2026",April 26 (https://app.notion.com/p/April-26-2c90423c142680d49359cb3961872ebf?pvs=21),Online banking
ที่วางเท้า,THB 203.00,🛍️Shopping_APR26 (https://app.notion.com/p/Shopping_APR26-2c90423c142680c79337c95ba2839aff?pvs=21),No,"April 6, 2026",April 26 (https://app.notion.com/p/April-26-2c90423c142680d49359cb3961872ebf?pvs=21),Credit card
มาม่าฟ้าธานี,THB 315.00,🍴Eating_APR26 (https://app.notion.com/p/Eating_APR26-2c90423c1426806d871cdf46708a3cc1?pvs=21),No,"April 6, 2026",April 26 (https://app.notion.com/p/April-26-2c90423c142680d49359cb3961872ebf?pvs=21),Online banking
Yogurtory,THB 262.00,🍴Eating_APR26 (https://app.notion.com/p/Eating_APR26-2c90423c1426806d871cdf46708a3cc1?pvs=21),No,"April 6, 2026",April 26 (https://app.notion.com/p/April-26-2c90423c142680d49359cb3961872ebf?pvs=21),Online banking
Coffee,THB 45.00,🍴Eating_APR26 (https://app.notion.com/p/Eating_APR26-2c90423c1426806d871cdf46708a3cc1?pvs=21),No,"April 7, 2026",April 26 (https://app.notion.com/p/April-26-2c90423c142680d49359cb3961872ebf?pvs=21),Online banking
CQK hotpot,THB 597.00,🍴Eating_APR26 (https://app.notion.com/p/Eating_APR26-2c90423c1426806d871cdf46708a3cc1?pvs=21),No,"April 8, 2026",April 26 (https://app.notion.com/p/April-26-2c90423c142680d49359cb3961872ebf?pvs=21),Online banking
Coffee,THB 40.00,🍴Eating_APR26 (https://app.notion.com/p/Eating_APR26-2c90423c1426806d871cdf46708a3cc1?pvs=21),No,"April 9, 2026",April 26 (https://app.notion.com/p/April-26-2c90423c142680d49359cb3961872ebf?pvs=21),Online banking
Mc donald,THB 434.00,🍴Eating_APR26 (https://app.notion.com/p/Eating_APR26-2c90423c1426806d871cdf46708a3cc1?pvs=21),No,"April 10, 2026",April 26 (https://app.notion.com/p/April-26-2c90423c142680d49359cb3961872ebf?pvs=21),Online banking
Coffee,THB 552.00,🍴Eating_APR26 (https://app.notion.com/p/Eating_APR26-2c90423c1426806d871cdf46708a3cc1?pvs=21),No,"April 10, 2026",April 26 (https://app.notion.com/p/April-26-2c90423c142680d49359cb3961872ebf?pvs=21),Credit card
Salad khunnai,THB 150.00,🍴Eating_APR26 (https://app.notion.com/p/Eating_APR26-2c90423c1426806d871cdf46708a3cc1?pvs=21),No,"April 10, 2026",April 26 (https://app.notion.com/p/April-26-2c90423c142680d49359cb3961872ebf?pvs=21),Online banking
มีความปัง,THB 100.00,🍴Eating_APR26 (https://app.notion.com/p/Eating_APR26-2c90423c1426806d871cdf46708a3cc1?pvs=21),No,"April 10, 2026",April 26 (https://app.notion.com/p/April-26-2c90423c142680d49359cb3961872ebf?pvs=21),Online banking
Camp,THB 180.00,🍴Eating_APR26 (https://app.notion.com/p/Eating_APR26-2c90423c1426806d871cdf46708a3cc1?pvs=21),No,"April 11, 2026",April 26 (https://app.notion.com/p/April-26-2c90423c142680d49359cb3961872ebf?pvs=21),Online banking
Hachiban ramen,THB 111.00,🍴Eating_APR26 (https://app.notion.com/p/Eating_APR26-2c90423c1426806d871cdf46708a3cc1?pvs=21),No,"April 11, 2026",April 26 (https://app.notion.com/p/April-26-2c90423c142680d49359cb3961872ebf?pvs=21),Online banking
Sukiya,THB 70.00,🍴Eating_APR26 (https://app.notion.com/p/Eating_APR26-2c90423c1426806d871cdf46708a3cc1?pvs=21),No,"April 11, 2026",April 26 (https://app.notion.com/p/April-26-2c90423c142680d49359cb3961872ebf?pvs=21),Online banking
SF,THB 140.00,🎮Entertainment_APR26 (https://app.notion.com/p/Entertainment_APR26-2c90423c142680a8b20ad8263b7b2754?pvs=21),No,"April 11, 2026",April 26 (https://app.notion.com/p/April-26-2c90423c142680d49359cb3961872ebf?pvs=21),Credit card
Watson ครีมกันแดด ยาสีฟัน ไหมขัดฟัน,THB 256.50,🛍️Shopping_APR26 (https://app.notion.com/p/Shopping_APR26-2c90423c142680c79337c95ba2839aff?pvs=21),No,"April 11, 2026",April 26 (https://app.notion.com/p/April-26-2c90423c142680d49359cb3961872ebf?pvs=21),Online banking
ละออ,THB 100.00,🍴Eating_APR26 (https://app.notion.com/p/Eating_APR26-2c90423c1426806d871cdf46708a3cc1?pvs=21),No,"April 12, 2026",April 26 (https://app.notion.com/p/April-26-2c90423c142680d49359cb3961872ebf?pvs=21),Online banking
Taste,THB 110.00,🍴Eating_APR26 (https://app.notion.com/p/Eating_APR26-2c90423c1426806d871cdf46708a3cc1?pvs=21),No,"April 12, 2026",April 26 (https://app.notion.com/p/April-26-2c90423c142680d49359cb3961872ebf?pvs=21),Online banking
ตั้งโต๊ะ,THB 284.00,🍴Eating_APR26 (https://app.notion.com/p/Eating_APR26-2c90423c1426806d871cdf46708a3cc1?pvs=21),No,"April 12, 2026",April 26 (https://app.notion.com/p/April-26-2c90423c142680d49359cb3961872ebf?pvs=21),Online banking
Food,THB 110.00,🍴Eating_APR26 (https://app.notion.com/p/Eating_APR26-2c90423c1426806d871cdf46708a3cc1?pvs=21),No,"April 13, 2026",April 26 (https://app.notion.com/p/April-26-2c90423c142680d49359cb3961872ebf?pvs=21),Online banking
ผลไม้สด,THB 50.00,🍴Eating_APR26 (https://app.notion.com/p/Eating_APR26-2c90423c1426806d871cdf46708a3cc1?pvs=21),No,"April 14, 2026",April 26 (https://app.notion.com/p/April-26-2c90423c142680d49359cb3961872ebf?pvs=21),Credit card
Rich,THB 243.00,🍴Eating_APR26 (https://app.notion.com/p/Eating_APR26-2c90423c1426806d871cdf46708a3cc1?pvs=21),No,"April 15, 2026",April 26 (https://app.notion.com/p/April-26-2c90423c142680d49359cb3961872ebf?pvs=21),Online banking
วัดสวนดอก,THB 100.00,❤️Lover_APR26 (https://app.notion.com/p/Lover_APR26-2c90423c1426800e8171ffee0a6f30c5?pvs=21),No,"April 15, 2026",April 26 (https://app.notion.com/p/April-26-2c90423c142680d49359cb3961872ebf?pvs=21),Online banking
ผลไม้,THB 50.00,🍴Eating_APR26 (https://app.notion.com/p/Eating_APR26-2c90423c1426806d871cdf46708a3cc1?pvs=21),No,"April 15, 2026",April 26 (https://app.notion.com/p/April-26-2c90423c142680d49359cb3961872ebf?pvs=21),Credit card
Food,THB 60.00,🍴Eating_APR26 (https://app.notion.com/p/Eating_APR26-2c90423c1426806d871cdf46708a3cc1?pvs=21),No,"April 15, 2026",April 26 (https://app.notion.com/p/April-26-2c90423c142680d49359cb3961872ebf?pvs=21),Online banking
Oil,THB 840.00,🛢️Transportation_APR26 (https://app.notion.com/p/Transportation_APR26-2c90423c142680158540ef1c92ff3acd?pvs=21),No,"April 16, 2026",April 26 (https://app.notion.com/p/April-26-2c90423c142680d49359cb3961872ebf?pvs=21),Credit card
ไก่ย่าง 5ดาว,THB 193.00,🍴Eating_APR26 (https://app.notion.com/p/Eating_APR26-2c90423c1426806d871cdf46708a3cc1?pvs=21),No,"April 16, 2026",April 26 (https://app.notion.com/p/April-26-2c90423c142680d49359cb3961872ebf?pvs=21),Credit card
บินไปสอบ,"THB 2,162.00",✈️Travel_APR26 (https://app.notion.com/p/Travel_APR26-2c90423c1426803abf9deb9f375e3511?pvs=21),No,"April 17, 2026",April 26 (https://app.notion.com/p/April-26-2c90423c142680d49359cb3961872ebf?pvs=21),Credit card
MK,"THB 1,162.00",🍴Eating_APR26 (https://app.notion.com/p/Eating_APR26-2c90423c1426806d871cdf46708a3cc1?pvs=21),No,"April 18, 2026",April 26 (https://app.notion.com/p/April-26-2c90423c142680d49359cb3961872ebf?pvs=21),Credit card
Swensen,THB 287.00,🍴Eating_APR26 (https://app.notion.com/p/Eating_APR26-2c90423c1426806d871cdf46708a3cc1?pvs=21),No,"April 18, 2026",April 26 (https://app.notion.com/p/April-26-2c90423c142680d49359cb3961872ebf?pvs=21),Online banking
Oil,THB 900.00,🛢️Transportation_APR26 (https://app.notion.com/p/Transportation_APR26-2c90423c142680158540ef1c92ff3acd?pvs=21),No,"April 19, 2026",April 26 (https://app.notion.com/p/April-26-2c90423c142680d49359cb3961872ebf?pvs=21),Credit card
ไส้กรอง,"THB 1,030.00",🏠Home_APR26 (https://app.notion.com/p/Home_APR26-2c90423c142680219165d7950d6a0a34?pvs=21),No,"April 19, 2026",April 26 (https://app.notion.com/p/April-26-2c90423c142680d49359cb3961872ebf?pvs=21),Credit card
จงเฮง,THB 122.50,🍴Eating_APR26 (https://app.notion.com/p/Eating_APR26-2c90423c1426806d871cdf46708a3cc1?pvs=21),No,"April 19, 2026",April 26 (https://app.notion.com/p/April-26-2c90423c142680d49359cb3961872ebf?pvs=21),Online banking
Sora,THB 60.00,🍴Eating_APR26 (https://app.notion.com/p/Eating_APR26-2c90423c1426806d871cdf46708a3cc1?pvs=21),No,"April 20, 2026",April 26 (https://app.notion.com/p/April-26-2c90423c142680d49359cb3961872ebf?pvs=21),Online banking
ค่าสอบ R3,"THB 17,000.00",📖Education_APR26 (https://app.notion.com/p/Education_APR26-2c90423c1426801e850bf191ea2a4cbf?pvs=21),No,"April 20, 2026",April 26 (https://app.notion.com/p/April-26-2c90423c142680d49359cb3961872ebf?pvs=21),Online banking
เส้นสด,THB 256.50,🍴Eating_APR26 (https://app.notion.com/p/Eating_APR26-2c90423c1426806d871cdf46708a3cc1?pvs=21),No,"April 20, 2026",April 26 (https://app.notion.com/p/April-26-2c90423c142680d49359cb3961872ebf?pvs=21),Online banking
สาย mi band 8,THB 105.00,🛍️Shopping_APR26 (https://app.notion.com/p/Shopping_APR26-2c90423c142680c79337c95ba2839aff?pvs=21),No,"April 20, 2026",April 26 (https://app.notion.com/p/April-26-2c90423c142680d49359cb3961872ebf?pvs=21),Credit card
ข้าวโรงอาหาร,THB 55.00,🍴Eating_APR26 (https://app.notion.com/p/Eating_APR26-2c90423c1426806d871cdf46708a3cc1?pvs=21),No,"April 21, 2026",April 26 (https://app.notion.com/p/April-26-2c90423c142680d49359cb3961872ebf?pvs=21),Online banking
ผลไม้,THB 50.00,🍴Eating_APR26 (https://app.notion.com/p/Eating_APR26-2c90423c1426806d871cdf46708a3cc1?pvs=21),No,"April 22, 2026",April 26 (https://app.notion.com/p/April-26-2c90423c142680d49359cb3961872ebf?pvs=21),Credit card
Manee fried chicken,THB 108.00,🍴Eating_APR26 (https://app.notion.com/p/Eating_APR26-2c90423c1426806d871cdf46708a3cc1?pvs=21),No,"April 23, 2026",April 26 (https://app.notion.com/p/April-26-2c90423c142680d49359cb3961872ebf?pvs=21),Credit card
Salad khunnai,THB 128.00,🍴Eating_APR26 (https://app.notion.com/p/Eating_APR26-2c90423c1426806d871cdf46708a3cc1?pvs=21),No,"April 23, 2026",April 26 (https://app.notion.com/p/April-26-2c90423c142680d49359cb3961872ebf?pvs=21),Credit card
Food OR,THB 62.00,🍴Eating_APR26 (https://app.notion.com/p/Eating_APR26-2c90423c1426806d871cdf46708a3cc1?pvs=21),No,"April 24, 2026",April 26 (https://app.notion.com/p/April-26-2c90423c142680d49359cb3961872ebf?pvs=21),Online banking
Top ของกินพีลพีล,THB 121.00,🍴Eating_APR26 (https://app.notion.com/p/Eating_APR26-2c90423c1426806d871cdf46708a3cc1?pvs=21),No,"April 24, 2026",April 26 (https://app.notion.com/p/April-26-2c90423c142680d49359cb3961872ebf?pvs=21),Credit card
Food,THB 17.00,🍴Eating_APR26 (https://app.notion.com/p/Eating_APR26-2c90423c1426806d871cdf46708a3cc1?pvs=21),No,"April 24, 2026",April 26 (https://app.notion.com/p/April-26-2c90423c142680d49359cb3961872ebf?pvs=21),Online banking
Food,THB 60.00,🍴Eating_APR26 (https://app.notion.com/p/Eating_APR26-2c90423c1426806d871cdf46708a3cc1?pvs=21),No,"April 24, 2026",April 26 (https://app.notion.com/p/April-26-2c90423c142680d49359cb3961872ebf?pvs=21),Credit card
เสริฟสุข,THB 313.00,🍴Eating_APR26 (https://app.notion.com/p/Eating_APR26-2c90423c1426806d871cdf46708a3cc1?pvs=21),No,"April 25, 2026",April 26 (https://app.notion.com/p/April-26-2c90423c142680d49359cb3961872ebf?pvs=21),Online banking
ซ่อมมอไซค์,"THB 2,660.00",🚗Car_APR26 (https://app.notion.com/p/Car_APR26-2c90423c14268017bad8fdfadb9a8c2d?pvs=21),No,"April 25, 2026",April 26 (https://app.notion.com/p/April-26-2c90423c142680d49359cb3961872ebf?pvs=21),Online banking
ข้าวผัดไก่กรอบ,THB 80.00,🍴Eating_APR26 (https://app.notion.com/p/Eating_APR26-2c90423c1426806d871cdf46708a3cc1?pvs=21),No,"April 26, 2026",April 26 (https://app.notion.com/p/April-26-2c90423c142680d49359cb3961872ebf?pvs=21),Credit card
Sora,THB 50.00,🍴Eating_APR26 (https://app.notion.com/p/Eating_APR26-2c90423c1426806d871cdf46708a3cc1?pvs=21),No,"April 27, 2026",April 26 (https://app.notion.com/p/April-26-2c90423c142680d49359cb3961872ebf?pvs=21),Online banking
กระดาษกรอง origami,THB 170.00,🛍️Shopping_APR26 (https://app.notion.com/p/Shopping_APR26-2c90423c142680c79337c95ba2839aff?pvs=21),No,"April 28, 2026",April 26 (https://app.notion.com/p/April-26-2c90423c142680d49359cb3961872ebf?pvs=21),Credit card
กระเพรากระด้ง,THB 72.00,🍴Eating_APR26 (https://app.notion.com/p/Eating_APR26-2c90423c1426806d871cdf46708a3cc1?pvs=21),No,"April 28, 2026",April 26 (https://app.notion.com/p/April-26-2c90423c142680d49359cb3961872ebf?pvs=21),Credit card
เครื่องทำลายเอกสาร Deli,THB 391.00,🏠Home_APR26 (https://app.notion.com/p/Home_APR26-2c90423c142680219165d7950d6a0a34?pvs=21),No,"April 29, 2026",April 26 (https://app.notion.com/p/April-26-2c90423c142680d49359cb3961872ebf?pvs=21),Credit card
สลัดฟาร์ม,THB 89.00,🍴Eating_APR26 (https://app.notion.com/p/Eating_APR26-2c90423c1426806d871cdf46708a3cc1?pvs=21),No,"April 29, 2026",April 26 (https://app.notion.com/p/April-26-2c90423c142680d49359cb3961872ebf?pvs=21),Credit card
สเต๊กกินกับอาหารคลีน,THB 238.50,🍴Eating_APR26 (https://app.notion.com/p/Eating_APR26-2c90423c1426806d871cdf46708a3cc1?pvs=21),No,"April 29, 2026",April 26 (https://app.notion.com/p/April-26-2c90423c142680d49359cb3961872ebf?pvs=21),Credit card
เต้าหู้ทอด,THB 70.00,🍴Eating_APR26 (https://app.notion.com/p/Eating_APR26-2c90423c1426806d871cdf46708a3cc1?pvs=21),No,"April 30, 2026",April 26 (https://app.notion.com/p/April-26-2c90423c142680d49359cb3961872ebf?pvs=21),Credit card
บุญปาก,THB 145.00,🍴Eating_MAY26 (https://app.notion.com/p/Eating_MAY26-2c90423c1426806588aac95b56dd3681?pvs=21),No,"May 1, 2026",May 26 (https://app.notion.com/p/May-26-2c90423c142680f38700e9cdb6025968?pvs=21),Online banking
Werb Haus Coffee,THB 52.00,🍴Eating_MAY26 (https://app.notion.com/p/Eating_MAY26-2c90423c1426806588aac95b56dd3681?pvs=21),No,"May 1, 2026",May 26 (https://app.notion.com/p/May-26-2c90423c142680f38700e9cdb6025968?pvs=21),Credit card
เบรคมอไซต์,THB 380.00,🚗Car_MAY26 (https://app.notion.com/p/Car_MAY26-2c90423c142680e1b993c9cb85b93386?pvs=21),No,"May 1, 2026",May 26 (https://app.notion.com/p/May-26-2c90423c142680f38700e9cdb6025968?pvs=21),Online banking
เตาอุ่น,THB 128.00,🍴Eating_MAY26 (https://app.notion.com/p/Eating_MAY26-2c90423c1426806588aac95b56dd3681?pvs=21),No,"May 1, 2026",May 26 (https://app.notion.com/p/May-26-2c90423c142680f38700e9cdb6025968?pvs=21),Online banking
ผลไม้,THB 50.00,🍴Eating_MAY26 (https://app.notion.com/p/Eating_MAY26-2c90423c1426806588aac95b56dd3681?pvs=21),No,"May 1, 2026",May 26 (https://app.notion.com/p/May-26-2c90423c142680f38700e9cdb6025968?pvs=21),Online banking
Geforce now,THB 219.00,🎮Entertainment_MAY26 (https://app.notion.com/p/Entertainment_MAY26-2c90423c14268047a642e95c72879a7b?pvs=21),No,"May 2, 2026",May 26 (https://app.notion.com/p/May-26-2c90423c142680f38700e9cdb6025968?pvs=21),Credit card
Amazon,THB 60.00,🍴Eating_MAY26 (https://app.notion.com/p/Eating_MAY26-2c90423c1426806588aac95b56dd3681?pvs=21),No,"May 2, 2026",May 26 (https://app.notion.com/p/May-26-2c90423c142680f38700e9cdb6025968?pvs=21),Online banking
Food,THB 30.00,🍴Eating_MAY26 (https://app.notion.com/p/Eating_MAY26-2c90423c1426806588aac95b56dd3681?pvs=21),No,"May 2, 2026",May 26 (https://app.notion.com/p/May-26-2c90423c142680f38700e9cdb6025968?pvs=21),Online banking
หอมเชย,THB 134.00,🍴Eating_MAY26 (https://app.notion.com/p/Eating_MAY26-2c90423c1426806588aac95b56dd3681?pvs=21),No,"May 2, 2026",May 26 (https://app.notion.com/p/May-26-2c90423c142680f38700e9cdb6025968?pvs=21),Online banking
Sister,THB 155.00,🍴Eating_MAY26 (https://app.notion.com/p/Eating_MAY26-2c90423c1426806588aac95b56dd3681?pvs=21),No,"May 3, 2026",May 26 (https://app.notion.com/p/May-26-2c90423c142680f38700e9cdb6025968?pvs=21),Online banking
Case  มือถือแม่,THB 95.00,🛍️Shopping_MAY26 (https://app.notion.com/p/Shopping_MAY26-2c90423c142680df8863ff0d6b408ee6?pvs=21),No,"May 3, 2026",May 26 (https://app.notion.com/p/May-26-2c90423c142680f38700e9cdb6025968?pvs=21),Credit card
Oil,THB 700.00,🛢️Transportation_MAY26 (https://app.notion.com/p/Transportation_MAY26-2c90423c1426808e8df9d51361f9449f?pvs=21),No,"May 4, 2026",May 26 (https://app.notion.com/p/May-26-2c90423c142680f38700e9cdb6025968?pvs=21),Credit card
โกยี,THB 75.00,🍴Eating_MAY26 (https://app.notion.com/p/Eating_MAY26-2c90423c1426806588aac95b56dd3681?pvs=21),No,"May 4, 2026",May 26 (https://app.notion.com/p/May-26-2c90423c142680f38700e9cdb6025968?pvs=21),Online banking
ผงซักฟอก สบู่,THB 338.00,🛍️Shopping_MAY26 (https://app.notion.com/p/Shopping_MAY26-2c90423c142680df8863ff0d6b408ee6?pvs=21),No,"May 4, 2026",May 26 (https://app.notion.com/p/May-26-2c90423c142680f38700e9cdb6025968?pvs=21),Credit card
ตัดผม,THB 130.00,💊Health & Fitness_MAY26 (https://app.notion.com/p/Health-Fitness_MAY26-2c90423c14268010b85ae19a641f2ac8?pvs=21),No,"May 4, 2026",May 26 (https://app.notion.com/p/May-26-2c90423c142680f38700e9cdb6025968?pvs=21),Online banking
เชฟรัญจน์,THB 69.00,🍴Eating_APR26 (https://app.notion.com/p/Eating_APR26-2c90423c1426806d871cdf46708a3cc1?pvs=21),No,"April 22, 2026",April 26 (https://app.notion.com/p/April-26-2c90423c142680d49359cb3961872ebf?pvs=21),Credit card
ป้าเครือ,THB 50.00,🍴Eating_MAY26 (https://app.notion.com/p/Eating_MAY26-2c90423c1426806588aac95b56dd3681?pvs=21),No,"May 5, 2026",May 26 (https://app.notion.com/p/May-26-2c90423c142680f38700e9cdb6025968?pvs=21),Online banking
Coffee,THB 520.00,🍴Eating_MAY26 (https://app.notion.com/p/Eating_MAY26-2c90423c1426806588aac95b56dd3681?pvs=21),No,"May 5, 2026",May 26 (https://app.notion.com/p/May-26-2c90423c142680f38700e9cdb6025968?pvs=21),Credit card
ลิต้า,THB 55.00,🍴Eating_MAY26 (https://app.notion.com/p/Eating_MAY26-2c90423c1426806588aac95b56dd3681?pvs=21),No,"May 6, 2026",May 26 (https://app.notion.com/p/May-26-2c90423c142680f38700e9cdb6025968?pvs=21),Online banking
Food,THB 27.00,🍴Eating_MAY26 (https://app.notion.com/p/Eating_MAY26-2c90423c1426806588aac95b56dd3681?pvs=21),No,"May 6, 2026",May 26 (https://app.notion.com/p/May-26-2c90423c142680f38700e9cdb6025968?pvs=21),Online banking
Manee fried chicken,THB 110.60,🍴Eating_MAY26 (https://app.notion.com/p/Eating_MAY26-2c90423c1426806588aac95b56dd3681?pvs=21),No,"May 6, 2026",May 26 (https://app.notion.com/p/May-26-2c90423c142680f38700e9cdb6025968?pvs=21),Credit card
เกียรตินิยม,THB 394.75,🍴Eating_MAY26 (https://app.notion.com/p/Eating_MAY26-2c90423c1426806588aac95b56dd3681?pvs=21),No,"May 7, 2026",May 26 (https://app.notion.com/p/May-26-2c90423c142680f38700e9cdb6025968?pvs=21),Online banking
Food,THB 62.00,🍴Eating_MAY26 (https://app.notion.com/p/Eating_MAY26-2c90423c1426806588aac95b56dd3681?pvs=21),No,"May 8, 2026",May 26 (https://app.notion.com/p/May-26-2c90423c142680f38700e9cdb6025968?pvs=21),Online banking
Salad khunnai,THB 138.00,🍴Eating_MAY26 (https://app.notion.com/p/Eating_MAY26-2c90423c1426806588aac95b56dd3681?pvs=21),No,"May 8, 2026",May 26 (https://app.notion.com/p/May-26-2c90423c142680f38700e9cdb6025968?pvs=21),Online banking
กาญจน์โภชนา,THB 89.00,🍴Eating_MAY26 (https://app.notion.com/p/Eating_MAY26-2c90423c1426806588aac95b56dd3681?pvs=21),No,"May 9, 2026",May 26 (https://app.notion.com/p/May-26-2c90423c142680f38700e9cdb6025968?pvs=21),Credit card
NS dock,THB 462.00,🎮Entertainment_MAY26 (https://app.notion.com/p/Entertainment_MAY26-2c90423c14268047a642e95c72879a7b?pvs=21),No,"May 9, 2026",May 26 (https://app.notion.com/p/May-26-2c90423c142680f38700e9cdb6025968?pvs=21),Credit card
Potto,THB 158.00,🍴Eating_MAY26 (https://app.notion.com/p/Eating_MAY26-2c90423c1426806588aac95b56dd3681?pvs=21),No,"May 10, 2026",May 26 (https://app.notion.com/p/May-26-2c90423c142680f38700e9cdb6025968?pvs=21),Credit card
ผลไม้,THB 50.00,🍴Eating_MAY26 (https://app.notion.com/p/Eating_MAY26-2c90423c1426806588aac95b56dd3681?pvs=21),No,"May 10, 2026",May 26 (https://app.notion.com/p/May-26-2c90423c142680f38700e9cdb6025968?pvs=21),Credit card
Coffee,THB 42.00,🍴Eating_MAY26 (https://app.notion.com/p/Eating_MAY26-2c90423c1426806588aac95b56dd3681?pvs=21),No,"May 11, 2026",May 26 (https://app.notion.com/p/May-26-2c90423c142680f38700e9cdb6025968?pvs=21),Online banking
Maz,THB 80.00,🍴Eating_MAY26 (https://app.notion.com/p/Eating_MAY26-2c90423c1426806588aac95b56dd3681?pvs=21),No,"May 11, 2026",May 26 (https://app.notion.com/p/May-26-2c90423c142680f38700e9cdb6025968?pvs=21),Online banking
มันอินเตอร์,THB 55.00,🍴Eating_MAY26 (https://app.notion.com/p/Eating_MAY26-2c90423c1426806588aac95b56dd3681?pvs=21),No,"May 11, 2026",May 26 (https://app.notion.com/p/May-26-2c90423c142680f38700e9cdb6025968?pvs=21),Credit card
Salad khunnai,THB 188.00,🍴Eating_MAY26 (https://app.notion.com/p/Eating_MAY26-2c90423c1426806588aac95b56dd3681?pvs=21),No,"May 12, 2026",May 26 (https://app.notion.com/p/May-26-2c90423c142680f38700e9cdb6025968?pvs=21),Online banking
Salad farm,THB 139.00,🍴Eating_MAY26 (https://app.notion.com/p/Eating_MAY26-2c90423c1426806588aac95b56dd3681?pvs=21),No,"May 12, 2026",May 26 (https://app.notion.com/p/May-26-2c90423c142680f38700e9cdb6025968?pvs=21),Credit card
มหาลาบ,THB 128.00,🍴Eating_MAY26 (https://app.notion.com/p/Eating_MAY26-2c90423c1426806588aac95b56dd3681?pvs=21),No,"May 13, 2026",May 26 (https://app.notion.com/p/May-26-2c90423c142680f38700e9cdb6025968?pvs=21),Online banking
สุกี้ช้างเผือก,THB 153.00,🍴Eating_MAY26 (https://app.notion.com/p/Eating_MAY26-2c90423c1426806588aac95b56dd3681?pvs=21),No,"May 14, 2026",May 26 (https://app.notion.com/p/May-26-2c90423c142680f38700e9cdb6025968?pvs=21),Credit card
Akai8,THB 85.00,🍴Eating_MAY26 (https://app.notion.com/p/Eating_MAY26-2c90423c1426806588aac95b56dd3681?pvs=21),No,"May 15, 2026",May 26 (https://app.notion.com/p/May-26-2c90423c142680f38700e9cdb6025968?pvs=21),Online banking
หมาล่าฅนนิยม,THB 80.00,🍴Eating_MAY26 (https://app.notion.com/p/Eating_MAY26-2c90423c1426806588aac95b56dd3681?pvs=21),No,"May 15, 2026",May 26 (https://app.notion.com/p/May-26-2c90423c142680f38700e9cdb6025968?pvs=21),Online banking
Seven,THB 136.00,🍴Eating_MAY26 (https://app.notion.com/p/Eating_MAY26-2c90423c1426806588aac95b56dd3681?pvs=21),No,"May 15, 2026",May 26 (https://app.notion.com/p/May-26-2c90423c142680f38700e9cdb6025968?pvs=21),Online banking
Durex,THB 717.00,❤️Lover_MAY26 (https://app.notion.com/p/Lover_MAY26-2c90423c1426808cb510e75cbefd5292?pvs=21),No,"May 16, 2026",May 26 (https://app.notion.com/p/May-26-2c90423c142680f38700e9cdb6025968?pvs=21),Credit card
Transit8,THB 120.00,🍴Eating_MAY26 (https://app.notion.com/p/Eating_MAY26-2c90423c1426806588aac95b56dd3681?pvs=21),No,"May 16, 2026",May 26 (https://app.notion.com/p/May-26-2c90423c142680f38700e9cdb6025968?pvs=21),Online banking
Salad khunnai,THB 138.00,🍴Eating_MAY26 (https://app.notion.com/p/Eating_MAY26-2c90423c1426806588aac95b56dd3681?pvs=21),No,"May 16, 2026",May 26 (https://app.notion.com/p/May-26-2c90423c142680f38700e9cdb6025968?pvs=21),Online banking
First officer,THB 75.00,🍴Eating_MAY26 (https://app.notion.com/p/Eating_MAY26-2c90423c1426806588aac95b56dd3681?pvs=21),No,"May 17, 2026",May 26 (https://app.notion.com/p/May-26-2c90423c142680f38700e9cdb6025968?pvs=21),Online banking
Soul,THB 184.00,🍴Eating_MAY26 (https://app.notion.com/p/Eating_MAY26-2c90423c1426806588aac95b56dd3681?pvs=21),No,"May 17, 2026",May 26 (https://app.notion.com/p/May-26-2c90423c142680f38700e9cdb6025968?pvs=21),Online banking
Food OR,THB 55.00,🍴Eating_MAY26 (https://app.notion.com/p/Eating_MAY26-2c90423c1426806588aac95b56dd3681?pvs=21),No,"May 19, 2026",May 26 (https://app.notion.com/p/May-26-2c90423c142680f38700e9cdb6025968?pvs=21),Online banking
KFC,THB 249.00,🍴Eating_MAY26 (https://app.notion.com/p/Eating_MAY26-2c90423c1426806588aac95b56dd3681?pvs=21),No,"May 19, 2026",May 26 (https://app.notion.com/p/May-26-2c90423c142680f38700e9cdb6025968?pvs=21),Credit card
Food,THB 62.00,🍴Eating_MAY26 (https://app.notion.com/p/Eating_MAY26-2c90423c1426806588aac95b56dd3681?pvs=21),No,"May 18, 2026",May 26 (https://app.notion.com/p/May-26-2c90423c142680f38700e9cdb6025968?pvs=21),Online banking
Thyme time,THB 310.00,🍴Eating_MAY26 (https://app.notion.com/p/Eating_MAY26-2c90423c1426806588aac95b56dd3681?pvs=21),No,"May 20, 2026",May 26 (https://app.notion.com/p/May-26-2c90423c142680f38700e9cdb6025968?pvs=21),Online banking
แมซ,THB 80.00,🍴Eating_MAY26 (https://app.notion.com/p/Eating_MAY26-2c90423c1426806588aac95b56dd3681?pvs=21),No,"May 21, 2026",May 26 (https://app.notion.com/p/May-26-2c90423c142680f38700e9cdb6025968?pvs=21),Online banking
ผลไม้,THB 25.00,🍴Eating_MAY26 (https://app.notion.com/p/Eating_MAY26-2c90423c1426806588aac95b56dd3681?pvs=21),No,"May 21, 2026",May 26 (https://app.notion.com/p/May-26-2c90423c142680f38700e9cdb6025968?pvs=21),Online banking
สหภาพสเต๊ก,THB 153.00,🍴Eating_MAY26 (https://app.notion.com/p/Eating_MAY26-2c90423c1426806588aac95b56dd3681?pvs=21),No,"May 21, 2026",May 26 (https://app.notion.com/p/May-26-2c90423c142680f38700e9cdb6025968?pvs=21),Credit card
โอ้กะจู๋,THB 342.00,🍴Eating_MAY26 (https://app.notion.com/p/Eating_MAY26-2c90423c1426806588aac95b56dd3681?pvs=21),No,"May 22, 2026",May 26 (https://app.notion.com/p/May-26-2c90423c142680f38700e9cdb6025968?pvs=21),Online banking
ถ่ายรูปไฮน์,THB 800.00,🎮Entertainment_MAY26 (https://app.notion.com/p/Entertainment_MAY26-2c90423c14268047a642e95c72879a7b?pvs=21),No,"May 22, 2026",May 26 (https://app.notion.com/p/May-26-2c90423c142680f38700e9cdb6025968?pvs=21),Online banking
Li Kai,THB 250.00,🍴Eating_MAY26 (https://app.notion.com/p/Eating_MAY26-2c90423c1426806588aac95b56dd3681?pvs=21),No,"May 23, 2026",May 26 (https://app.notion.com/p/May-26-2c90423c142680f38700e9cdb6025968?pvs=21),Online banking
Baristo,THB 85.00,🍴Eating_MAY26 (https://app.notion.com/p/Eating_MAY26-2c90423c1426806588aac95b56dd3681?pvs=21),No,"May 23, 2026",May 26 (https://app.notion.com/p/May-26-2c90423c142680f38700e9cdb6025968?pvs=21),Online banking
Living the dream,THB 75.00,🍴Eating_MAY26 (https://app.notion.com/p/Eating_MAY26-2c90423c1426806588aac95b56dd3681?pvs=21),No,"May 24, 2026",May 26 (https://app.notion.com/p/May-26-2c90423c142680f38700e9cdb6025968?pvs=21),Online banking
Fresh and mild,THB 164.00,🍴Eating_MAY26 (https://app.notion.com/p/Eating_MAY26-2c90423c1426806588aac95b56dd3681?pvs=21),No,"May 24, 2026",May 26 (https://app.notion.com/p/May-26-2c90423c142680f38700e9cdb6025968?pvs=21),Online banking
กะเพรากระด้ง,THB 315.00,🍴Eating_MAY26 (https://app.notion.com/p/Eating_MAY26-2c90423c1426806588aac95b56dd3681?pvs=21),No,"May 24, 2026",May 26 (https://app.notion.com/p/May-26-2c90423c142680f38700e9cdb6025968?pvs=21),Online banking
Salad farm,THB 78.00,🍴Eating_MAY26 (https://app.notion.com/p/Eating_MAY26-2c90423c1426806588aac95b56dd3681?pvs=21),No,"May 24, 2026",May 26 (https://app.notion.com/p/May-26-2c90423c142680f38700e9cdb6025968?pvs=21),Credit card
Pool villa,"THB 1,625.00",🎮Entertainment_MAY26 (https://app.notion.com/p/Entertainment_MAY26-2c90423c14268047a642e95c72879a7b?pvs=21),No,"May 25, 2026",May 26 (https://app.notion.com/p/May-26-2c90423c142680f38700e9cdb6025968?pvs=21),Online banking
ทางหลวง,THB 52.00,🍴Eating_MAY26 (https://app.notion.com/p/Eating_MAY26-2c90423c1426806588aac95b56dd3681?pvs=21),No,"May 25, 2026",May 26 (https://app.notion.com/p/May-26-2c90423c142680f38700e9cdb6025968?pvs=21),Online banking
โกเหลียง,THB 60.00,🍴Eating_MAY26 (https://app.notion.com/p/Eating_MAY26-2c90423c1426806588aac95b56dd3681?pvs=21),No,"May 26, 2026",May 26 (https://app.notion.com/p/May-26-2c90423c142680f38700e9cdb6025968?pvs=21),Online banking
สเต๊กในมอ,THB 190.00,🍴Eating_MAY26 (https://app.notion.com/p/Eating_MAY26-2c90423c1426806588aac95b56dd3681?pvs=21),No,"May 26, 2026",May 26 (https://app.notion.com/p/May-26-2c90423c142680f38700e9cdb6025968?pvs=21),Online banking
Coffee + กระดาษกรอง,THB 707.00,🛍️Shopping_MAY26 (https://app.notion.com/p/Shopping_MAY26-2c90423c142680df8863ff0d6b408ee6?pvs=21),No,"May 27, 2026",May 26 (https://app.notion.com/p/May-26-2c90423c142680f38700e9cdb6025968?pvs=21),Credit card
Fitwhey,THB 700.00,🛍️Shopping_MAY26 (https://app.notion.com/p/Shopping_MAY26-2c90423c142680df8863ff0d6b408ee6?pvs=21),No,"May 27, 2026",May 26 (https://app.notion.com/p/May-26-2c90423c142680f38700e9cdb6025968?pvs=21),Credit card
Salad khunnai,THB 158.00,🍴Eating_MAY26 (https://app.notion.com/p/Eating_MAY26-2c90423c1426806588aac95b56dd3681?pvs=21),No,"May 27, 2026",May 26 (https://app.notion.com/p/May-26-2c90423c142680f38700e9cdb6025968?pvs=21),Online banking
Salad farm,THB 133.00,🍴Eating_MAY26 (https://app.notion.com/p/Eating_MAY26-2c90423c1426806588aac95b56dd3681?pvs=21),No,"May 27, 2026",May 26 (https://app.notion.com/p/May-26-2c90423c142680f38700e9cdb6025968?pvs=21),Credit card
ส้มตำอุดร,THB 190.40,🍴Eating_MAY26 (https://app.notion.com/p/Eating_MAY26-2c90423c1426806588aac95b56dd3681?pvs=21),No,"May 28, 2026",May 26 (https://app.notion.com/p/May-26-2c90423c142680f38700e9cdb6025968?pvs=21),Online banking
หอ1,THB 137.00,🍴Eating_MAY26 (https://app.notion.com/p/Eating_MAY26-2c90423c1426806588aac95b56dd3681?pvs=21),No,"May 28, 2026",May 26 (https://app.notion.com/p/May-26-2c90423c142680f38700e9cdb6025968?pvs=21),Online banking
Grab,THB 72.00,🍴Eating_MAY26 (https://app.notion.com/p/Eating_MAY26-2c90423c1426806588aac95b56dd3681?pvs=21),No,"May 28, 2026",May 26 (https://app.notion.com/p/May-26-2c90423c142680f38700e9cdb6025968?pvs=21),Credit card
Top ของใช้ ของกิน,THB 322.00,🛍️Shopping_MAY26 (https://app.notion.com/p/Shopping_MAY26-2c90423c142680df8863ff0d6b408ee6?pvs=21),No,"May 30, 2026",May 26 (https://app.notion.com/p/May-26-2c90423c142680f38700e9cdb6025968?pvs=21),Credit card
เหนือล่องใต้,THB 85.00,🍴Eating_MAY26 (https://app.notion.com/p/Eating_MAY26-2c90423c1426806588aac95b56dd3681?pvs=21),No,"May 30, 2026",May 26 (https://app.notion.com/p/May-26-2c90423c142680f38700e9cdb6025968?pvs=21),Online banking
สหภาพสเต๊ก,THB 112.00,🍴Eating_MAY26 (https://app.notion.com/p/Eating_MAY26-2c90423c1426806588aac95b56dd3681?pvs=21),No,"May 31, 2026",May 26 (https://app.notion.com/p/May-26-2c90423c142680f38700e9cdb6025968?pvs=21),Credit card
ข้าวผัดไก่กรอบ,THB 80.00,🍴Eating_MAY26 (https://app.notion.com/p/Eating_MAY26-2c90423c1426806588aac95b56dd3681?pvs=21),No,"May 31, 2026",May 26 (https://app.notion.com/p/May-26-2c90423c142680f38700e9cdb6025968?pvs=21),Credit card
โกเหลียง ผลไม้,THB 92.00,🍴Eating_JUN26 (https://app.notion.com/p/Eating_JUN26-2c90423c142680f48950f5a7cad876b8?pvs=21),No,"June 1, 2026",June 26 (https://app.notion.com/p/June-26-2c90423c14268068b18cda2e38aaa9d1?pvs=21),Online banking
ลาบรื่น,THB 147.00,🍴Eating_JUN26 (https://app.notion.com/p/Eating_JUN26-2c90423c142680f48950f5a7cad876b8?pvs=21),No,"June 1, 2026",June 26 (https://app.notion.com/p/June-26-2c90423c14268068b18cda2e38aaa9d1?pvs=21),Online banking
ไก่ทอด,THB 18.00,🍴Eating_JUN26 (https://app.notion.com/p/Eating_JUN26-2c90423c142680f48950f5a7cad876b8?pvs=21),No,"June 2, 2026",June 26 (https://app.notion.com/p/June-26-2c90423c14268068b18cda2e38aaa9d1?pvs=21),Online banking
หอ1,THB 40.00,🍴Eating_JUN26 (https://app.notion.com/p/Eating_JUN26-2c90423c142680f48950f5a7cad876b8?pvs=21),No,"June 2, 2026",June 26 (https://app.notion.com/p/June-26-2c90423c14268068b18cda2e38aaa9d1?pvs=21),Online banking
Lotus,THB 101.00,🛍️Shopping_JUN26 (https://app.notion.com/p/Shopping_JUN26-2c90423c142680128e94eb9832915b8c?pvs=21),No,"June 3, 2026",June 26 (https://app.notion.com/p/June-26-2c90423c14268068b18cda2e38aaa9d1?pvs=21),Online banking
Manee fried chicken,THB 87.00,🍴Eating_JUN26 (https://app.notion.com/p/Eating_JUN26-2c90423c142680f48950f5a7cad876b8?pvs=21),No,"June 3, 2026",June 26 (https://app.notion.com/p/June-26-2c90423c14268068b18cda2e38aaa9d1?pvs=21),Credit card
ล้างแอร์,THB 500.00,🏠Home_JUN26 (https://app.notion.com/p/Home_JUN26-2c90423c14268022820ace73e72cdf94?pvs=21),No,"June 3, 2026",June 26 (https://app.notion.com/p/June-26-2c90423c14268068b18cda2e38aaa9d1?pvs=21),Online banking
กระเพราเต้าหู้หมูสับ,THB 50.00,🍴Eating_JUN26 (https://app.notion.com/p/Eating_JUN26-2c90423c142680f48950f5a7cad876b8?pvs=21),No,"June 3, 2026",June 26 (https://app.notion.com/p/June-26-2c90423c14268068b18cda2e38aaa9d1?pvs=21),Online banking
กางเกงใน Jockey,THB 790.00,🛍️Shopping_JUN26 (https://app.notion.com/p/Shopping_JUN26-2c90423c142680128e94eb9832915b8c?pvs=21),No,"June 3, 2026",June 26 (https://app.notion.com/p/June-26-2c90423c14268068b18cda2e38aaa9d1?pvs=21),Credit card
Pokopia,"THB 2,190.00",🎮Entertainment_JUN26 (https://app.notion.com/p/Entertainment_JUN26-2c90423c142680e4b08dfcfd8aea2747?pvs=21),No,"June 3, 2026",June 26 (https://app.notion.com/p/June-26-2c90423c14268068b18cda2e38aaa9d1?pvs=21),Credit card
OR + ข้าวเหนียวมะม่วง,THB 87.00,🍴Eating_JUN26 (https://app.notion.com/p/Eating_JUN26-2c90423c142680f48950f5a7cad876b8?pvs=21),No,"June 4, 2026",June 26 (https://app.notion.com/p/June-26-2c90423c14268068b18cda2e38aaa9d1?pvs=21),Online banking
เซเว่น,THB 63.00,🍴Eating_JUN26 (https://app.notion.com/p/Eating_JUN26-2c90423c142680f48950f5a7cad876b8?pvs=21),No,"June 4, 2026",June 26 (https://app.notion.com/p/June-26-2c90423c14268068b18cda2e38aaa9d1?pvs=21),Online banking
เซเว่น,THB 63.00,🍴Eating_JUN26 (https://app.notion.com/p/Eating_JUN26-2c90423c142680f48950f5a7cad876b8?pvs=21),No,"June 4, 2026",June 26 (https://app.notion.com/p/June-26-2c90423c14268068b18cda2e38aaa9d1?pvs=21),Online banking
ยาหยอด หญ้า แผ่นรอง ทราย,"THB 1,472.00",🐱Cat_JUN26 (https://app.notion.com/p/Cat_JUN26-2c90423c142680bb9c00ef217590d8e7?pvs=21),No,"June 5, 2026",June 26 (https://app.notion.com/p/June-26-2c90423c14268068b18cda2e38aaa9d1?pvs=21),Credit card
Salad  khunnai,THB 154.00,🍴Eating_JUN26 (https://app.notion.com/p/Eating_JUN26-2c90423c142680f48950f5a7cad876b8?pvs=21),No,"June 5, 2026",June 26 (https://app.notion.com/p/June-26-2c90423c14268068b18cda2e38aaa9d1?pvs=21),Credit card
หอ 1,THB 97.00,🍴Eating_JUN26 (https://app.notion.com/p/Eating_JUN26-2c90423c142680f48950f5a7cad876b8?pvs=21),No,"June 6, 2026",June 26 (https://app.notion.com/p/June-26-2c90423c14268068b18cda2e38aaa9d1?pvs=21),Online banking
Potto,THB 182.00,🍴Eating_JUN26 (https://app.notion.com/p/Eating_JUN26-2c90423c142680f48950f5a7cad876b8?pvs=21),No,"June 6, 2026",June 26 (https://app.notion.com/p/June-26-2c90423c14268068b18cda2e38aaa9d1?pvs=21),Credit card
หมูทอดหมูใจ,THB 63.00,🍴Eating_JUN26 (https://app.notion.com/p/Eating_JUN26-2c90423c142680f48950f5a7cad876b8?pvs=21),No,"June 7, 2026",June 26 (https://app.notion.com/p/June-26-2c90423c14268068b18cda2e38aaa9d1?pvs=21),Credit card
Smoothies,THB 97.00,🍴Eating_JUN26 (https://app.notion.com/p/Eating_JUN26-2c90423c142680f48950f5a7cad876b8?pvs=21),No,"June 7, 2026",June 26 (https://app.notion.com/p/June-26-2c90423c14268068b18cda2e38aaa9d1?pvs=21),Credit card
กะเพรากระด้ง,THB 50.00,🍴Eating_JUN26 (https://app.notion.com/p/Eating_JUN26-2c90423c142680f48950f5a7cad876b8?pvs=21),No,"June 7, 2026",June 26 (https://app.notion.com/p/June-26-2c90423c14268068b18cda2e38aaa9d1?pvs=21),Credit card
Final fantasy VII intergrade,THB 695.00,🎮Entertainment_JUN26 (https://app.notion.com/p/Entertainment_JUN26-2c90423c142680e4b08dfcfd8aea2747?pvs=21),No,"June 7, 2026",June 26 (https://app.notion.com/p/June-26-2c90423c14268068b18cda2e38aaa9d1?pvs=21),Credit card
OR,THB 52.00,🍴Eating_JUN26 (https://app.notion.com/p/Eating_JUN26-2c90423c142680f48950f5a7cad876b8?pvs=21),No,"June 8, 2026",June 26 (https://app.notion.com/p/June-26-2c90423c14268068b18cda2e38aaa9d1?pvs=21),Online banking
Manee fried chicken,THB 109.00,🍴Eating_JUN26 (https://app.notion.com/p/Eating_JUN26-2c90423c142680f48950f5a7cad876b8?pvs=21),No,"June 8, 2026",June 26 (https://app.notion.com/p/June-26-2c90423c14268068b18cda2e38aaa9d1?pvs=21),Credit card
แมส,THB 70.00,🍴Eating_JUN26 (https://app.notion.com/p/Eating_JUN26-2c90423c142680f48950f5a7cad876b8?pvs=21),No,"June 9, 2026",June 26 (https://app.notion.com/p/June-26-2c90423c14268068b18cda2e38aaa9d1?pvs=21),Online banking
ส่งใบค่าไม่ทำเวช,THB 68.00,📖Education_JUN26 (https://app.notion.com/p/Education_JUN26-2c90423c1426802681c2c3f4b16b8c1b?pvs=21),No,"June 9, 2026",June 26 (https://app.notion.com/p/June-26-2c90423c14268068b18cda2e38aaa9d1?pvs=21),Online banking
Popmart ให้อ.น้ำ,THB 47.00,🎮Entertainment_JUN26 (https://app.notion.com/p/Entertainment_JUN26-2c90423c142680e4b08dfcfd8aea2747?pvs=21),No,"June 9, 2026",June 26 (https://app.notion.com/p/June-26-2c90423c14268068b18cda2e38aaa9d1?pvs=21),Online banking
Swensen,THB 82.80,🍴Eating_JUN26 (https://app.notion.com/p/Eating_JUN26-2c90423c142680f48950f5a7cad876b8?pvs=21),No,"June 9, 2026",June 26 (https://app.notion.com/p/June-26-2c90423c14268068b18cda2e38aaa9d1?pvs=21),Online banking
ถั่วริมปิง,THB 254.00,🛍️Shopping_JUN26 (https://app.notion.com/p/Shopping_JUN26-2c90423c142680128e94eb9832915b8c?pvs=21),No,"June 9, 2026",June 26 (https://app.notion.com/p/June-26-2c90423c14268068b18cda2e38aaa9d1?pvs=21),Credit card
Food,THB 52.00,🍴Eating_JUN26 (https://app.notion.com/p/Eating_JUN26-2c90423c142680f48950f5a7cad876b8?pvs=21),No,"June 11, 2026",June 26 (https://app.notion.com/p/June-26-2c90423c14268068b18cda2e38aaa9d1?pvs=21),Online banking
Manee fried chicken,THB 78.00,🍴Eating_JUN26 (https://app.notion.com/p/Eating_JUN26-2c90423c142680f48950f5a7cad876b8?pvs=21),No,"June 11, 2026",June 26 (https://app.notion.com/p/June-26-2c90423c14268068b18cda2e38aaa9d1?pvs=21),Credit card
ของให้คนในภาค,THB 240.00,❤️Lover_JUN26 (https://app.notion.com/p/Lover_JUN26-2c90423c1426807cafa0cc177816daca?pvs=21),No,"June 11, 2026",June 26 (https://app.notion.com/p/June-26-2c90423c14268068b18cda2e38aaa9d1?pvs=21),Online banking
โกยี + light brown,THB 103.00,🍴Eating_JUN26 (https://app.notion.com/p/Eating_JUN26-2c90423c142680f48950f5a7cad876b8?pvs=21),No,"June 12, 2026",June 26 (https://app.notion.com/p/June-26-2c90423c14268068b18cda2e38aaa9d1?pvs=21),Online banking
บริจาควัดพระธาตุดอยคำ,THB 100.00,❤️Lover_JUN26 (https://app.notion.com/p/Lover_JUN26-2c90423c1426807cafa0cc177816daca?pvs=21),No,"June 13, 2026",June 26 (https://app.notion.com/p/June-26-2c90423c14268068b18cda2e38aaa9d1?pvs=21),Online banking
Fernpresso,THB 230.00,🍴Eating_JUN26 (https://app.notion.com/p/Eating_JUN26-2c90423c142680f48950f5a7cad876b8?pvs=21),No,"June 13, 2026",June 26 (https://app.notion.com/p/June-26-2c90423c14268068b18cda2e38aaa9d1?pvs=21),Online banking
โอ้กระจู๋,THB 354.00,🍴Eating_JUN26 (https://app.notion.com/p/Eating_JUN26-2c90423c142680f48950f5a7cad876b8?pvs=21),No,"June 13, 2026",June 26 (https://app.notion.com/p/June-26-2c90423c14268068b18cda2e38aaa9d1?pvs=21),Online banking
Sofuto,THB 12.00,🍴Eating_JUN26 (https://app.notion.com/p/Eating_JUN26-2c90423c142680f48950f5a7cad876b8?pvs=21),No,"June 13, 2026",June 26 (https://app.notion.com/p/June-26-2c90423c14268068b18cda2e38aaa9d1?pvs=21),Online banking
Kare rice,THB 188.00,🍴Eating_JUN26 (https://app.notion.com/p/Eating_JUN26-2c90423c142680f48950f5a7cad876b8?pvs=21),No,"June 14, 2026",June 26 (https://app.notion.com/p/June-26-2c90423c14268068b18cda2e38aaa9d1?pvs=21),Online banking
Coco cabinet,THB 185.00,🍴Eating_JUN26 (https://app.notion.com/p/Eating_JUN26-2c90423c142680f48950f5a7cad876b8?pvs=21),No,"June 14, 2026",June 26 (https://app.notion.com/p/June-26-2c90423c14268068b18cda2e38aaa9d1?pvs=21),Online banking
กระเพรากระด้ง,THB 49.00,🍴Eating_JUN26 (https://app.notion.com/p/Eating_JUN26-2c90423c142680f48950f5a7cad876b8?pvs=21),No,"June 14, 2026",June 26 (https://app.notion.com/p/June-26-2c90423c14268068b18cda2e38aaa9d1?pvs=21),Credit card
ไข่ข้น + ข้าวขยำปลาทู,THB 67.20,🍴Eating_JUN26 (https://app.notion.com/p/Eating_JUN26-2c90423c142680f48950f5a7cad876b8?pvs=21),No,"June 15, 2026",June 26 (https://app.notion.com/p/June-26-2c90423c14268068b18cda2e38aaa9d1?pvs=21),Online banking
หมี่ไก่ฉีก,THB 67.20,🍴Eating_JUN26 (https://app.notion.com/p/Eating_JUN26-2c90423c142680f48950f5a7cad876b8?pvs=21),No,"June 16, 2026",June 26 (https://app.notion.com/p/June-26-2c90423c14268068b18cda2e38aaa9d1?pvs=21),Online banking
FAM Cafe,THB 646.00,🍴Eating_JUN26 (https://app.notion.com/p/Eating_JUN26-2c90423c142680f48950f5a7cad876b8?pvs=21),No,"June 17, 2026",June 26 (https://app.notion.com/p/June-26-2c90423c14268068b18cda2e38aaa9d1?pvs=21),Online banking
ส้มตำ,THB 140.00,🍴Eating_JUN26 (https://app.notion.com/p/Eating_JUN26-2c90423c142680f48950f5a7cad876b8?pvs=21),No,"June 17, 2026",June 26 (https://app.notion.com/p/June-26-2c90423c14268068b18cda2e38aaa9d1?pvs=21),Online banking
ทำบุญโลงศพ วัดถ้ำเชียงดาว,THB 100.00,❤️Lover_JUN26 (https://app.notion.com/p/Lover_JUN26-2c90423c1426807cafa0cc177816daca?pvs=21),No,"June 17, 2026",June 26 (https://app.notion.com/p/June-26-2c90423c14268068b18cda2e38aaa9d1?pvs=21),Online banking
Seven,THB 206.00,🍴Eating_JUN26 (https://app.notion.com/p/Eating_JUN26-2c90423c142680f48950f5a7cad876b8?pvs=21),No,"June 17, 2026",June 26 (https://app.notion.com/p/June-26-2c90423c14268068b18cda2e38aaa9d1?pvs=21),Online banking
The FAM,THB 317.00,🍴Eating_JUN26 (https://app.notion.com/p/Eating_JUN26-2c90423c142680f48950f5a7cad876b8?pvs=21),No,"June 17, 2026",June 26 (https://app.notion.com/p/June-26-2c90423c14268068b18cda2e38aaa9d1?pvs=21),Online banking
ทสสน,THB 300.00,🍴Eating_JUN26 (https://app.notion.com/p/Eating_JUN26-2c90423c142680f48950f5a7cad876b8?pvs=21),No,"June 18, 2026",June 26 (https://app.notion.com/p/June-26-2c90423c14268068b18cda2e38aaa9d1?pvs=21),Online banking
ก๋วยเตี๋ยว,THB 40.00,🍴Eating_JUN26 (https://app.notion.com/p/Eating_JUN26-2c90423c142680f48950f5a7cad876b8?pvs=21),No,"June 18, 2026",June 26 (https://app.notion.com/p/June-26-2c90423c14268068b18cda2e38aaa9d1?pvs=21),Online banking
ถ่าน ขนม,THB 114.00,🛍️Shopping_JUN26 (https://app.notion.com/p/Shopping_JUN26-2c90423c142680128e94eb9832915b8c?pvs=21),No,"June 18, 2026",June 26 (https://app.notion.com/p/June-26-2c90423c14268068b18cda2e38aaa9d1?pvs=21),Online banking
กะเพรา,THB 200.00,🍴Eating_JUN26 (https://app.notion.com/p/Eating_JUN26-2c90423c142680f48950f5a7cad876b8?pvs=21),No,"June 18, 2026",June 26 (https://app.notion.com/p/June-26-2c90423c14268068b18cda2e38aaa9d1?pvs=21),Online banking
TATA lemon farm,THB 160.00,🍴Eating_JUN26 (https://app.notion.com/p/Eating_JUN26-2c90423c142680f48950f5a7cad876b8?pvs=21),No,"June 19, 2026",June 26 (https://app.notion.com/p/June-26-2c90423c14268068b18cda2e38aaa9d1?pvs=21),Online banking
ตามสั่ง,THB 120.00,🍴Eating_JUN26 (https://app.notion.com/p/Eating_JUN26-2c90423c142680f48950f5a7cad876b8?pvs=21),No,"June 19, 2026",June 26 (https://app.notion.com/p/June-26-2c90423c14268068b18cda2e38aaa9d1?pvs=21),Online banking
Oppo find X9,"THB 18,450.00",🛍️Shopping_JUN26 (https://app.notion.com/p/Shopping_JUN26-2c90423c142680128e94eb9832915b8c?pvs=21),No,"June 20, 2026",June 26 (https://app.notion.com/p/June-26-2c90423c14268068b18cda2e38aaa9d1?pvs=21),Credit card
Swensen miniquart,THB 99.00,🍴Eating_JUN26 (https://app.notion.com/p/Eating_JUN26-2c90423c142680f48950f5a7cad876b8?pvs=21),No,"June 20, 2026",June 26 (https://app.notion.com/p/June-26-2c90423c14268068b18cda2e38aaa9d1?pvs=21),Online banking
Amazon,THB 55.00,🍴Eating_JUN26 (https://app.notion.com/p/Eating_JUN26-2c90423c142680f48950f5a7cad876b8?pvs=21),No,"June 21, 2026",June 26 (https://app.notion.com/p/June-26-2c90423c14268068b18cda2e38aaa9d1?pvs=21),Online banking
เห่ย์ เห่ย์,THB 83.00,🍴Eating_JUN26 (https://app.notion.com/p/Eating_JUN26-2c90423c142680f48950f5a7cad876b8?pvs=21),No,"June 21, 2026",June 26 (https://app.notion.com/p/June-26-2c90423c14268068b18cda2e38aaa9d1?pvs=21),Online banking
Cheevit Cheewa,THB 470.00,🍴Eating_JUN26 (https://app.notion.com/p/Eating_JUN26-2c90423c142680f48950f5a7cad876b8?pvs=21),No,"June 21, 2026",June 26 (https://app.notion.com/p/June-26-2c90423c14268068b18cda2e38aaa9d1?pvs=21),Online banking
ตั้งโต๊ะ,THB 384.00,🍴Eating_JUN26 (https://app.notion.com/p/Eating_JUN26-2c90423c142680f48950f5a7cad876b8?pvs=21),No,"June 21, 2026",June 26 (https://app.notion.com/p/June-26-2c90423c14268068b18cda2e38aaa9d1?pvs=21),Online banking
เก๊กฮวย,THB 42.00,🍴Eating_JUN26 (https://app.notion.com/p/Eating_JUN26-2c90423c142680f48950f5a7cad876b8?pvs=21),No,"June 22, 2026",June 26 (https://app.notion.com/p/June-26-2c90423c14268068b18cda2e38aaa9d1?pvs=21),Online banking
Piang,THB 150.00,🍴Eating_JUN26 (https://app.notion.com/p/Eating_JUN26-2c90423c142680f48950f5a7cad876b8?pvs=21),No,"June 23, 2026",June 26 (https://app.notion.com/p/June-26-2c90423c14268068b18cda2e38aaa9d1?pvs=21),Online banking
Manee fried chicken,THB 87.20,🍴Eating_JUN26 (https://app.notion.com/p/Eating_JUN26-2c90423c142680f48950f5a7cad876b8?pvs=21),No,"June 23, 2026",June 26 (https://app.notion.com/p/June-26-2c90423c14268068b18cda2e38aaa9d1?pvs=21),Online banking
เก๊กฮวย,THB 44.00,🍴Eating_JUN26 (https://app.notion.com/p/Eating_JUN26-2c90423c142680f48950f5a7cad876b8?pvs=21),No,"June 23, 2026",June 26 (https://app.notion.com/p/June-26-2c90423c14268068b18cda2e38aaa9d1?pvs=21),Online banking
สหภาพสเต๊ก,THB 76.00,🍴Eating_JUN26 (https://app.notion.com/p/Eating_JUN26-2c90423c142680f48950f5a7cad876b8?pvs=21),No,"June 24, 2026",June 26 (https://app.notion.com/p/June-26-2c90423c14268068b18cda2e38aaa9d1?pvs=21),Online banking
ถ่ายรูป,THB 129.00,🎮Entertainment_JUN26 (https://app.notion.com/p/Entertainment_JUN26-2c90423c142680e4b08dfcfd8aea2747?pvs=21),No,"June 24, 2026",June 26 (https://app.notion.com/p/June-26-2c90423c14268068b18cda2e38aaa9d1?pvs=21),Online banking
นายอินทร์,THB 717.00,📖Education_JUN26 (https://app.notion.com/p/Education_JUN26-2c90423c1426802681c2c3f4b16b8c1b?pvs=21),No,"June 24, 2026",June 26 (https://app.notion.com/p/June-26-2c90423c14268068b18cda2e38aaa9d1?pvs=21),Online banking
ส้มตำอุดร,THB 164.00,🍴Eating_JUN26 (https://app.notion.com/p/Eating_JUN26-2c90423c142680f48950f5a7cad876b8?pvs=21),No,"June 25, 2026",June 26 (https://app.notion.com/p/June-26-2c90423c14268068b18cda2e38aaa9d1?pvs=21),Online banking
ครัวอุไร,THB 115.00,🍴Eating_JUN26 (https://app.notion.com/p/Eating_JUN26-2c90423c142680f48950f5a7cad876b8?pvs=21),No,"June 25, 2026",June 26 (https://app.notion.com/p/June-26-2c90423c14268068b18cda2e38aaa9d1?pvs=21),Online banking
ไอติมร้อยรส,THB 82.00,🍴Eating_JUN26 (https://app.notion.com/p/Eating_JUN26-2c90423c142680f48950f5a7cad876b8?pvs=21),No,"June 25, 2026",June 26 (https://app.notion.com/p/June-26-2c90423c14268068b18cda2e38aaa9d1?pvs=21),Online banking
ข้าวหน้าหมูย่างฮอกไกโด,THB 90.80,🍴Eating_JUN26 (https://app.notion.com/p/Eating_JUN26-2c90423c142680f48950f5a7cad876b8?pvs=21),No,"June 26, 2026",June 26 (https://app.notion.com/p/June-26-2c90423c14268068b18cda2e38aaa9d1?pvs=21),Online banking
ไอติม KFC,THB 12.00,🍴Eating_JUN26 (https://app.notion.com/p/Eating_JUN26-2c90423c142680f48950f5a7cad876b8?pvs=21),No,"June 26, 2026",June 26 (https://app.notion.com/p/June-26-2c90423c14268068b18cda2e38aaa9d1?pvs=21),Online banking
Grab,THB 81.00,🛢️Transportation_JUN26 (https://app.notion.com/p/Transportation_JUN26-2c90423c1426802982c2d90d2a402c56?pvs=21),No,"June 26, 2026",June 26 (https://app.notion.com/p/June-26-2c90423c14268068b18cda2e38aaa9d1?pvs=21),Credit card
Bolt,THB 103.00,🛢️Transportation_JUN26 (https://app.notion.com/p/Transportation_JUN26-2c90423c1426802982c2d90d2a402c56?pvs=21),No,"June 26, 2026",June 26 (https://app.notion.com/p/June-26-2c90423c14268068b18cda2e38aaa9d1?pvs=21),Online banking
สุกี้จินดา,THB 388.00,🍴Eating_JUN26 (https://app.notion.com/p/Eating_JUN26-2c90423c142680f48950f5a7cad876b8?pvs=21),No,"June 26, 2026",June 26 (https://app.notion.com/p/June-26-2c90423c14268068b18cda2e38aaa9d1?pvs=21),Online banking
Grab,THB 89.00,🛢️Transportation_JUN26 (https://app.notion.com/p/Transportation_JUN26-2c90423c1426802982c2d90d2a402c56?pvs=21),No,"June 27, 2026",June 26 (https://app.notion.com/p/June-26-2c90423c14268068b18cda2e38aaa9d1?pvs=21),Credit card
โตเกียว + ข้าว + ผลไม้,THB 67.00,🍴Eating_JUN26 (https://app.notion.com/p/Eating_JUN26-2c90423c142680f48950f5a7cad876b8?pvs=21),No,"June 27, 2026",June 26 (https://app.notion.com/p/June-26-2c90423c14268068b18cda2e38aaa9d1?pvs=21),Online banking
Amazon,THB 70.00,🍴Eating_JUN26 (https://app.notion.com/p/Eating_JUN26-2c90423c142680f48950f5a7cad876b8?pvs=21),No,"June 27, 2026",June 26 (https://app.notion.com/p/June-26-2c90423c14268068b18cda2e38aaa9d1?pvs=21),Online banking
Food,THB 132.00,🍴Eating_JUN26 (https://app.notion.com/p/Eating_JUN26-2c90423c142680f48950f5a7cad876b8?pvs=21),No,"June 27, 2026",June 26 (https://app.notion.com/p/June-26-2c90423c14268068b18cda2e38aaa9d1?pvs=21),Online banking
Seven,THB 75.00,🍴Eating_JUN26 (https://app.notion.com/p/Eating_JUN26-2c90423c142680f48950f5a7cad876b8?pvs=21),No,"June 27, 2026",June 26 (https://app.notion.com/p/June-26-2c90423c14268068b18cda2e38aaa9d1?pvs=21),Online banking
Grab,THB 76.00,🛢️Transportation_JUN26 (https://app.notion.com/p/Transportation_JUN26-2c90423c1426802982c2d90d2a402c56?pvs=21),No,"June 28, 2026",June 26 (https://app.notion.com/p/June-26-2c90423c14268068b18cda2e38aaa9d1?pvs=21),Credit card
Sukiya,THB 129.00,🍴Eating_JUN26 (https://app.notion.com/p/Eating_JUN26-2c90423c142680f48950f5a7cad876b8?pvs=21),No,"June 28, 2026",June 26 (https://app.notion.com/p/June-26-2c90423c14268068b18cda2e38aaa9d1?pvs=21),Online banking
MoMo,THB 662.00,🍴Eating_JUN26 (https://app.notion.com/p/Eating_JUN26-2c90423c142680f48950f5a7cad876b8?pvs=21),No,"June 28, 2026",June 26 (https://app.notion.com/p/June-26-2c90423c14268068b18cda2e38aaa9d1?pvs=21),Online banking
Grab พี่ไม่ + กันต์,THB 144.80,🛢️Transportation_JUN26 (https://app.notion.com/p/Transportation_JUN26-2c90423c1426802982c2d90d2a402c56?pvs=21),No,"June 28, 2026",June 26 (https://app.notion.com/p/June-26-2c90423c14268068b18cda2e38aaa9d1?pvs=21),Online banking
Taxi,THB 100.00,🛢️Transportation_JUN26 (https://app.notion.com/p/Transportation_JUN26-2c90423c1426802982c2d90d2a402c56?pvs=21),No,"June 28, 2026",June 26 (https://app.notion.com/p/June-26-2c90423c14268068b18cda2e38aaa9d1?pvs=21),Credit card
ตู้เสื้อผ้า,THB 643.00,🏠Home_JUN26 (https://app.notion.com/p/Home_JUN26-2c90423c14268022820ace73e72cdf94?pvs=21),No,"June 29, 2026",June 26 (https://app.notion.com/p/June-26-2c90423c14268068b18cda2e38aaa9d1?pvs=21),Credit card
Trofe.cx,THB 79.60,🍴Eating_JUN26 (https://app.notion.com/p/Eating_JUN26-2c90423c142680f48950f5a7cad876b8?pvs=21),No,"June 29, 2026",June 26 (https://app.notion.com/p/June-26-2c90423c14268068b18cda2e38aaa9d1?pvs=21),Online banking
ก๋วยเตี๋ยวคำหวาน,THB 638.00,🍴Eating_JUN26 (https://app.notion.com/p/Eating_JUN26-2c90423c142680f48950f5a7cad876b8?pvs=21),No,"June 29, 2026",June 26 (https://app.notion.com/p/June-26-2c90423c14268068b18cda2e38aaa9d1?pvs=21),Online banking
Seven,THB 64.00,🍴Eating_JUN26 (https://app.notion.com/p/Eating_JUN26-2c90423c142680f48950f5a7cad876b8?pvs=21),No,"June 29, 2026",June 26 (https://app.notion.com/p/June-26-2c90423c14268068b18cda2e38aaa9d1?pvs=21),Online banking
ไข่ + ขนม,THB 51.00,🍴Eating_JUN26 (https://app.notion.com/p/Eating_JUN26-2c90423c142680f48950f5a7cad876b8?pvs=21),No,"June 29, 2026",June 26 (https://app.notion.com/p/June-26-2c90423c14268068b18cda2e38aaa9d1?pvs=21),Online banking
Kate and Kim coffee,THB 638.00,🍴Eating_JUN26 (https://app.notion.com/p/Eating_JUN26-2c90423c142680f48950f5a7cad876b8?pvs=21),No,"June 29, 2026",June 26 (https://app.notion.com/p/June-26-2c90423c14268068b18cda2e38aaa9d1?pvs=21),Credit card
ลูกชิ้น,THB 40.00,🍴Eating_JUN26 (https://app.notion.com/p/Eating_JUN26-2c90423c142680f48950f5a7cad876b8?pvs=21),No,"June 30, 2026",June 26 (https://app.notion.com/p/June-26-2c90423c14268068b18cda2e38aaa9d1?pvs=21),Online banking
ซักผ้า,THB 150.00,🏠Home_JUN26 (https://app.notion.com/p/Home_JUN26-2c90423c14268022820ace73e72cdf94?pvs=21),No,"June 30, 2026",June 26 (https://app.notion.com/p/June-26-2c90423c14268068b18cda2e38aaa9d1?pvs=21),Online banking
BigC,"THB 1,432.00",🛍️Shopping_JUN26 (https://app.notion.com/p/Shopping_JUN26-2c90423c142680128e94eb9832915b8c?pvs=21),No,"June 30, 2026",June 26 (https://app.notion.com/p/June-26-2c90423c14268068b18cda2e38aaa9d1?pvs=21),Credit card
กระเพรา,THB 105.00,🍴Eating_JUL26 (https://app.notion.com/p/Eating_JUL26-2c90423c142680f3ba82c16f50bc7ad9?pvs=21),No,"July 2, 2026",July 26 (https://app.notion.com/p/July-26-2c90423c142680d393b7f6a4171c0151?pvs=21),Online banking
Seven,THB 148.00,🍴Eating_JUL26 (https://app.notion.com/p/Eating_JUL26-2c90423c142680f3ba82c16f50bc7ad9?pvs=21),No,"July 2, 2026",July 26 (https://app.notion.com/p/July-26-2c90423c142680d393b7f6a4171c0151?pvs=21),Online banking
ถ่ายเอกสาร,THB 16.00,📖Education_JUL26 (https://app.notion.com/p/Education_JUL26-2c90423c1426801f94b9da660762417a?pvs=21),No,"July 3, 2026",July 26 (https://app.notion.com/p/July-26-2c90423c142680d393b7f6a4171c0151?pvs=21),Online banking
หอมเชย,THB 73.60,🍴Eating_JUL26 (https://app.notion.com/p/Eating_JUL26-2c90423c142680f3ba82c16f50bc7ad9?pvs=21),No,"July 3, 2026",July 26 (https://app.notion.com/p/July-26-2c90423c142680d393b7f6a4171c0151?pvs=21),Online banking
Oil,THB 700.00,🛢️Transportation_JUL26 (https://app.notion.com/p/Transportation_JUL26-2c90423c14268050b3b9f0c35b169436?pvs=21),No,"July 3, 2026",July 26 (https://app.notion.com/p/July-26-2c90423c142680d393b7f6a4171c0151?pvs=21),Credit card
ข้าวมันไก่ + กาแฟ central,THB 135.00,🍴Eating_JUL26 (https://app.notion.com/p/Eating_JUL26-2c90423c142680f3ba82c16f50bc7ad9?pvs=21),No,"July 4, 2026",July 26 (https://app.notion.com/p/July-26-2c90423c142680d393b7f6a4171c0151?pvs=21),Online banking
Uniqlo shirt x2,"THB 2,580.00",🛍️Shopping_JUL26 (https://app.notion.com/p/Shopping_JUL26-2c90423c142680cdbd60c3aec4e300a9?pvs=21),No,"July 4, 2026",July 26 (https://app.notion.com/p/July-26-2c90423c142680d393b7f6a4171c0151?pvs=21),Credit card
น้ำยาย้อมผมแม่,THB 178.00,🛍️Shopping_JUL26 (https://app.notion.com/p/Shopping_JUL26-2c90423c142680cdbd60c3aec4e300a9?pvs=21),No,"July 4, 2026",July 26 (https://app.notion.com/p/July-26-2c90423c142680d393b7f6a4171c0151?pvs=21),Online banking
Coffee + server + dripper + paper,"THB 1,079.00",🛍️Shopping_JUL26 (https://app.notion.com/p/Shopping_JUL26-2c90423c142680cdbd60c3aec4e300a9?pvs=21),No,"July 5, 2026",July 26 (https://app.notion.com/p/July-26-2c90423c142680d393b7f6a4171c0151?pvs=21),Credit card
Oil,THB 930.00,🛢️Transportation_JUL26 (https://app.notion.com/p/Transportation_JUL26-2c90423c14268050b3b9f0c35b169436?pvs=21),No,"July 6, 2026",July 26 (https://app.notion.com/p/July-26-2c90423c142680d393b7f6a4171c0151?pvs=21),Credit card
B fitness,THB 50.00,💊Health & Fitness_JUL26 (https://app.notion.com/p/Health-Fitness_JUL26-2c90423c1426803dac22f06e2fc768b9?pvs=21),No,"July 6, 2026",July 26 (https://app.notion.com/p/July-26-2c90423c142680d393b7f6a4171c0151?pvs=21),Online banking
ซักผ้า,THB 90.00,🏠Home_JUL26 (https://app.notion.com/p/Home_JUL26-2c90423c142680f9b5f6eed73ba6a974?pvs=21),No,"July 7, 2026",July 26 (https://app.notion.com/p/July-26-2c90423c142680d393b7f6a4171c0151?pvs=21),Online banking
ร้านข้าวรพ.,THB 35.00,🍴Eating_JUL26 (https://app.notion.com/p/Eating_JUL26-2c90423c142680f3ba82c16f50bc7ad9?pvs=21),No,"July 8, 2026",July 26 (https://app.notion.com/p/July-26-2c90423c142680d393b7f6a4171c0151?pvs=21),Online banking
Ai cha,THB 55.00,🍴Eating_JUL26 (https://app.notion.com/p/Eating_JUL26-2c90423c142680f3ba82c16f50bc7ad9?pvs=21),No,"July 9, 2026",July 26 (https://app.notion.com/p/July-26-2c90423c142680d393b7f6a4171c0151?pvs=21),Online banking
Cult,THB 110.00,🍴Eating_JUL26 (https://app.notion.com/p/Eating_JUL26-2c90423c142680f3ba82c16f50bc7ad9?pvs=21),No,"July 11, 2026",July 26 (https://app.notion.com/p/July-26-2c90423c142680d393b7f6a4171c0151?pvs=21),Online banking
Macro,"THB 1,750.50",🛍️Shopping_JUL26 (https://app.notion.com/p/Shopping_JUL26-2c90423c142680cdbd60c3aec4e300a9?pvs=21),No,"July 11, 2026",July 26 (https://app.notion.com/p/July-26-2c90423c142680d393b7f6a4171c0151?pvs=21),Credit card
ไข่ นม น้ำส้มสายชู เบคกิ้งโซดา,THB 88.00,🛍️Shopping_JUL26 (https://app.notion.com/p/Shopping_JUL26-2c90423c142680cdbd60c3aec4e300a9?pvs=21),No,"July 11, 2026",July 26 (https://app.notion.com/p/July-26-2c90423c142680d393b7f6a4171c0151?pvs=21),Online banking
ก๋วยเตี๋ยวชักธงดู๋ดี๋,THB 42.00,🍴Eating_JUL26 (https://app.notion.com/p/Eating_JUL26-2c90423c142680f3ba82c16f50bc7ad9?pvs=21),No,"July 13, 2026",July 26 (https://app.notion.com/p/July-26-2c90423c142680d393b7f6a4171c0151?pvs=21),Online banking
พันธุ์ไทย,THB 50.00,🍴Eating_JUL26 (https://app.notion.com/p/Eating_JUL26-2c90423c142680f3ba82c16f50bc7ad9?pvs=21),No,"July 13, 2026",July 26 (https://app.notion.com/p/July-26-2c90423c142680d393b7f6a4171c0151?pvs=21),Online banking
กระเพราหมูกรอบ ไข่ดาว,THB 55.00,🍴Eating_JUL26 (https://app.notion.com/p/Eating_JUL26-2c90423c142680f3ba82c16f50bc7ad9?pvs=21),No,"July 14, 2026",July 26 (https://app.notion.com/p/July-26-2c90423c142680d393b7f6a4171c0151?pvs=21),Online banking
ขนม,THB 31.60,🍴Eating_JUL26 (https://app.notion.com/p/Eating_JUL26-2c90423c142680f3ba82c16f50bc7ad9?pvs=21),No,"July 14, 2026",July 26 (https://app.notion.com/p/July-26-2c90423c142680d393b7f6a4171c0151?pvs=21),Online banking
ข้าวโรงอาหาร,THB 105.00,🍴Eating_JUL26 (https://app.notion.com/p/Eating_JUL26-2c90423c142680f3ba82c16f50bc7ad9?pvs=21),No,"July 15, 2026",July 26 (https://app.notion.com/p/July-26-2c90423c142680d393b7f6a4171c0151?pvs=21),Online banking
Bangkok Airways Sukhothai Half Marathon 2026,"THB 1,530.00",💊Health & Fitness_JUL26 (https://app.notion.com/p/Health-Fitness_JUL26-2c90423c1426803dac22f06e2fc768b9?pvs=21),No,"July 15, 2026",July 26 (https://app.notion.com/p/July-26-2c90423c142680d393b7f6a4171c0151?pvs=21),Online banking
บินไปเรียน TOT,THB 370.78,✈️Travel_JUL26 (https://app.notion.com/p/Travel_JUL26-2c90423c14268002b5c6fb19f6dd613b?pvs=21),No,"July 16, 2026",July 26 (https://app.notion.com/p/July-26-2c90423c142680d393b7f6a4171c0151?pvs=21),Credit card
โรงอาหาร,THB 110.00,🍴Eating_JUL26 (https://app.notion.com/p/Eating_JUL26-2c90423c142680f3ba82c16f50bc7ad9?pvs=21),No,"July 17, 2026",July 26 (https://app.notion.com/p/July-26-2c90423c142680d393b7f6a4171c0151?pvs=21),Online banking
Food,THB 124.50,🍴Eating_JUL26 (https://app.notion.com/p/Eating_JUL26-2c90423c142680f3ba82c16f50bc7ad9?pvs=21),No,"July 17, 2026",July 26 (https://app.notion.com/p/July-26-2c90423c142680d393b7f6a4171c0151?pvs=21),Online banking
Amazon,THB 240.00,🍴Eating_JUL26 (https://app.notion.com/p/Eating_JUL26-2c90423c142680f3ba82c16f50bc7ad9?pvs=21),No,"July 18, 2026",July 26 (https://app.notion.com/p/July-26-2c90423c142680d393b7f6a4171c0151?pvs=21),Online banking
Yayoi,"THB 1,195.00",🍴Eating_JUL26 (https://app.notion.com/p/Eating_JUL26-2c90423c142680f3ba82c16f50bc7ad9?pvs=21),No,"July 18, 2026",July 26 (https://app.notion.com/p/July-26-2c90423c142680d393b7f6a4171c0151?pvs=21),Online banking
ยา,THB 90.00,💊Health & Fitness_JUL26 (https://app.notion.com/p/Health-Fitness_JUL26-2c90423c1426803dac22f06e2fc768b9?pvs=21),No,"July 18, 2026",July 26 (https://app.notion.com/p/July-26-2c90423c142680d393b7f6a4171c0151?pvs=21),Online banking
งานบวชลูกพี่หม่อม,THB 500.00,❤️Lover_JUL26 (https://app.notion.com/p/Lover_JUL26-2c90423c14268027a9bbd5138195874a?pvs=21),No,"July 18, 2026",July 26 (https://app.notion.com/p/July-26-2c90423c142680d393b7f6a4171c0151?pvs=21),Online banking
Food,THB 20.00,🍴Eating_JUL26 (https://app.notion.com/p/Eating_JUL26-2c90423c142680f3ba82c16f50bc7ad9?pvs=21),No,"July 19, 2026",July 26 (https://app.notion.com/p/July-26-2c90423c142680d393b7f6a4171c0151?pvs=21),Online banking
Seven,THB 148.75,🍴Eating_JUL26 (https://app.notion.com/p/Eating_JUL26-2c90423c142680f3ba82c16f50bc7ad9?pvs=21),No,"July 21, 2026",July 26 (https://app.notion.com/p/July-26-2c90423c142680d393b7f6a4171c0151?pvs=21),Online banking
ไข่ ข้าว,THB 74.00,🍴Eating_JUL26 (https://app.notion.com/p/Eating_JUL26-2c90423c142680f3ba82c16f50bc7ad9?pvs=21),No,"July 22, 2026",July 26 (https://app.notion.com/p/July-26-2c90423c142680d393b7f6a4171c0151?pvs=21),Online banking
ของให้พี่เปิ้ล,THB 500.00,❤️Lover_JUL26 (https://app.notion.com/p/Lover_JUL26-2c90423c14268027a9bbd5138195874a?pvs=21),No,"July 22, 2026",July 26 (https://app.notion.com/p/July-26-2c90423c142680d393b7f6a4171c0151?pvs=21),Online banking
Food,THB 50.00,🍴Eating_JUL26 (https://app.notion.com/p/Eating_JUL26-2c90423c142680f3ba82c16f50bc7ad9?pvs=21),No,"July 24, 2026",July 26 (https://app.notion.com/p/July-26-2c90423c142680d393b7f6a4171c0151?pvs=21),Online banking
ธีม SCB,THB 37.00,🎮Entertainment_JUL26 (https://app.notion.com/p/Entertainment_JUL26-2c90423c14268091bf7ddca5ea4ed364?pvs=21),No,"July 24, 2026",July 26 (https://app.notion.com/p/July-26-2c90423c142680d393b7f6a4171c0151?pvs=21),Online banking
ดูหนัง,THB 360.00,🎮Entertainment_JUL26 (https://app.notion.com/p/Entertainment_JUL26-2c90423c14268091bf7ddca5ea4ed364?pvs=21),No,"July 24, 2026",July 26 (https://app.notion.com/p/July-26-2c90423c142680d393b7f6a4171c0151?pvs=21),Online banking
Daily queen,THB 69.00,🍴Eating_JUL26 (https://app.notion.com/p/Eating_JUL26-2c90423c142680f3ba82c16f50bc7ad9?pvs=21),No,"July 24, 2026",July 26 (https://app.notion.com/p/July-26-2c90423c142680d393b7f6a4171c0151?pvs=21),Online banking
ขนม,THB 64.00,🍴Eating_JUL26 (https://app.notion.com/p/Eating_JUL26-2c90423c142680f3ba82c16f50bc7ad9?pvs=21),No,"July 24, 2026",July 26 (https://app.notion.com/p/July-26-2c90423c142680d393b7f6a4171c0151?pvs=21),Online banking
ป้าดา,THB 116.00,🍴Eating_JUL26 (https://app.notion.com/p/Eating_JUL26-2c90423c142680f3ba82c16f50bc7ad9?pvs=21),No,"July 25, 2026",July 26 (https://app.notion.com/p/July-26-2c90423c142680d393b7f6a4171c0151?pvs=21),Online banking
แซ่บปาก,THB 295.00,🍴Eating_JUL26 (https://app.notion.com/p/Eating_JUL26-2c90423c142680f3ba82c16f50bc7ad9?pvs=21),No,"July 25, 2026",July 26 (https://app.notion.com/p/July-26-2c90423c142680d393b7f6a4171c0151?pvs=21),Online banking
ผลไม้,THB 43.20,🍴Eating_JUL26 (https://app.notion.com/p/Eating_JUL26-2c90423c142680f3ba82c16f50bc7ad9?pvs=21),No,"July 26, 2026",July 26 (https://app.notion.com/p/July-26-2c90423c142680d393b7f6a4171c0151?pvs=21),Online banking
ผึ้งน้อย,THB 129.60,🍴Eating_JUL26 (https://app.notion.com/p/Eating_JUL26-2c90423c142680f3ba82c16f50bc7ad9?pvs=21),No,"July 27, 2026",July 26 (https://app.notion.com/p/July-26-2c90423c142680d393b7f6a4171c0151?pvs=21),Online banking
ไข่,THB 36.00,🍴Eating_JUL26 (https://app.notion.com/p/Eating_JUL26-2c90423c142680f3ba82c16f50bc7ad9?pvs=21),No,"July 28, 2026",July 26 (https://app.notion.com/p/July-26-2c90423c142680d393b7f6a4171c0151?pvs=21),Online banking
Inthanin,THB 138.50,🍴Eating_JUL26 (https://app.notion.com/p/Eating_JUL26-2c90423c142680f3ba82c16f50bc7ad9?pvs=21),No,"July 28, 2026",July 26 (https://app.notion.com/p/July-26-2c90423c142680d393b7f6a4171c0151?pvs=21),Online banking
Amazon,THB 60.00,🍴Eating_JUL26 (https://app.notion.com/p/Eating_JUL26-2c90423c142680f3ba82c16f50bc7ad9?pvs=21),No,"July 29, 2026",July 26 (https://app.notion.com/p/July-26-2c90423c142680d393b7f6a4171c0151?pvs=21),Online banking
ข้าวมันไก่ต้ม,THB 50.00,🍴Eating_JUL26 (https://app.notion.com/p/Eating_JUL26-2c90423c142680f3ba82c16f50bc7ad9?pvs=21),No,"July 29, 2026",July 26 (https://app.notion.com/p/July-26-2c90423c142680d393b7f6a4171c0151?pvs=21),Online banking
ยา,THB 585.00,💊Health & Fitness_JUL26 (https://app.notion.com/p/Health-Fitness_JUL26-2c90423c1426803dac22f06e2fc768b9?pvs=21),No,"July 30, 2026",July 26 (https://app.notion.com/p/July-26-2c90423c142680d393b7f6a4171c0151?pvs=21),Online banking
หมูแท่ง หมูสวรรค์,THB 600.00,🍴Eating_JUL26 (https://app.notion.com/p/Eating_JUL26-2c90423c142680f3ba82c16f50bc7ad9?pvs=21),No,"July 31, 2026",July 26 (https://app.notion.com/p/July-26-2c90423c142680d393b7f6a4171c0151?pvs=21),Online banking
Oil,THB 630.00,🛢️Transportation_AUG26 (https://app.notion.com/p/Transportation_AUG26-2c90423c1426801092b0f6ca33032585?pvs=21),No,"August 2, 2026",August 26 (https://app.notion.com/p/August-26-2c90423c142680fba880e8c43ce32ecb?pvs=21),Credit card
Seven,THB 83.00,🍴Eating_AUG26 (https://app.notion.com/p/Eating_AUG26-2c90423c1426802cad1cd61943b70d8f?pvs=21),No,"August 2, 2026",August 26 (https://app.notion.com/p/August-26-2c90423c142680fba880e8c43ce32ecb?pvs=21),Online banking
Seven,THB 192.25,🍴Eating_AUG26 (https://app.notion.com/p/Eating_AUG26-2c90423c1426802cad1cd61943b70d8f?pvs=21),No,"August 4, 2026",August 26 (https://app.notion.com/p/August-26-2c90423c142680fba880e8c43ce32ecb?pvs=21),Online banking
Coffee,THB 776.00,🛍️Shopping_AUG26 (https://app.notion.com/p/Shopping_AUG26-2c90423c14268036a09eca7061800dfb?pvs=21),No,"August 4, 2026",August 26 (https://app.notion.com/p/August-26-2c90423c142680fba880e8c43ce32ecb?pvs=21),Credit card
บะหมี่สดซีเกมส์,THB 50.00,🍴Eating_AUG26 (https://app.notion.com/p/Eating_AUG26-2c90423c1426802cad1cd61943b70d8f?pvs=21),No,"August 5, 2026",August 26 (https://app.notion.com/p/August-26-2c90423c142680fba880e8c43ce32ecb?pvs=21),Online banking
ขูดหินปูน,"THB 1,600.00",💊Health & Fitness_AUG26 (https://app.notion.com/p/Health-Fitness_AUG26-2c90423c142680b1b5b0fbc863a78995?pvs=21),No,"August 5, 2026",August 26 (https://app.notion.com/p/August-26-2c90423c142680fba880e8c43ce32ecb?pvs=21),Online banking
Seven,THB 70.00,🍴Eating_AUG26 (https://app.notion.com/p/Eating_AUG26-2c90423c1426802cad1cd61943b70d8f?pvs=21),No,"August 5, 2026",August 26 (https://app.notion.com/p/August-26-2c90423c142680fba880e8c43ce32ecb?pvs=21),Online banking
Food,THB 62.00,🍴Eating_AUG26 (https://app.notion.com/p/Eating_AUG26-2c90423c1426802cad1cd61943b70d8f?pvs=21),No,"August 7, 2026",August 26 (https://app.notion.com/p/August-26-2c90423c142680fba880e8c43ce32ecb?pvs=21),Online banking
ค่างานประชุมราชฯ,"THB 3,300.00",📖Education_AUG26 (https://app.notion.com/p/Education_AUG26-2c90423c1426808798dbdd12425f5f32?pvs=21),No,"August 7, 2026",August 26 (https://app.notion.com/p/August-26-2c90423c142680fba880e8c43ce32ecb?pvs=21),Online banking
Oil,THB 770.00,🛢️Transportation_AUG26 (https://app.notion.com/p/Transportation_AUG26-2c90423c1426801092b0f6ca33032585?pvs=21),No,"August 8, 2026",August 26 (https://app.notion.com/p/August-26-2c90423c142680fba880e8c43ce32ecb?pvs=21),Credit card
Inthanin,THB 180.00,🍴Eating_AUG26 (https://app.notion.com/p/Eating_AUG26-2c90423c1426802cad1cd61943b70d8f?pvs=21),No,"August 8, 2026",August 26 (https://app.notion.com/p/August-26-2c90423c142680fba880e8c43ce32ecb?pvs=21),Online banking
GOOJODOQ Universal Stylus,THB 175.00,🛍️Shopping_AUG26 (https://app.notion.com/p/Shopping_AUG26-2c90423c14268036a09eca7061800dfb?pvs=21),No,"August 8, 2026",August 26 (https://app.notion.com/p/August-26-2c90423c142680fba880e8c43ce32ecb?pvs=21),Credit card
Logeski,THB 246.00,🛍️Shopping_AUG26 (https://app.notion.com/p/Shopping_AUG26-2c90423c14268036a09eca7061800dfb?pvs=21),No,"August 8, 2026",August 26 (https://app.notion.com/p/August-26-2c90423c142680fba880e8c43ce32ecb?pvs=21),Credit card
ไม้ถู x 2,THB 495.00,🛍️Shopping_AUG26 (https://app.notion.com/p/Shopping_AUG26-2c90423c14268036a09eca7061800dfb?pvs=21),No,"August 9, 2026",August 26 (https://app.notion.com/p/August-26-2c90423c142680fba880e8c43ce32ecb?pvs=21),Credit card
Macro,"THB 1,897.50",🛍️Shopping_AUG26 (https://app.notion.com/p/Shopping_AUG26-2c90423c14268036a09eca7061800dfb?pvs=21),No,"August 9, 2026",August 26 (https://app.notion.com/p/August-26-2c90423c142680fba880e8c43ce32ecb?pvs=21),Credit card
Yuedpao,THB 790.00,🛍️Shopping_AUG26 (https://app.notion.com/p/Shopping_AUG26-2c90423c14268036a09eca7061800dfb?pvs=21),No,"August 12, 2026",August 26 (https://app.notion.com/p/August-26-2c90423c142680fba880e8c43ce32ecb?pvs=21),Credit card
Gym,THB 80.00,💊Health & Fitness_AUG26 (https://app.notion.com/p/Health-Fitness_AUG26-2c90423c142680b1b5b0fbc863a78995?pvs=21),No,"August 12, 2026",August 26 (https://app.notion.com/p/August-26-2c90423c142680fba880e8c43ce32ecb?pvs=21),Online banking
"Seven ",THB 170.00,🍴Eating_AUG26 (https://app.notion.com/p/Eating_AUG26-2c90423c1426802cad1cd61943b70d8f?pvs=21),No,"August 12, 2026",August 26 (https://app.notion.com/p/August-26-2c90423c142680fba880e8c43ce32ecb?pvs=21),Online banking
Solumie ที่พักงานราช,"THB 5,627.19",✈️Travel_AUG26 (https://app.notion.com/p/Travel_AUG26-2c90423c1426806fb50ee0b5f065cc81?pvs=21),No,"August 13, 2026",August 26 (https://app.notion.com/p/August-26-2c90423c142680fba880e8c43ce32ecb?pvs=21),Credit card
Food,THB 65.00,🍴Eating_AUG26 (https://app.notion.com/p/Eating_AUG26-2c90423c1426802cad1cd61943b70d8f?pvs=21),No,"August 14, 2026",August 26 (https://app.notion.com/p/August-26-2c90423c142680fba880e8c43ce32ecb?pvs=21),Online banking
ฝน เฟดเฟ่,THB 66.80,🍴Eating_AUG26 (https://app.notion.com/p/Eating_AUG26-2c90423c1426802cad1cd61943b70d8f?pvs=21),No,"August 14, 2026",August 26 (https://app.notion.com/p/August-26-2c90423c142680fba880e8c43ce32ecb?pvs=21),Online banking
ก๋วยเตี๋ยวตาลอย,THB 48.24,🍴Eating_AUG26 (https://app.notion.com/p/Eating_AUG26-2c90423c1426802cad1cd61943b70d8f?pvs=21),No,"August 15, 2026",August 26 (https://app.notion.com/p/August-26-2c90423c142680fba880e8c43ce32ecb?pvs=21),Online banking
S.light,THB 86.00,🍴Eating_AUG26 (https://app.notion.com/p/Eating_AUG26-2c90423c1426802cad1cd61943b70d8f?pvs=21),No,"August 16, 2026",August 26 (https://app.notion.com/p/August-26-2c90423c142680fba880e8c43ce32ecb?pvs=21),Online banking
รถตู้มาฟิวเจอร์,THB 60.00,🛢️Transportation_AUG26 (https://app.notion.com/p/Transportation_AUG26-2c90423c1426801092b0f6ca33032585?pvs=21),No,"August 16, 2026",August 26 (https://app.notion.com/p/August-26-2c90423c142680fba880e8c43ce32ecb?pvs=21),Money
Eat am are,THB 377.00,🍴Eating_AUG26 (https://app.notion.com/p/Eating_AUG26-2c90423c1426802cad1cd61943b70d8f?pvs=21),No,"August 16, 2026",August 26 (https://app.notion.com/p/August-26-2c90423c142680fba880e8c43ce32ecb?pvs=21),Online banking
Book,THB 442.25,📖Education_AUG26 (https://app.notion.com/p/Education_AUG26-2c90423c1426808798dbdd12425f5f32?pvs=21),No,"August 16, 2026",August 26 (https://app.notion.com/p/August-26-2c90423c142680fba880e8c43ce32ecb?pvs=21),Online banking
น้ำยาบ้วนปาก,THB 87.00,🍴Eating_AUG26 (https://app.notion.com/p/Eating_AUG26-2c90423c1426802cad1cd61943b70d8f?pvs=21),No,"August 16, 2026",August 26 (https://app.notion.com/p/August-26-2c90423c142680fba880e8c43ce32ecb?pvs=21),Online banking
Food,THB 130.00,🍴Eating_AUG26 (https://app.notion.com/p/Eating_AUG26-2c90423c1426802cad1cd61943b70d8f?pvs=21),No,"August 17, 2026",August 26 (https://app.notion.com/p/August-26-2c90423c142680fba880e8c43ce32ecb?pvs=21),Online banking
Seven,THB 166.00,🍴Eating_AUG26 (https://app.notion.com/p/Eating_AUG26-2c90423c1426802cad1cd61943b70d8f?pvs=21),No,"August 17, 2026",August 26 (https://app.notion.com/p/August-26-2c90423c142680fba880e8c43ce32ecb?pvs=21),Online banking
โอ้กะจู๋,THB 551.00,🍴Eating_AUG26 (https://app.notion.com/p/Eating_AUG26-2c90423c1426802cad1cd61943b70d8f?pvs=21),No,"August 18, 2026",August 26 (https://app.notion.com/p/August-26-2c90423c142680fba880e8c43ce32ecb?pvs=21),Credit card
ยา,THB 27.00,💊Health & Fitness_AUG26 (https://app.notion.com/p/Health-Fitness_AUG26-2c90423c142680b1b5b0fbc863a78995?pvs=21),No,"August 18, 2026",August 26 (https://app.notion.com/p/August-26-2c90423c142680fba880e8c43ce32ecb?pvs=21),Online banking
ขนมไทย,THB 325.00,🍴Eating_AUG26 (https://app.notion.com/p/Eating_AUG26-2c90423c1426802cad1cd61943b70d8f?pvs=21),No,"August 19, 2026",August 26 (https://app.notion.com/p/August-26-2c90423c142680fba880e8c43ce32ecb?pvs=21),Online banking
ผลไม้,THB 56.00,🍴Eating_AUG26 (https://app.notion.com/p/Eating_AUG26-2c90423c1426802cad1cd61943b70d8f?pvs=21),No,"August 21, 2026",August 26 (https://app.notion.com/p/August-26-2c90423c142680fba880e8c43ce32ecb?pvs=21),Online banking
น้ำยาซักผ้า,THB 61.20,🛍️Shopping_AUG26 (https://app.notion.com/p/Shopping_AUG26-2c90423c14268036a09eca7061800dfb?pvs=21),No,"August 21, 2026",August 26 (https://app.notion.com/p/August-26-2c90423c142680fba880e8c43ce32ecb?pvs=21),Online banking
หยอดหู แปรง,THB 272.00,🐱Cat_AUG26 (https://app.notion.com/p/Cat_AUG26-2c90423c1426803e9cbbc55b16609daf?pvs=21),No,"August 22, 2026",August 26 (https://app.notion.com/p/August-26-2c90423c142680fba880e8c43ce32ecb?pvs=21),Credit card
หอมเชย,THB 221.00,🍴Eating_AUG26 (https://app.notion.com/p/Eating_AUG26-2c90423c1426802cad1cd61943b70d8f?pvs=21),No,"August 22, 2026",August 26 (https://app.notion.com/p/August-26-2c90423c142680fba880e8c43ce32ecb?pvs=21),Online banking
Belowbar,THB 76.00,🍴Eating_AUG26 (https://app.notion.com/p/Eating_AUG26-2c90423c1426802cad1cd61943b70d8f?pvs=21),No,"August 23, 2026",August 26 (https://app.notion.com/p/August-26-2c90423c142680fba880e8c43ce32ecb?pvs=21),Online banking
Oil,THB 750.00,🛢️Transportation_AUG26 (https://app.notion.com/p/Transportation_AUG26-2c90423c1426801092b0f6ca33032585?pvs=21),No,"August 24, 2026",August 26 (https://app.notion.com/p/August-26-2c90423c142680fba880e8c43ce32ecb?pvs=21),Credit card
Black coffee,THB 60.00,🍴Eating_AUG26 (https://app.notion.com/p/Eating_AUG26-2c90423c1426802cad1cd61943b70d8f?pvs=21),No,"August 25, 2026",August 26 (https://app.notion.com/p/August-26-2c90423c142680fba880e8c43ce32ecb?pvs=21),Online banking
B fitness,THB 80.00,💊Health & Fitness_AUG26 (https://app.notion.com/p/Health-Fitness_AUG26-2c90423c142680b1b5b0fbc863a78995?pvs=21),No,"August 25, 2026",August 26 (https://app.notion.com/p/August-26-2c90423c142680fba880e8c43ce32ecb?pvs=21),Online banking
B fitness,THB 80.00,💊Health & Fitness_AUG26 (https://app.notion.com/p/Health-Fitness_AUG26-2c90423c142680b1b5b0fbc863a78995?pvs=21),No,"August 27, 2026",August 26 (https://app.notion.com/p/August-26-2c90423c142680fba880e8c43ce32ecb?pvs=21),Online banking
Grains society,THB 130.00,🍴Eating_AUG26 (https://app.notion.com/p/Eating_AUG26-2c90423c1426802cad1cd61943b70d8f?pvs=21),No,"August 29, 2026",August 26 (https://app.notion.com/p/August-26-2c90423c142680fba880e8c43ce32ecb?pvs=21),Online banking
ไข่,THB 19.20,🍴Eating_AUG26 (https://app.notion.com/p/Eating_AUG26-2c90423c1426802cad1cd61943b70d8f?pvs=21),No,"August 29, 2026",August 26 (https://app.notion.com/p/August-26-2c90423c142680fba880e8c43ce32ecb?pvs=21),Online banking
Below bar,THB 62.00,🍴Eating_AUG26 (https://app.notion.com/p/Eating_AUG26-2c90423c1426802cad1cd61943b70d8f?pvs=21),No,"August 30, 2026",August 26 (https://app.notion.com/p/August-26-2c90423c142680fba880e8c43ce32ecb?pvs=21),Online banking
สหกรณ์,THB 105.00,🍴Eating_AUG26 (https://app.notion.com/p/Eating_AUG26-2c90423c1426802cad1cd61943b70d8f?pvs=21),No,"August 31, 2026",August 26 (https://app.notion.com/p/August-26-2c90423c142680fba880e8c43ce32ecb?pvs=21),Online banking
Swensen,THB 199.00,🍴Eating_AUG26 (https://app.notion.com/p/Eating_AUG26-2c90423c1426802cad1cd61943b70d8f?pvs=21),No,"August 31, 2026",August 26 (https://app.notion.com/p/August-26-2c90423c142680fba880e8c43ce32ecb?pvs=21),Online banking
Food,THB 38.00,🍴Eating_SEP26 (https://app.notion.com/p/Eating_SEP26-2c90423c1426808c88e6e0012ac54258?pvs=21),No,"September 1, 2026",September 26 (https://app.notion.com/p/September-26-2c90423c14268048a101f40e9525c9f2?pvs=21),Online banking
Seven,THB 190.75,🍴Eating_SEP26 (https://app.notion.com/p/Eating_SEP26-2c90423c1426808c88e6e0012ac54258?pvs=21),No,"September 1, 2026",September 26 (https://app.notion.com/p/September-26-2c90423c14268048a101f40e9525c9f2?pvs=21),Online banking
Five star,THB 75.00,🍴Eating_SEP26 (https://app.notion.com/p/Eating_SEP26-2c90423c1426808c88e6e0012ac54258?pvs=21),No,"September 2, 2026",September 26 (https://app.notion.com/p/September-26-2c90423c14268048a101f40e9525c9f2?pvs=21),Online banking
Vietnam,"THB 16,026.88",✈️Travel_AUG26 (https://app.notion.com/p/Travel_AUG26-2c90423c1426806fb50ee0b5f065cc81?pvs=21),No,"August 25, 2026",August 26 (https://app.notion.com/p/August-26-2c90423c142680fba880e8c43ce32ecb?pvs=21),Credit card
Seven,THB 214.50,🍴Eating_SEP26 (https://app.notion.com/p/Eating_SEP26-2c90423c1426808c88e6e0012ac54258?pvs=21),No,"September 4, 2026",September 26 (https://app.notion.com/p/September-26-2c90423c14268048a101f40e9525c9f2?pvs=21),Online banking
Coffee,THB 692.00,🛍️Shopping_SEP26 (https://app.notion.com/p/Shopping_SEP26-2c90423c1426804d9d1be4cae187bb37?pvs=21),No,"September 4, 2026",September 26 (https://app.notion.com/p/September-26-2c90423c14268048a101f40e9525c9f2?pvs=21),Credit card
Food,THB 40.00,🍴Eating_SEP26 (https://app.notion.com/p/Eating_SEP26-2c90423c1426808c88e6e0012ac54258?pvs=21),No,"September 4, 2026",September 26 (https://app.notion.com/p/September-26-2c90423c14268048a101f40e9525c9f2?pvs=21),Online banking
ครัวหลังวัง,THB 200.00,🍴Eating_SEP26 (https://app.notion.com/p/Eating_SEP26-2c90423c1426808c88e6e0012ac54258?pvs=21),No,"September 5, 2026",September 26 (https://app.notion.com/p/September-26-2c90423c14268048a101f40e9525c9f2?pvs=21),Online banking
Seven,THB 102.00,🍴Eating_SEP26 (https://app.notion.com/p/Eating_SEP26-2c90423c1426808c88e6e0012ac54258?pvs=21),No,"September 5, 2026",September 26 (https://app.notion.com/p/September-26-2c90423c14268048a101f40e9525c9f2?pvs=21),Online banking
จันทร์เต๊ง,THB 233.00,🍴Eating_SEP26 (https://app.notion.com/p/Eating_SEP26-2c90423c1426808c88e6e0012ac54258?pvs=21),No,"September 5, 2026",September 26 (https://app.notion.com/p/September-26-2c90423c14268048a101f40e9525c9f2?pvs=21),Online banking
น้ำเต้าหู้ป๋องแป๋ง,THB 26.00,🍴Eating_SEP26 (https://app.notion.com/p/Eating_SEP26-2c90423c1426808c88e6e0012ac54258?pvs=21),No,"September 5, 2026",September 26 (https://app.notion.com/p/September-26-2c90423c14268048a101f40e9525c9f2?pvs=21),Online banking
คัมภัร์หุ้นเทค,THB 219.00,📖Education_SEP26 (https://app.notion.com/p/Education_SEP26-2c90423c142680efb467d6618cbec2fb?pvs=21),No,"September 6, 2026",September 26 (https://app.notion.com/p/September-26-2c90423c14268048a101f40e9525c9f2?pvs=21),Online banking
"Refreshing ",THB 180.00,🍴Eating_SEP26 (https://app.notion.com/p/Eating_SEP26-2c90423c1426808c88e6e0012ac54258?pvs=21),No,"September 6, 2026",September 26 (https://app.notion.com/p/September-26-2c90423c14268048a101f40e9525c9f2?pvs=21),Online banking
Silverspoon,THB 162.00,🍴Eating_SEP26 (https://app.notion.com/p/Eating_SEP26-2c90423c1426808c88e6e0012ac54258?pvs=21),No,"September 6, 2026",September 26 (https://app.notion.com/p/September-26-2c90423c14268048a101f40e9525c9f2?pvs=21),Online banking
ป้าเพ็ญลึกลับ,THB 90.00,🍴Eating_SEP26 (https://app.notion.com/p/Eating_SEP26-2c90423c1426808c88e6e0012ac54258?pvs=21),No,"September 8, 2026",September 26 (https://app.notion.com/p/September-26-2c90423c14268048a101f40e9525c9f2?pvs=21),Online banking
Seven,THB 155.75,🍴Eating_SEP26 (https://app.notion.com/p/Eating_SEP26-2c90423c1426808c88e6e0012ac54258?pvs=21),No,"September 8, 2026",September 26 (https://app.notion.com/p/September-26-2c90423c14268048a101f40e9525c9f2?pvs=21),Online banking
หัวแปรงไฟฟ้า,THB 567.00,🛍️Shopping_SEP26 (https://app.notion.com/p/Shopping_SEP26-2c90423c1426804d9d1be4cae187bb37?pvs=21),No,"September 9, 2026",September 26 (https://app.notion.com/p/September-26-2c90423c14268048a101f40e9525c9f2?pvs=21),Credit card
Romar กระเป๋าเดินทาง,"THB 1,386.00",🛍️Shopping_SEP26 (https://app.notion.com/p/Shopping_SEP26-2c90423c1426804d9d1be4cae187bb37?pvs=21),No,"September 9, 2026",September 26 (https://app.notion.com/p/September-26-2c90423c14268048a101f40e9525c9f2?pvs=21),Credit card
Oil,THB 860.00,🛢️Transportation_SEP26 (https://app.notion.com/p/Transportation_SEP26-2c90423c142680dab13cc2aeae031264?pvs=21),No,"September 10, 2026",September 26 (https://app.notion.com/p/September-26-2c90423c14268048a101f40e9525c9f2?pvs=21),Credit card
ดีเฮง,THB 115.00,🍴Eating_SEP26 (https://app.notion.com/p/Eating_SEP26-2c90423c1426808c88e6e0012ac54258?pvs=21),No,"September 10, 2026",September 26 (https://app.notion.com/p/September-26-2c90423c14268048a101f40e9525c9f2?pvs=21),Online banking
กระเพรา + HOP,THB 71.60,🍴Eating_SEP26 (https://app.notion.com/p/Eating_SEP26-2c90423c1426808c88e6e0012ac54258?pvs=21),No,"September 11, 2026",September 26 (https://app.notion.com/p/September-26-2c90423c14268048a101f40e9525c9f2?pvs=21),Online banking
จ๊ะจ๋า,THB 110.00,🍴Eating_SEP26 (https://app.notion.com/p/Eating_SEP26-2c90423c1426808c88e6e0012ac54258?pvs=21),No,"September 12, 2026",September 26 (https://app.notion.com/p/September-26-2c90423c14268048a101f40e9525c9f2?pvs=21),Online banking
ไข่ โรออน ทิชชู่,THB 77.20,🍴Eating_SEP26 (https://app.notion.com/p/Eating_SEP26-2c90423c1426808c88e6e0012ac54258?pvs=21),No,"September 12, 2026",September 26 (https://app.notion.com/p/September-26-2c90423c14268048a101f40e9525c9f2?pvs=21),Online banking
หรรษา คาเฟ่,THB 86.00,🍴Eating_SEP26 (https://app.notion.com/p/Eating_SEP26-2c90423c1426808c88e6e0012ac54258?pvs=21),No,"September 13, 2026",September 26 (https://app.notion.com/p/September-26-2c90423c14268048a101f40e9525c9f2?pvs=21),Online banking
Lineman VIP,THB 99.00,🛍️Shopping_SEP26 (https://app.notion.com/p/Shopping_SEP26-2c90423c1426804d9d1be4cae187bb37?pvs=21),No,"September 14, 2026",September 26 (https://app.notion.com/p/September-26-2c90423c14268048a101f40e9525c9f2?pvs=21),Credit card
สหกรณ์,THB 152.00,🍴Eating_SEP26 (https://app.notion.com/p/Eating_SEP26-2c90423c1426808c88e6e0012ac54258?pvs=21),No,"September 15, 2026",September 26 (https://app.notion.com/p/September-26-2c90423c14268048a101f40e9525c9f2?pvs=21),Online banking
B fitness,THB 85.00,💊Health & Fitness_SEP26 (https://app.notion.com/p/Health-Fitness_SEP26-2c90423c14268010991bf615eaf146b0?pvs=21),No,"September 15, 2026",September 26 (https://app.notion.com/p/September-26-2c90423c14268048a101f40e9525c9f2?pvs=21),Online banking
Fire emblem Forture’s weave,"THB 2,430.00",🎮Entertainment_SEP26 (https://app.notion.com/p/Entertainment_SEP26-2c90423c142680c2a5f0e5778dee65ff?pvs=21),No,"September 17, 2026",September 26 (https://app.notion.com/p/September-26-2c90423c14268048a101f40e9525c9f2?pvs=21),Credit card
Gym,THB 80.00,💊Health & Fitness_SEP26 (https://app.notion.com/p/Health-Fitness_SEP26-2c90423c14268010991bf615eaf146b0?pvs=21),No,"September 17, 2026",September 26 (https://app.notion.com/p/September-26-2c90423c14268048a101f40e9525c9f2?pvs=21),Online banking
Food,THB 145.00,🍴Eating_SEP26 (https://app.notion.com/p/Eating_SEP26-2c90423c1426808c88e6e0012ac54258?pvs=21),No,"September 17, 2026",September 26 (https://app.notion.com/p/September-26-2c90423c14268048a101f40e9525c9f2?pvs=21),Online banking
เจ๊เกี้ย,THB 120.00,🍴Eating_SEP26 (https://app.notion.com/p/Eating_SEP26-2c90423c1426808c88e6e0012ac54258?pvs=21),No,"September 19, 2026",September 26 (https://app.notion.com/p/September-26-2c90423c14268048a101f40e9525c9f2?pvs=21),Online banking
ONE TO TWO,THB 105.00,🍴Eating_SEP26 (https://app.notion.com/p/Eating_SEP26-2c90423c1426808c88e6e0012ac54258?pvs=21),No,"September 19, 2026",September 26 (https://app.notion.com/p/September-26-2c90423c14268048a101f40e9525c9f2?pvs=21),Online banking
เป็นเป็ด,THB 127.60,🍴Eating_SEP26 (https://app.notion.com/p/Eating_SEP26-2c90423c1426808c88e6e0012ac54258?pvs=21),No,"September 20, 2026",September 26 (https://app.notion.com/p/September-26-2c90423c14268048a101f40e9525c9f2?pvs=21),Online banking
Oil,THB 800.00,🛢️Transportation_SEP26 (https://app.notion.com/p/Transportation_SEP26-2c90423c142680dab13cc2aeae031264?pvs=21),No,"September 20, 2026",September 26 (https://app.notion.com/p/September-26-2c90423c14268048a101f40e9525c9f2?pvs=21),Credit card
Maxmart,THB 104.00,🍴Eating_SEP26 (https://app.notion.com/p/Eating_SEP26-2c90423c1426808c88e6e0012ac54258?pvs=21),No,"September 20, 2026",September 26 (https://app.notion.com/p/September-26-2c90423c14268048a101f40e9525c9f2?pvs=21),Online banking
สวนขวด Terrarium,THB 397.00,❤️Lover_SEP26 (https://app.notion.com/p/Lover_SEP26-2c90423c142680b4ad8aca56f2b665fc?pvs=21),No,"September 21, 2026",September 26 (https://app.notion.com/p/September-26-2c90423c14268048a101f40e9525c9f2?pvs=21),Credit card